Customer_ID,Age,Gender,City,Customer_Segment,Signup_Date
CUS103567,21,Female,Delhi,Returning,2023-03-10
CUS101322,53,Female,Pune,New,2024-05-10
CUS107134,20,Male,Pune,Returning,2023-08-26
CUS102407,64,Female,Chennai,New,2024-02-13
CUS107131,22,Female,Delhi,New,2023-03-07
CUS105448,58,Male,Bengaluru,Returning,2023-10-07
CUS103023,18,Male,Ahmedabad,Returning,2024-02-04
CUS101533,46,Male,Kolkata,New,2024-12-04
CUS100263,45,Male,Kolkata,Loyal,2025-02-03
CUS100743,60,Male,Delhi,New,2023-11-27
CUS103859,34,Female,Kolkata,Returning,2024-08-23
CUS105095,39,Male,Ahmedabad,New,2023-02-07
CUS106934,56,Male,Bengaluru,New,2023-09-04
CUS104194,47,Female,Hyderabad,New,2024-06-04
CUS104126,51,Male,Pune,High Value,2024-01-21
CUS101703,58,Female,Ahmedabad,Returning,2024-08-29
CUS106701,24,Male,Delhi,New,2024-02-08
CUS104704,45,Male,Chennai,Returning,2024-08-24
CUS105169,27,Female,Bengaluru,Loyal,2023-09-01
CUS105500,40,Male,Kolkata,New,2024-03-17
CUS104782,45,Male,Pune,Returning,2023-03-04
CUS106423,42,Female,Ahmedabad,New,2024-01-26
CUS106666,57,Female,Chennai,Returning,2024-12-09
CUS105356,57,Female,Hyderabad,New,2024-01-27
CUS100800,36,Male,Delhi,Returning,2024-05-22
CUS106721,24,Female,Pune,Returning,2024-10-03
CUS104886,52,Male,Ahmedabad,New,2025-06-11
CUS105586,21,Male,Delhi,New,2023-09-16
CUS106875,24,Female,Kolkata,New,2024-09-15
CUS102131,31,Male,Chennai,Returning,2024-01-04
CUS103616,21,Female,Kolkata,New,2024-11-24
CUS106826,54,Male,Hyderabad,High Value,2024-02-21
CUS105606,27,Male,Chennai,Loyal,2024-05-17
CUS106386,49,Female,Hyderabad,New,2024-11-19
CUS105412,32,Female,Mumbai,High Value,2023-06-09
CUS105196,21,Male,Mumbai,New,2024-03-24
CUS107990,23,Male,Mumbai,Returning,2023-04-04
CUS105708,29,Male,Delhi,High Value,2024-02-17
CUS107765,47,Male,Hyderabad,New,2023-06-04
CUS103951,58,Female,Hyderabad,Returning,2023-06-02
CUS106908,18,Female,Chennai,Returning,2024-12-20
CUS105599,42,Male,Hyderabad,New,2023-02-22
CUS107276,62,Female,Mumbai,Loyal,2025-06-13
CUS103378,23,Female,Pune,New,2023-01-12
CUS107203,43,Male,Delhi,New,2023-10-12
CUS105537,46,Male,Chennai,Returning,2023-07-06
CUS102609,26,Female,Chennai,New,2025-02-10
CUS101142,19,Male,Delhi,Returning,2023-11-01
CUS105121,63,Female,Chennai,High Value,2023-05-22
CUS103033,64,Male,Hyderabad,Returning,2024-11-26
CUS104608,54,Male,Chennai,Returning,2024-12-25
CUS106849,34,Male,Delhi,Loyal,2023-03-31
CUS100503,37,Male,Pune,New,2024-12-07
CUS100233,58,Male,Pune,New,2025-03-02
CUS100518,58,Female,Delhi,Returning,2025-04-07
CUS102080,23,Female,Pune,New,2024-08-23
CUS104546,38,Male,Hyderabad,Returning,2023-02-09
CUS103755,43,Male,Chennai,New,2023-05-31
CUS103379,49,Male,Delhi,High Value,2025-01-29
CUS104498,39,Male,Bengaluru,New,2023-06-29
CUS105273,59,Male,Delhi,Returning,2023-02-22
CUS105670,52,Male,Delhi,New,2024-01-29
CUS106302,29,Male,Kolkata,Returning,2024-11-04
CUS102570,23,Female,Ahmedabad,New,2024-07-30
CUS107223,43,Male,Mumbai,New,2024-01-08
CUS106441,65,Male,Delhi,Returning,2023-04-04
CUS107836,32,Male,Pune,New,2024-07-28
CUS102945,24,Female,Ahmedabad,Loyal,2025-01-25
CUS100748,47,Male,Kolkata,New,2023-06-15
CUS102301,55,Other,Mumbai,Returning,2024-02-20
CUS105920,61,Other,Kolkata,Returning,2024-06-08
CUS105159,31,Male,Bengaluru,Returning,2024-10-27
CUS103257,33,Female,Hyderabad,New,2025-02-06
CUS107480,64,Male,Bengaluru,High Value,2024-12-25
CUS106321,60,Female,Kolkata,High Value,2025-02-23
CUS101618,24,Male,Kolkata,High Value,2024-10-20
CUS103520,65,Female,Bengaluru,Loyal,2023-11-19
CUS107668,63,Male,Bengaluru,New,2024-12-24
CUS101295,65,Male,Mumbai,Loyal,2024-08-04
CUS104015,26,Male,Mumbai,Returning,2024-10-02
CUS106182,54,Male,Hyderabad,New,2023-04-09
CUS101025,31,Male,Pune,New,2024-03-26
CUS106751,32,Male,Mumbai,Returning,2024-11-18
CUS104246,45,Female,Pune,New,2024-06-14
CUS104505,53,Male,Kolkata,Loyal,2024-05-10
CUS103482,18,Female,Pune,New,2024-05-15
CUS100457,23,Male,Hyderabad,Loyal,2024-04-21
CUS104019,32,Female,Mumbai,New,2025-01-09
CUS103684,38,Male,Ahmedabad,Loyal,2024-08-28
CUS100033,32,Male,Mumbai,New,2023-04-19
CUS101199,50,Male,Ahmedabad,Returning,2024-12-30
CUS104871,57,Male,Chennai,Loyal,2024-09-01
CUS101615,35,Male,Ahmedabad,New,2025-05-05
CUS102088,57,Male,Chennai,New,2024-11-07
CUS102465,48,Male,Hyderabad,Loyal,2023-07-14
CUS105133,33,Female,Bengaluru,New,2024-06-10
CUS100222,51,Female,Chennai,New,2023-07-16
CUS100318,19,Male,Kolkata,New,2023-02-26
CUS106434,31,Female,Hyderabad,High Value,2023-04-21
CUS103357,63,Male,Chennai,Returning,2025-04-13
CUS101561,41,Male,Pune,Returning,2024-12-09
CUS100496,44,Female,Chennai,High Value,2023-02-17
CUS104970,37,Female,Bengaluru,High Value,2024-02-08
CUS107417,27,Male,Bengaluru,Returning,2025-03-25
CUS107218,21,Male,Chennai,New,2023-09-11
CUS106744,57,Female,Ahmedabad,New,2023-06-05
CUS107952,49,Male,Hyderabad,Returning,2024-03-22
CUS103497,27,Female,Delhi,New,2025-02-19
CUS101832,40,Other,Bengaluru,High Value,2024-11-24
CUS101197,20,Female,Delhi,Returning,2024-12-12
CUS101183,42,Male,Ahmedabad,New,2025-04-17
CUS100794,37,Male,Delhi,New,2024-11-19
CUS105478,63,Male,Hyderabad,Loyal,2024-03-02
CUS106787,19,Male,Kolkata,New,2023-06-05
CUS103834,55,Female,Mumbai,Returning,2024-08-19
CUS102858,52,Other,Pune,Loyal,2023-10-15
CUS103481,38,Male,Bengaluru,Loyal,2025-02-06
CUS102057,40,Male,Bengaluru,New,2023-08-26
CUS101790,31,Male,Pune,New,2023-04-04
CUS106352,36,Female,Pune,Returning,2023-11-15
CUS107184,20,Male,Ahmedabad,High Value,2024-04-18
CUS103315,42,Female,Delhi,New,2023-08-24
CUS101144,37,Male,Kolkata,Returning,2025-03-03
CUS103803,25,Male,Chennai,New,2024-08-31
CUS105192,45,Other,Chennai,Loyal,2023-02-01
CUS104574,29,Male,Mumbai,Returning,2025-03-23
CUS107264,32,Female,Hyderabad,New,2025-03-13
CUS103460,46,Female,Chennai,Loyal,2023-08-28
CUS101502,31,Female,Hyderabad,Returning,2023-06-10
CUS107606,22,Male,Mumbai,New,2023-01-23
CUS105639,50,Female,Delhi,Returning,2023-04-30
CUS104439,43,Female,Bengaluru,Loyal,2023-03-14
CUS106138,30,Male,Delhi,Returning,2025-03-12
CUS103133,52,Male,Ahmedabad,New,2023-12-13
CUS105723,58,Male,Bengaluru,Loyal,2023-03-02
CUS106109,20,Male,Chennai,New,2025-05-03
CUS102706,26,Female,Chennai,New,2023-05-24
CUS104862,27,Female,Bengaluru,Returning,2024-08-06
CUS106960,60,Female,Chennai,New,2024-02-14
CUS101731,31,Male,Bengaluru,High Value,2023-12-13
CUS101894,18,Female,Kolkata,Loyal,2024-01-14
CUS101544,62,Male,Bengaluru,High Value,2023-05-24
CUS101339,38,Male,Kolkata,Returning,2024-04-06
CUS104707,47,Male,Ahmedabad,Returning,2024-09-19
CUS103113,19,Male,Ahmedabad,High Value,2025-01-30
CUS102835,21,Male,Bengaluru,Returning,2024-09-08
CUS100647,45,Female,Pune,High Value,2024-09-26
CUS104463,56,Male,Chennai,Loyal,2023-09-25
CUS102683,48,Male,Pune,Returning,2024-02-02
CUS107274,44,Female,Pune,Returning,2024-02-24
CUS104679,18,Male,Ahmedabad,Returning,2023-01-15
CUS106652,31,Female,Bengaluru,New,2025-04-26
CUS104094,27,Male,Pune,New,2025-03-28
CUS101053,37,Male,Ahmedabad,Returning,2024-01-01
CUS107173,42,Male,Kolkata,High Value,2024-11-16
CUS106984,55,Female,Kolkata,High Value,2024-04-14
CUS105538,33,Female,Mumbai,High Value,2025-03-07
CUS106477,54,Male,Hyderabad,Returning,2023-07-27
CUS104367,37,Female,Hyderabad,Loyal,2023-06-02
CUS102225,30,Female,Pune,Returning,2023-09-21
CUS100093,26,Male,Mumbai,New,2023-09-13
CUS101882,64,Female,Hyderabad,Returning,2023-08-30
CUS100472,43,Male,Kolkata,High Value,2023-11-21
CUS105171,27,Male,Hyderabad,Loyal,2024-01-24
CUS103728,36,Female,Pune,New,2023-08-10
CUS100101,62,Male,Chennai,New,2024-03-24
CUS103206,52,Female,Mumbai,Returning,2023-01-16
CUS101919,49,Female,Chennai,Returning,2024-12-20
CUS101244,53,Male,Bengaluru,Returning,2023-10-10
CUS104923,46,Male,Mumbai,High Value,2023-11-22
CUS101438,24,Male,Chennai,Loyal,2023-01-26
CUS101746,35,Female,Kolkata,Returning,2023-07-25
CUS105711,62,Other,Kolkata,Loyal,2023-03-14
CUS100908,28,Female,Pune,Returning,2024-09-01
CUS106468,40,Male,Bengaluru,Returning,2023-05-19
CUS102554,64,Female,Bengaluru,New,2024-02-02
CUS101992,29,Female,Pune,New,2024-11-15
CUS103043,30,Female,Pune,New,2023-11-21
CUS100239,37,Female,Pune,New,2023-06-25
CUS106447,29,Other,Hyderabad,New,2024-12-30
CUS105371,56,Female,Delhi,Returning,2023-03-30
CUS106192,45,Female,Pune,New,2024-03-29
CUS102944,39,Male,Hyderabad,New,2023-05-01
CUS104539,25,Male,Mumbai,Returning,2024-08-11
CUS102181,41,Male,Pune,Loyal,2023-05-23
CUS102492,51,Male,Ahmedabad,Loyal,2024-09-12
CUS106355,56,Other,Ahmedabad,New,2024-10-27
CUS105100,36,Female,Bengaluru,Loyal,2023-10-15
CUS106385,45,Male,Pune,New,2023-11-22
CUS104906,61,Female,Hyderabad,New,2023-07-27
CUS103406,44,Female,Kolkata,Returning,2023-09-06
CUS101858,61,Female,Ahmedabad,High Value,2023-03-15
CUS107108,25,Male,Bengaluru,New,2023-07-21
CUS104355,65,Male,Chennai,Returning,2023-01-02
CUS105266,44,Female,Bengaluru,New,2023-01-22
CUS102177,27,Female,Kolkata,New,2023-01-25
CUS100349,55,Other,Pune,Loyal,2024-08-31
CUS103248,20,Female,Kolkata,Loyal,2023-09-19
CUS100554,37,Other,Ahmedabad,Loyal,2024-02-22
CUS107664,37,Female,Ahmedabad,New,2023-09-17
CUS105956,21,Male,Bengaluru,Returning,2023-01-29
CUS107927,40,Male,Chennai,High Value,2024-11-04
CUS106403,27,Male,Hyderabad,Returning,2024-03-23
CUS104074,56,Male,Ahmedabad,New,2024-05-20
CUS100828,19,Female,Pune,Returning,2023-03-14
CUS100586,54,Male,Delhi,New,2023-06-08
CUS105808,22,Male,Bengaluru,Loyal,2023-12-14
CUS102954,38,Female,Hyderabad,High Value,2023-12-09
CUS104381,18,Female,Chennai,New,2024-01-12
CUS104103,60,Male,Kolkata,Returning,2023-06-04
CUS102319,52,Male,Mumbai,Loyal,2024-10-28
CUS107793,57,Male,Bengaluru,New,2025-06-07
CUS104366,50,Male,Kolkata,Loyal,2023-09-20
CUS100429,50,Female,Kolkata,Returning,2023-03-22
CUS105563,38,Female,Hyderabad,Returning,2024-05-31
CUS104587,57,Female,Pune,Returning,2023-01-26
CUS101701,62,Male,Ahmedabad,New,2024-10-30
CUS105013,40,Male,Mumbai,New,2024-01-18
CUS100856,35,Male,Delhi,New,2023-10-17
CUS102913,31,Female,Delhi,New,2024-09-15
CUS104789,50,Female,Kolkata,New,2023-03-18
CUS106922,30,Female,Kolkata,New,2024-07-28
CUS102716,50,Male,Ahmedabad,New,2024-04-30
CUS105035,25,Female,Ahmedabad,New,2023-01-30
CUS107540,19,Female,Ahmedabad,Returning,2023-03-28
CUS103995,36,Male,Kolkata,Returning,2024-09-14
CUS101979,31,Male,Kolkata,New,2023-07-06
CUS103307,20,Male,Kolkata,Returning,2023-06-10
CUS105011,64,Male,Kolkata,Loyal,2023-12-23
CUS106702,58,Female,Ahmedabad,Loyal,2025-06-09
CUS101616,24,Male,Pune,Loyal,2025-03-09
CUS103666,54,Male,Chennai,High Value,2024-01-17
CUS105914,53,Male,Pune,New,2024-01-10
CUS106063,24,Female,Kolkata,Returning,2023-09-05
CUS106317,19,Female,Hyderabad,Loyal,2025-02-24
CUS106765,34,Female,Mumbai,Loyal,2024-12-13
CUS103172,65,Male,Ahmedabad,Returning,2023-03-15
CUS103131,52,Male,Delhi,New,2025-02-28
CUS107306,47,Female,Pune,New,2025-04-30
CUS101078,57,Female,Kolkata,High Value,2024-02-02
CUS100453,27,Male,Mumbai,Returning,2023-12-06
CUS104369,26,Male,Pune,Returning,2023-12-03
CUS106022,49,Female,Chennai,Returning,2024-07-12
CUS105471,57,Female,Kolkata,Returning,2023-07-22
CUS107711,39,Male,Delhi,Loyal,2024-06-09
CUS101417,60,Male,Kolkata,High Value,2023-02-27
CUS107028,49,Male,Hyderabad,New,2023-10-30
CUS105307,51,Male,Delhi,New,2023-06-22
CUS106671,37,Female,Chennai,Returning,2024-08-12
CUS107499,47,Female,Hyderabad,New,2025-05-24
CUS106580,47,Female,Hyderabad,High Value,2023-01-25
CUS100994,51,Female,Ahmedabad,New,2024-08-04
CUS105201,32,Male,Hyderabad,Loyal,2024-12-23
CUS103290,44,Other,Hyderabad,Returning,2023-10-04
CUS103908,62,Male,Ahmedabad,Loyal,2023-12-03
CUS101127,58,Female,Chennai,Returning,2023-07-16
CUS105629,41,Male,Mumbai,New,2024-10-24
CUS107337,39,Male,Chennai,Loyal,2025-05-26
CUS103260,20,Male,Pune,Returning,2024-08-03
CUS101850,26,Male,Pune,New,2023-07-26
CUS107470,60,Female,Bengaluru,High Value,2023-06-16
CUS100065,41,Male,Chennai,New,2025-05-05
CUS106587,40,Male,Hyderabad,Returning,2024-10-04
CUS104595,30,Female,Delhi,Returning,2025-02-24
CUS104379,60,Female,Bengaluru,Returning,2023-09-07
CUS102995,19,Other,Delhi,Loyal,2023-10-20
CUS106907,33,Male,Hyderabad,Returning,2025-04-19
CUS107634,42,Female,Pune,New,2023-08-11
CUS105531,20,Female,Chennai,New,2024-07-23
CUS107222,41,Male,Hyderabad,Returning,2024-09-23
CUS106080,20,Female,Kolkata,Returning,2023-03-16
CUS100315,46,Female,Ahmedabad,New,2025-05-14
CUS104773,50,Female,Bengaluru,New,2024-06-11
CUS102069,23,Male,Hyderabad,High Value,2023-12-11
CUS106780,49,Male,Pune,Returning,2025-05-11
CUS103263,30,Female,Delhi,Returning,2024-08-14
CUS105382,29,Female,Chennai,Loyal,2024-03-30
CUS101313,28,Male,Ahmedabad,New,2023-10-28
CUS100023,25,Female,Bengaluru,Returning,2023-03-08
CUS103027,58,Female,Ahmedabad,New,2023-03-14
CUS105669,42,Male,Chennai,Loyal,2025-06-05
CUS106047,26,Other,Kolkata,Returning,2024-05-19
CUS100710,46,Male,Ahmedabad,Returning,2024-03-13
CUS105827,19,Male,Mumbai,New,2023-06-05
CUS101595,46,Male,Ahmedabad,New,2025-04-01
CUS104691,28,Female,Chennai,New,2025-02-21
CUS106980,36,Male,Pune,Returning,2023-10-10
CUS102215,56,Male,Ahmedabad,Returning,2023-11-22
CUS100730,29,Female,Mumbai,New,2024-11-17
CUS105071,61,Female,Chennai,New,2023-07-02
CUS103784,60,Female,Bengaluru,High Value,2023-08-31
CUS102755,52,Other,Hyderabad,New,2023-08-25
CUS100997,39,Female,Mumbai,New,2023-07-07
CUS101027,24,Male,Bengaluru,Returning,2023-01-08
CUS107211,30,Male,Pune,New,2024-11-16
CUS106651,33,Male,Mumbai,New,2023-09-10
CUS101880,62,Male,Bengaluru,High Value,2023-04-27
CUS100682,18,Male,Bengaluru,New,2023-04-26
CUS105974,62,Female,Mumbai,Returning,2024-03-27
CUS103443,65,Other,Hyderabad,Returning,2024-08-08
CUS107538,18,Male,Pune,Returning,2023-10-15
CUS100319,32,Male,Hyderabad,Loyal,2024-10-14
CUS102118,64,Female,Hyderabad,New,2024-11-09
CUS107813,36,Female,Bengaluru,Returning,2023-01-19
CUS104454,22,Male,Kolkata,New,2024-11-01
CUS106087,52,Male,Mumbai,Returning,2023-04-30
CUS106081,54,Male,Mumbai,New,2025-06-12
CUS102910,54,Male,Chennai,Loyal,2023-01-11
CUS104035,30,Female,Ahmedabad,New,2024-12-05
CUS106204,23,Female,Bengaluru,High Value,2025-02-10
CUS104932,49,Male,Kolkata,High Value,2024-10-22
CUS101046,32,Female,Hyderabad,Loyal,2023-07-18
CUS102420,20,Male,Kolkata,New,2024-06-27
CUS103686,45,Female,Hyderabad,Loyal,2024-11-18
CUS103950,33,Male,Pune,New,2024-02-14
CUS105259,46,Male,Chennai,New,2024-03-13
CUS104507,65,Male,Ahmedabad,Returning,2023-12-08
CUS101374,57,Male,Kolkata,Returning,2024-07-14
CUS102138,65,Male,Hyderabad,Loyal,2023-07-08
CUS101670,29,Male,Chennai,New,2023-04-23
CUS102107,37,Male,Mumbai,Loyal,2024-03-25
CUS100132,40,Male,Hyderabad,New,2024-05-02
CUS104710,53,Male,Bengaluru,New,2023-04-24
CUS104781,46,Male,Delhi,Returning,2024-02-25
CUS107722,55,Male,Kolkata,Returning,2025-05-20
CUS103295,46,Male,Bengaluru,New,2023-04-16
CUS101383,46,Male,Hyderabad,Returning,2024-03-25
CUS104656,32,Female,Hyderabad,New,2024-04-29
CUS100706,27,Female,Mumbai,New,2023-03-09
CUS103527,41,Male,Delhi,Returning,2024-06-28
CUS107292,49,Female,Hyderabad,New,2024-08-26
CUS103422,65,Female,Mumbai,High Value,2024-11-08
CUS100957,19,Male,Bengaluru,Loyal,2023-07-06
CUS100696,33,Male,Kolkata,New,2024-09-03
CUS104192,29,Male,Kolkata,Loyal,2023-02-27
CUS102344,47,Female,Delhi,New,2025-03-28
CUS103400,40,Male,Delhi,High Value,2024-01-30
CUS104287,45,Female,Chennai,Loyal,2024-01-29
CUS106705,42,Male,Delhi,High Value,2024-03-28
CUS105527,65,Other,Pune,Loyal,2024-02-23
CUS106755,44,Female,Pune,Loyal,2023-02-22
CUS101315,49,Female,Ahmedabad,New,2024-12-27
CUS102753,49,Male,Mumbai,New,2024-05-14
CUS102582,64,Female,Kolkata,High Value,2024-07-08
CUS107352,21,Female,Ahmedabad,Returning,2024-07-11
CUS107752,63,Male,Bengaluru,New,2025-04-22
CUS101193,40,Female,Mumbai,New,2024-11-09
CUS105587,29,Female,Hyderabad,New,2025-04-30
CUS107852,46,Female,Pune,New,2024-09-02
CUS104376,25,Female,Ahmedabad,Loyal,2023-04-10
CUS100037,46,Male,Hyderabad,New,2025-05-29
CUS101172,29,Other,Ahmedabad,High Value,2023-01-22
CUS107307,58,Female,Ahmedabad,New,2023-10-17
CUS105185,22,Female,Ahmedabad,New,2024-10-27
CUS101740,43,Female,Kolkata,New,2024-06-10
CUS106681,52,Female,Mumbai,High Value,2025-04-10
CUS103328,30,Female,Pune,High Value,2025-04-28
CUS106642,56,Female,Delhi,New,2023-06-10
CUS102585,39,Other,Bengaluru,Loyal,2023-09-17
CUS103091,30,Female,Delhi,High Value,2023-09-23
CUS107881,40,Male,Ahmedabad,High Value,2023-10-03
CUS102357,49,Male,Hyderabad,Loyal,2023-02-01
CUS102718,18,Female,Bengaluru,High Value,2024-07-20
CUS105006,39,Female,Mumbai,High Value,2025-01-30
CUS100095,34,Male,Bengaluru,Returning,2023-02-22
CUS101087,58,Female,Chennai,Loyal,2024-12-05
CUS106408,18,Male,Hyderabad,Returning,2024-07-11
CUS105964,58,Female,Chennai,New,2024-09-10
CUS100487,46,Male,Hyderabad,New,2023-10-29
CUS106153,35,Male,Kolkata,New,2024-10-14
CUS107894,26,Female,Hyderabad,New,2023-01-22
CUS105482,40,Male,Ahmedabad,High Value,2025-06-09
CUS101677,48,Female,Ahmedabad,New,2024-03-01
CUS105643,34,Male,Bengaluru,New,2023-10-16
CUS103254,62,Female,Hyderabad,Loyal,2024-11-30
CUS104764,59,Male,Pune,Returning,2023-06-22
CUS102317,64,Male,Pune,High Value,2024-11-18
CUS101346,25,Male,Chennai,Loyal,2025-02-07
CUS104424,43,Male,Chennai,Loyal,2024-09-09
CUS100251,52,Male,Bengaluru,Returning,2023-02-10
CUS103934,49,Male,Bengaluru,Loyal,2025-04-19
CUS100334,46,Female,Bengaluru,Returning,2024-01-15
CUS103393,24,Male,Kolkata,New,2023-08-02
CUS105036,58,Male,Kolkata,Returning,2024-01-17
CUS100736,29,Female,Delhi,High Value,2024-04-10
CUS105411,44,Other,Kolkata,New,2024-09-10
CUS103532,55,Male,Ahmedabad,New,2025-03-17
CUS101084,63,Male,Kolkata,High Value,2024-03-01
CUS104868,62,Female,Ahmedabad,Returning,2023-05-12
CUS102750,61,Male,Bengaluru,New,2023-04-20
CUS102605,25,Female,Chennai,Loyal,2025-01-02
CUS106719,27,Male,Bengaluru,New,2023-05-23
CUS107472,42,Female,Pune,High Value,2025-03-01
CUS100465,46,Male,Chennai,New,2023-02-19
CUS104441,49,Female,Bengaluru,Loyal,2024-07-25
CUS100763,58,Male,Kolkata,Returning,2023-02-16
CUS103077,32,Female,Bengaluru,Returning,2024-01-16
CUS101123,34,Male,Pune,Loyal,2024-03-22
CUS101263,53,Female,Pune,Loyal,2024-01-07
CUS104950,60,Male,Kolkata,New,2025-06-11
CUS101421,22,Male,Ahmedabad,High Value,2025-05-19
CUS106245,60,Female,Kolkata,Returning,2025-06-14
CUS103470,20,Other,Kolkata,Returning,2023-05-16
CUS102110,18,Female,Ahmedabad,Returning,2025-03-10
CUS100157,23,Male,Delhi,New,2023-06-26
CUS103399,43,Female,Mumbai,New,2024-06-16
CUS102173,35,Female,Chennai,Returning,2024-01-10
CUS107953,38,Female,Hyderabad,New,2025-05-26
CUS105549,32,Female,Bengaluru,Loyal,2025-05-28
CUS103799,54,Female,Chennai,New,2023-02-18
CUS102987,38,Female,Bengaluru,Loyal,2024-07-20
CUS100789,55,Male,Kolkata,New,2025-04-05
CUS100533,51,Female,Kolkata,New,2024-06-14
CUS104967,45,Male,Chennai,Returning,2025-01-15
CUS105722,43,Male,Pune,Loyal,2024-08-20
CUS105751,29,Female,Pune,Loyal,2025-03-03
CUS103978,30,Female,Chennai,High Value,2023-11-05
CUS107070,57,Male,Kolkata,High Value,2023-05-22
CUS103761,23,Male,Kolkata,Loyal,2023-04-13
CUS104453,39,Male,Mumbai,Loyal,2024-08-22
CUS105925,18,Female,Bengaluru,Loyal,2024-02-15
CUS107845,33,Male,Pune,New,2023-01-16
CUS104830,27,Female,Mumbai,Returning,2023-06-04
CUS103184,46,Female,Pune,New,2024-07-23
CUS101897,61,Male,Hyderabad,High Value,2023-10-02
CUS107265,65,Female,Bengaluru,New,2024-09-25
CUS106199,43,Male,Bengaluru,New,2025-05-28
CUS103132,37,Female,Delhi,High Value,2023-06-20
CUS101420,51,Male,Pune,Returning,2024-06-07
CUS101277,28,Male,Pune,New,2023-10-24
CUS107897,31,Male,Hyderabad,New,2024-08-17
CUS101407,20,Female,Pune,Returning,2023-11-09
CUS102571,21,Female,Chennai,New,2023-05-02
CUS103459,59,Female,Hyderabad,New,2023-05-15
CUS103473,44,Male,Chennai,Returning,2024-07-25
CUS102456,19,Female,Ahmedabad,Returning,2023-01-14
CUS105653,51,Male,Ahmedabad,New,2025-02-01
CUS104525,20,Female,Delhi,Loyal,2023-01-04
CUS104076,62,Female,Chennai,Returning,2024-04-27
CUS106599,31,Male,Chennai,New,2023-04-26
CUS102663,39,Other,Bengaluru,Returning,2023-04-22
CUS100353,44,Male,Hyderabad,New,2025-01-07
CUS101606,29,Female,Ahmedabad,Loyal,2024-11-24
CUS104817,63,Female,Ahmedabad,Returning,2023-09-23
CUS101691,19,Female,Bengaluru,New,2024-03-21
CUS104161,60,Female,Hyderabad,High Value,2023-12-22
CUS107347,23,Male,Mumbai,New,2023-09-25
CUS106178,24,Male,Bengaluru,New,2024-08-14
CUS101569,33,Female,Chennai,Loyal,2025-01-31
CUS101721,39,Male,Pune,Loyal,2023-12-22
CUS107762,48,Female,Chennai,New,2024-04-08
CUS101005,49,Male,Mumbai,New,2024-08-10
CUS107224,33,Female,Kolkata,New,2023-04-26
CUS105780,52,Female,Pune,Loyal,2023-01-02
CUS104405,26,Female,Ahmedabad,Returning,2023-01-01
CUS105952,61,Female,Delhi,Loyal,2023-12-06
CUS100940,32,Male,Ahmedabad,Returning,2023-09-23
CUS106034,43,Female,Delhi,Loyal,2024-02-04
CUS103742,61,Male,Pune,Returning,2023-10-03
CUS102722,56,Female,Mumbai,Returning,2025-03-19
CUS100540,30,Male,Hyderabad,Loyal,2025-03-24
CUS105823,44,Female,Chennai,Loyal,2024-08-29
CUS104861,40,Female,Kolkata,Returning,2025-01-17
CUS104550,40,Female,Bengaluru,Loyal,2023-08-05
CUS102354,29,Male,Kolkata,New,2023-10-06
CUS105550,41,Female,Ahmedabad,Returning,2025-03-23
CUS103464,39,Female,Hyderabad,Returning,2025-06-03
CUS104148,22,Male,Bengaluru,Returning,2025-02-06
CUS106345,65,Male,Bengaluru,Returning,2025-02-03
CUS102778,33,Male,Delhi,Returning,2025-04-14
CUS102868,64,Female,Kolkata,Returning,2024-11-11
CUS100625,59,Female,Pune,Loyal,2023-04-05
CUS105901,46,Male,Chennai,Loyal,2024-12-28
CUS101203,55,Female,Mumbai,Loyal,2023-11-24
CUS106983,35,Male,Ahmedabad,Returning,2023-05-15
CUS104342,21,Female,Ahmedabad,Loyal,2023-04-21
CUS106682,43,Male,Kolkata,New,2023-01-12
CUS101662,42,Female,Kolkata,New,2025-05-01
CUS101261,36,Female,Kolkata,Loyal,2023-04-17
CUS101405,35,Male,Kolkata,Loyal,2023-06-28
CUS103688,23,Female,Kolkata,New,2025-02-07
CUS107607,29,Female,Mumbai,Returning,2024-11-01
CUS104275,57,Male,Chennai,High Value,2024-10-30
CUS107217,38,Male,Pune,New,2023-08-12
CUS101626,51,Female,Ahmedabad,High Value,2024-05-28
CUS105680,19,Male,Ahmedabad,New,2024-06-25
CUS105428,50,Male,Chennai,Returning,2024-11-12
CUS102020,35,Male,Kolkata,Returning,2023-11-26
CUS105562,64,Female,Delhi,High Value,2024-04-21
CUS103006,30,Female,Hyderabad,Returning,2025-06-03
CUS101954,22,Female,Hyderabad,New,2023-06-18
CUS102676,48,Female,Pune,High Value,2024-08-12
CUS102142,55,Female,Pune,New,2024-11-27
CUS106824,48,Female,Chennai,Loyal,2025-06-16
CUS102478,26,Male,Delhi,New,2025-01-04
CUS105821,51,Female,Delhi,Loyal,2024-11-10
CUS103038,27,Male,Kolkata,New,2023-11-07
CUS102337,60,Male,Kolkata,New,2023-10-06
CUS100742,32,Other,Pune,High Value,2023-12-02
CUS107704,30,Female,Mumbai,Returning,2025-05-25
CUS100483,62,Female,Chennai,Loyal,2023-08-07
CUS106889,35,Female,Delhi,New,2024-03-14
CUS105888,44,Male,Mumbai,Returning,2023-01-29
CUS101862,54,Male,Ahmedabad,New,2024-06-24
CUS103891,36,Male,Chennai,Loyal,2023-01-09
CUS107694,42,Female,Hyderabad,New,2024-05-26
CUS104920,47,Female,Pune,New,2024-05-05
CUS107663,23,Female,Chennai,New,2024-11-04
CUS104787,60,Male,Mumbai,Loyal,2023-04-16
CUS101593,27,Male,Mumbai,New,2023-03-21
CUS107605,45,Male,Delhi,Returning,2024-02-10
CUS107625,49,Male,Delhi,New,2024-03-17
CUS100048,44,Female,Chennai,Loyal,2023-01-19
CUS106139,28,Male,Hyderabad,Returning,2023-01-31
CUS102680,26,Male,Pune,New,2024-12-23
CUS107405,40,Female,Ahmedabad,New,2023-08-29
CUS104041,47,Male,Hyderabad,Returning,2025-05-24
CUS103207,56,Female,Ahmedabad,New,2024-02-19
CUS104852,34,Female,Kolkata,New,2023-10-11
CUS104661,47,Other,Hyderabad,New,2023-05-22
CUS105911,57,Female,Kolkata,New,2023-12-04
CUS102006,26,Male,Pune,New,2024-10-17
CUS107842,49,Female,Bengaluru,Returning,2024-08-29
CUS100393,27,Male,Delhi,Returning,2024-10-08
CUS105773,22,Other,Kolkata,Loyal,2023-04-21
CUS100230,43,Female,Mumbai,High Value,2023-09-09
CUS106792,39,Male,Mumbai,Returning,2023-05-21
CUS104139,34,Female,Kolkata,New,2023-10-14
CUS106622,42,Male,Kolkata,Returning,2024-12-27
CUS101297,24,Female,Mumbai,Returning,2025-04-11
CUS107902,59,Male,Ahmedabad,New,2024-01-11
CUS101074,51,Female,Chennai,New,2024-08-17
CUS107350,22,Female,Ahmedabad,Returning,2024-06-26
CUS104332,42,Male,Ahmedabad,Returning,2024-11-24
CUS107323,56,Female,Hyderabad,Returning,2023-04-16
CUS103002,54,Male,Hyderabad,Loyal,2024-04-16
CUS101002,33,Female,Hyderabad,New,2024-08-02
CUS101728,55,Male,Bengaluru,New,2023-05-12
CUS104306,29,Female,Delhi,Returning,2023-03-15
CUS100061,34,Female,Chennai,New,2024-07-18
CUS104582,59,Female,Ahmedabad,Returning,2023-02-06
CUS104836,33,Other,Bengaluru,High Value,2024-02-24
CUS105824,48,Male,Pune,Returning,2024-07-20
CUS105195,20,Female,Pune,Returning,2023-05-15
CUS103682,22,Male,Ahmedabad,New,2024-04-27
CUS100332,30,Female,Mumbai,New,2024-11-23
CUS106228,54,Female,Kolkata,Returning,2024-05-29
CUS102992,58,Male,Chennai,Returning,2025-05-09
CUS104690,33,Male,Bengaluru,New,2024-07-08
CUS101559,58,Male,Mumbai,Returning,2023-03-01
CUS102094,65,Female,Pune,Loyal,2024-11-22
CUS104726,38,Male,Kolkata,Loyal,2024-06-18
CUS106256,64,Male,Delhi,High Value,2024-01-19
CUS100811,29,Female,Bengaluru,Returning,2023-03-16
CUS107259,40,Male,Kolkata,New,2023-03-10
CUS105444,32,Female,Pune,New,2025-04-03
CUS101075,41,Male,Ahmedabad,Returning,2023-04-15
CUS106961,28,Female,Pune,Returning,2025-01-02
CUS106421,22,Male,Mumbai,New,2024-11-14
CUS105474,37,Female,Pune,New,2024-01-02
CUS105871,38,Male,Hyderabad,Loyal,2024-10-22
CUS105062,43,Female,Kolkata,Loyal,2024-04-04
CUS105176,47,Male,Ahmedabad,New,2023-01-06
CUS106632,36,Female,Kolkata,Loyal,2024-03-27
CUS101017,59,Male,Kolkata,Loyal,2025-02-27
CUS106239,20,Female,Ahmedabad,New,2024-08-22
CUS100538,23,Male,Ahmedabad,Loyal,2023-10-01
CUS103245,36,Other,Ahmedabad,New,2023-04-13
CUS103881,42,Female,Ahmedabad,Returning,2024-02-27
CUS100079,34,Female,Bengaluru,Loyal,2024-12-14
CUS104417,41,Female,Kolkata,Returning,2023-03-02
CUS103123,24,Female,Pune,Returning,2025-02-26
CUS103428,30,Male,Mumbai,Returning,2023-05-28
CUS105766,23,Female,Pune,New,2024-10-19
CUS104047,42,Male,Ahmedabad,Returning,2023-09-20
CUS102184,43,Male,Delhi,New,2024-06-28
CUS106131,18,Female,Bengaluru,Returning,2023-01-22
CUS104649,37,Female,Pune,Loyal,2024-04-03
CUS107935,27,Female,Kolkata,Returning,2024-03-22
CUS100712,34,Male,Bengaluru,High Value,2024-06-14
CUS101465,37,Female,Kolkata,Loyal,2024-12-05
CUS103815,37,Female,Chennai,New,2024-09-06
CUS101817,48,Male,Kolkata,New,2023-09-09
CUS103149,18,Male,Bengaluru,Returning,2023-04-22
CUS104087,27,Female,Chennai,High Value,2023-02-04
CUS100149,31,Female,Pune,Loyal,2025-06-01
CUS103693,65,Female,Hyderabad,Returning,2024-10-13
CUS100879,26,Male,Ahmedabad,Returning,2024-12-16
CUS100982,25,Male,Delhi,Returning,2025-05-28
CUS107623,21,Female,Bengaluru,New,2024-01-28
CUS100169,64,Male,Kolkata,Returning,2023-04-08
CUS105689,27,Male,Mumbai,High Value,2025-01-20
CUS105748,40,Female,Bengaluru,New,2024-12-25
CUS103877,35,Female,Mumbai,High Value,2024-11-12
CUS101452,62,Other,Ahmedabad,Returning,2024-01-14
CUS101009,18,Male,Kolkata,New,2023-04-17
CUS106950,30,Male,Chennai,Loyal,2023-11-06
CUS103121,53,Other,Mumbai,Loyal,2023-01-09
CUS105168,20,Female,Hyderabad,New,2024-01-30
CUS103017,25,Male,Bengaluru,Loyal,2024-06-19
CUS102157,65,Male,Mumbai,Returning,2024-09-15
CUS103785,46,Male,Ahmedabad,Loyal,2023-12-20
CUS102189,65,Female,Ahmedabad,Returning,2024-10-13
CUS102874,46,Female,Bengaluru,New,2025-02-23
CUS101608,48,Female,Ahmedabad,Loyal,2024-12-06
CUS107490,62,Male,Chennai,Returning,2025-02-04
CUS100509,19,Other,Pune,New,2025-05-21
CUS106848,62,Male,Chennai,Returning,2023-06-03
CUS106958,33,Female,Delhi,Returning,2024-11-17
CUS107453,38,Male,Chennai,Returning,2023-03-05
CUS105502,47,Female,Kolkata,New,2025-04-21
CUS107957,54,Male,Bengaluru,New,2025-05-12
CUS101320,18,Female,Kolkata,Loyal,2024-03-17
CUS104080,36,Female,Ahmedabad,New,2024-07-07
CUS104803,28,Male,Kolkata,Returning,2023-07-14
CUS106951,44,Male,Pune,New,2025-02-07
CUS107434,44,Male,Delhi,Loyal,2025-04-26
CUS102127,57,Male,Pune,Loyal,2024-11-25
CUS105028,47,Male,Mumbai,Returning,2025-03-28
CUS104240,33,Female,Hyderabad,Returning,2023-03-15
CUS105867,37,Female,Kolkata,Returning,2023-05-12
CUS100676,34,Male,Hyderabad,New,2023-10-11
CUS105080,29,Male,Ahmedabad,Loyal,2023-07-18
CUS103767,22,Female,Kolkata,New,2023-08-28
CUS102943,31,Female,Bengaluru,Loyal,2023-10-15
CUS107832,50,Male,Pune,New,2023-05-13
CUS101061,60,Male,Chennai,New,2023-08-27
CUS103739,62,Male,Chennai,Loyal,2024-09-11
CUS105603,57,Male,Kolkata,New,2024-10-20
CUS103529,38,Other,Kolkata,New,2023-05-29
CUS106852,38,Female,Bengaluru,Loyal,2024-03-18
CUS100544,44,Female,Bengaluru,Loyal,2023-06-18
CUS103984,42,Male,Chennai,Returning,2024-08-19
CUS103656,20,Female,Kolkata,Returning,2024-03-25
CUS102306,55,Male,Hyderabad,Loyal,2023-03-31
CUS105076,22,Male,Ahmedabad,New,2023-12-11
CUS104487,34,Female,Ahmedabad,Returning,2024-10-14
CUS107708,20,Female,Mumbai,Returning,2023-05-28
CUS104198,36,Female,Bengaluru,Loyal,2023-02-09
CUS104231,62,Other,Mumbai,New,2024-04-22
CUS106255,24,Female,Kolkata,New,2025-04-20
CUS106769,27,Male,Hyderabad,Returning,2024-03-24
CUS103617,22,Male,Kolkata,Loyal,2023-07-02
CUS106462,35,Female,Hyderabad,New,2023-02-07
CUS100858,64,Male,Chennai,Loyal,2024-05-09
CUS107803,33,Female,Kolkata,High Value,2024-01-18
CUS107660,19,Female,Bengaluru,High Value,2024-04-10
CUS101103,48,Male,Chennai,Loyal,2023-01-05
CUS104958,38,Other,Chennai,Loyal,2023-12-16
CUS105059,39,Female,Bengaluru,Loyal,2023-04-19
CUS105910,45,Male,Kolkata,New,2023-12-01
CUS103505,47,Male,Hyderabad,Returning,2023-04-25
CUS102280,65,Female,Mumbai,New,2025-01-02
CUS100601,18,Female,Hyderabad,New,2024-03-02
CUS104519,54,Female,Hyderabad,New,2025-06-16
CUS100408,23,Female,Ahmedabad,New,2023-01-06
CUS103487,51,Female,Chennai,New,2024-09-25
CUS100927,25,Male,Bengaluru,New,2024-02-04
CUS102897,65,Male,Ahmedabad,Returning,2023-12-20
CUS101649,40,Female,Bengaluru,Loyal,2024-02-19
CUS106814,53,Male,Ahmedabad,Loyal,2023-05-13
CUS104140,32,Male,Ahmedabad,Returning,2025-04-21
CUS104428,45,Female,Delhi,New,2025-02-24
CUS105662,43,Male,Bengaluru,New,2023-10-19
CUS102807,26,Male,Pune,New,2023-04-17
CUS107181,53,Female,Mumbai,High Value,2024-05-25
CUS107782,56,Male,Ahmedabad,Returning,2023-05-02
CUS104273,40,Other,Hyderabad,New,2023-04-30
CUS106492,27,Other,Delhi,New,2024-09-24
CUS107309,31,Male,Bengaluru,New,2025-03-01
CUS101562,27,Female,Ahmedabad,New,2024-08-08
CUS103194,19,Female,Bengaluru,Returning,2024-10-15
CUS102470,39,Male,Ahmedabad,New,2024-05-23
CUS104205,45,Male,Chennai,High Value,2023-04-12
CUS106822,34,Female,Mumbai,Loyal,2024-02-05
CUS103534,44,Other,Pune,New,2025-04-13
CUS100576,58,Female,Delhi,Returning,2023-12-15
CUS104401,22,Male,Hyderabad,Returning,2024-03-23
CUS107194,21,Male,Chennai,Returning,2024-07-16
CUS100354,33,Female,Kolkata,New,2024-02-11
CUS104359,44,Male,Delhi,New,2025-01-06
CUS103540,47,Male,Chennai,Loyal,2025-04-24
CUS105963,59,Female,Hyderabad,Loyal,2024-02-08
CUS107608,43,Male,Bengaluru,New,2023-10-19
CUS107169,65,Female,Hyderabad,Loyal,2023-03-06
CUS100177,44,Female,Delhi,New,2024-07-04
CUS102521,47,Male,Delhi,Loyal,2025-05-27
CUS106120,50,Male,Bengaluru,Loyal,2024-06-27
CUS105199,36,Female,Bengaluru,High Value,2024-04-12
CUS107657,25,Male,Bengaluru,Loyal,2024-06-13
CUS106523,27,Male,Hyderabad,Loyal,2024-07-17
CUS107654,55,Male,Chennai,Returning,2023-12-30
CUS100866,25,Male,Hyderabad,New,2025-05-05
CUS103946,30,Female,Chennai,High Value,2025-02-09
CUS100328,18,Male,Bengaluru,New,2025-01-25
CUS107851,25,Female,Ahmedabad,New,2023-11-07
CUS102882,49,Male,Pune,High Value,2024-01-14
CUS103589,38,Male,Mumbai,New,2024-12-31
CUS103574,23,Male,Delhi,Returning,2025-04-12
CUS103968,32,Female,Mumbai,Loyal,2025-01-29
CUS107678,28,Other,Mumbai,New,2023-03-30
CUS102885,58,Male,Ahmedabad,New,2025-03-03
CUS103857,46,Female,Delhi,High Value,2023-01-09
CUS103590,22,Female,Bengaluru,New,2024-08-18
CUS101744,47,Female,Pune,Loyal,2023-08-17
CUS105416,47,Female,Delhi,Returning,2024-05-18
CUS104914,24,Female,Kolkata,High Value,2024-09-19
CUS102699,39,Female,Pune,Returning,2025-01-08
CUS105167,39,Female,Ahmedabad,Loyal,2023-10-27
CUS103779,54,Male,Chennai,New,2024-05-09
CUS101915,48,Female,Bengaluru,High Value,2025-05-27
CUS102619,54,Male,Pune,Returning,2025-04-19
CUS107365,34,Female,Hyderabad,New,2024-09-01
CUS101385,27,Male,Chennai,Returning,2024-05-16
CUS103145,26,Female,Bengaluru,New,2025-05-13
CUS106663,27,Male,Kolkata,Returning,2024-06-24
CUS107586,60,Male,Ahmedabad,New,2025-05-20
CUS106343,54,Female,Bengaluru,New,2023-11-23
CUS100181,62,Female,Delhi,Returning,2024-09-26
CUS104407,54,Female,Hyderabad,Loyal,2024-05-05
CUS106766,31,Male,Delhi,Returning,2025-02-22
CUS107632,59,Male,Bengaluru,Returning,2023-07-08
CUS106405,59,Female,Ahmedabad,Returning,2023-03-30
CUS104295,50,Male,Hyderabad,Loyal,2025-06-08
CUS106389,26,Male,Ahmedabad,Returning,2025-03-29
CUS102453,65,Female,Chennai,Loyal,2025-01-13
CUS102446,24,Female,Bengaluru,New,2023-09-27
CUS104553,31,Male,Ahmedabad,Loyal,2023-12-25
CUS101323,44,Female,Mumbai,Returning,2025-02-05
CUS107677,61,Male,Mumbai,Returning,2023-10-22
CUS103989,63,Male,Kolkata,High Value,2024-11-01
CUS103558,47,Male,Hyderabad,New,2024-11-19
CUS102673,30,Female,Pune,Returning,2025-06-16
CUS100041,22,Female,Delhi,Loyal,2024-04-29
CUS106695,58,Female,Mumbai,New,2023-03-15
CUS103912,65,Male,Pune,New,2023-04-13
CUS104233,36,Female,Kolkata,High Value,2025-03-03
CUS107915,41,Female,Ahmedabad,Loyal,2024-11-18
CUS100217,50,Other,Pune,Returning,2024-05-10
CUS100185,19,Male,Kolkata,Returning,2024-04-16
CUS105030,59,Male,Chennai,Returning,2023-02-12
CUS107982,48,Female,Chennai,Loyal,2025-03-08
CUS101034,53,Male,Pune,Returning,2023-11-14
CUS101729,27,Male,Mumbai,Returning,2024-07-06
CUS103535,38,Female,Kolkata,High Value,2024-10-13
CUS105329,62,Female,Pune,Returning,2025-03-18
CUS100683,46,Male,Chennai,New,2025-05-02
CUS106472,41,Female,Pune,Loyal,2024-04-23
CUS102939,51,Female,Chennai,Returning,2024-12-12
CUS100087,37,Male,Ahmedabad,Returning,2024-10-13
CUS106154,34,Female,Ahmedabad,Loyal,2023-06-14
CUS106969,56,Male,Kolkata,Loyal,2023-07-10
CUS107074,38,Female,Ahmedabad,Loyal,2023-10-09
CUS101617,38,Male,Hyderabad,Loyal,2024-03-20
CUS103210,21,Female,Ahmedabad,New,2024-06-22
CUS101737,59,Female,Mumbai,Loyal,2024-11-15
CUS101575,45,Female,Delhi,New,2024-07-20
CUS106129,62,Male,Hyderabad,Returning,2024-10-08
CUS103025,39,Female,Kolkata,Returning,2024-10-23
CUS100257,32,Male,Bengaluru,Returning,2024-03-28
CUS106208,39,Male,Bengaluru,New,2023-04-29
CUS104284,31,Female,Hyderabad,Returning,2023-01-30
CUS104112,41,Other,Chennai,High Value,2023-03-31
CUS104745,43,Male,Hyderabad,New,2025-03-05
CUS104856,25,Female,Chennai,New,2025-05-18
CUS105816,30,Female,Bengaluru,Returning,2023-12-27
CUS104594,41,Male,Delhi,Loyal,2024-01-09
CUS105489,27,Female,Pune,Returning,2023-08-05
CUS107834,50,Male,Chennai,Loyal,2024-04-30
CUS107038,38,Female,Ahmedabad,New,2023-12-16
CUS100737,30,Female,Delhi,New,2023-08-24
CUS104331,40,Female,Mumbai,New,2025-06-17
CUS100965,65,Male,Hyderabad,Returning,2024-12-13
CUS100543,18,Male,Chennai,High Value,2023-07-27
CUS107689,58,Female,Bengaluru,Loyal,2023-09-21
CUS102932,51,Male,Bengaluru,Returning,2024-12-11
CUS106567,19,Male,Hyderabad,New,2025-05-27
CUS102476,51,Male,Delhi,Returning,2024-01-31
CUS102221,30,Female,Ahmedabad,New,2024-11-19
CUS101739,51,Male,Pune,New,2025-05-03
CUS106179,27,Female,Delhi,Returning,2023-09-18
CUS105755,55,Female,Ahmedabad,Returning,2023-12-13
CUS100932,25,Female,Bengaluru,Returning,2025-01-25
CUS104279,34,Female,Chennai,Loyal,2025-01-20
CUS104329,52,Female,Pune,New,2024-09-05
CUS100381,33,Male,Kolkata,Returning,2025-01-31
CUS100056,52,Male,Bengaluru,New,2023-10-28
CUS100069,58,Other,Hyderabad,Loyal,2023-07-29
CUS101242,34,Male,Chennai,New,2024-09-11
CUS100711,60,Male,Hyderabad,Loyal,2024-07-13
CUS107612,65,Female,Pune,High Value,2023-07-21
CUS101656,45,Female,Mumbai,New,2025-04-04
CUS103787,33,Female,Kolkata,Returning,2025-02-26
CUS101623,58,Female,Kolkata,Loyal,2023-03-21
CUS103480,41,Male,Kolkata,Loyal,2024-03-21
CUS105129,48,Female,Bengaluru,Returning,2023-07-30
CUS101934,41,Male,Bengaluru,Returning,2023-03-16
CUS101905,49,Male,Ahmedabad,New,2025-06-08
CUS104043,50,Male,Kolkata,New,2023-08-31
CUS100445,20,Male,Bengaluru,Returning,2023-01-21
CUS103821,49,Female,Ahmedabad,New,2024-04-28
CUS101886,29,Male,Kolkata,High Value,2024-11-04
CUS105548,38,Male,Delhi,New,2024-10-01
CUS106516,48,Male,Mumbai,Returning,2025-04-02
CUS104864,30,Female,Hyderabad,New,2023-09-04
CUS102627,54,Male,Delhi,Returning,2024-12-26
CUS101952,45,Female,Delhi,New,2024-12-29
CUS101671,21,Female,Kolkata,Loyal,2024-03-12
CUS101665,37,Female,Mumbai,New,2023-04-15
CUS101022,26,Male,Delhi,Loyal,2023-11-10
CUS103504,46,Female,Bengaluru,New,2024-11-06
CUS102809,57,Male,Mumbai,Loyal,2024-09-06
CUS100019,38,Female,Bengaluru,New,2025-03-27
CUS102877,53,Female,Kolkata,New,2025-05-18
CUS105274,53,Other,Hyderabad,Returning,2023-06-09
CUS104851,44,Female,Chennai,Loyal,2023-12-22
CUS107913,40,Female,Chennai,New,2024-08-24
CUS100970,26,Male,Chennai,New,2025-02-28
CUS105623,23,Female,Hyderabad,Loyal,2023-05-16
CUS100751,63,Male,Kolkata,New,2024-05-22
CUS102966,39,Other,Kolkata,Returning,2023-05-16
CUS101669,64,Female,Kolkata,New,2023-03-17
CUS102646,23,Male,Ahmedabad,High Value,2023-05-17
CUS100476,61,Female,Delhi,Loyal,2023-10-31
CUS102770,53,Male,Mumbai,New,2023-02-14
CUS103176,33,Female,Delhi,Loyal,2024-09-05
CUS104638,18,Female,Chennai,New,2024-07-28
CUS103966,55,Female,Hyderabad,New,2025-04-15
CUS100468,41,Female,Delhi,Returning,2023-09-10
CUS105936,47,Female,Pune,Returning,2025-05-28
CUS106244,40,Other,Delhi,New,2023-04-01
CUS100308,60,Male,Chennai,New,2024-02-07
CUS107617,42,Female,Kolkata,New,2023-11-06
CUS106169,50,Male,Mumbai,New,2023-06-24
CUS105271,19,Male,Kolkata,New,2023-11-23
CUS106279,20,Male,Chennai,Returning,2023-06-05
CUS105097,44,Female,Pune,Loyal,2023-01-15
CUS104374,32,Male,Bengaluru,New,2024-06-08
CUS102821,63,Female,Kolkata,High Value,2024-02-06
CUS106820,23,Female,Pune,New,2024-10-30
CUS107252,52,Female,Delhi,Returning,2024-05-12
CUS105165,33,Male,Pune,New,2024-10-04
CUS105924,36,Male,Bengaluru,New,2024-07-09
CUS103001,31,Male,Hyderabad,Loyal,2023-05-29
CUS106218,38,Female,Hyderabad,Returning,2024-08-26
CUS104716,59,Female,Kolkata,New,2025-02-09
CUS102114,53,Female,Bengaluru,Loyal,2024-05-18
CUS100080,45,Male,Kolkata,Returning,2024-08-28
CUS106987,44,Female,Delhi,New,2025-04-16
CUS100641,53,Male,Hyderabad,New,2024-08-06
CUS106838,20,Female,Bengaluru,New,2024-03-06
CUS101480,45,Other,Delhi,Loyal,2023-03-24
CUS107940,54,Female,Kolkata,High Value,2023-08-17
CUS101055,50,Female,Ahmedabad,New,2023-06-25
CUS105155,50,Male,Kolkata,Loyal,2025-01-11
CUS102589,28,Male,Chennai,Returning,2024-08-23
CUS106309,54,Female,Kolkata,Returning,2024-07-05
CUS106699,30,Male,Mumbai,Returning,2023-12-23
CUS106771,44,Female,Ahmedabad,Loyal,2023-03-17
CUS104309,59,Other,Ahmedabad,New,2024-10-07
CUS107977,29,Male,Mumbai,Returning,2023-09-18
CUS107495,28,Female,Hyderabad,New,2024-04-18
CUS103715,27,Male,Pune,New,2024-11-18
CUS101056,44,Female,Pune,New,2024-11-14
CUS107401,55,Male,Hyderabad,Loyal,2023-05-17
CUS102283,57,Male,Pune,Returning,2023-01-30
CUS102199,53,Male,Pune,New,2024-04-25
CUS104610,35,Male,Mumbai,Returning,2024-09-20
CUS102233,28,Other,Kolkata,Returning,2023-01-10
CUS101511,36,Female,Delhi,New,2024-04-09
CUS100118,56,Female,Ahmedabad,Returning,2023-07-23
CUS105045,29,Female,Hyderabad,New,2023-12-09
CUS103053,42,Female,Kolkata,New,2023-11-07
CUS101163,23,Female,Hyderabad,New,2024-12-29
CUS106498,47,Female,Bengaluru,New,2025-03-15
CUS103768,25,Male,Kolkata,High Value,2023-04-02
CUS104372,58,Female,Kolkata,Returning,2023-08-08
CUS102670,45,Female,Mumbai,Loyal,2023-11-18
CUS107896,54,Male,Hyderabad,Returning,2023-11-10
CUS105060,33,Female,Chennai,New,2023-01-01
CUS106140,35,Female,Hyderabad,Returning,2024-09-06
CUS107508,42,Female,Hyderabad,New,2024-03-16
CUS101281,54,Female,Bengaluru,New,2024-03-20
CUS101864,57,Male,Chennai,New,2025-04-16
CUS103297,30,Female,Chennai,Returning,2023-11-07
CUS107937,54,Female,Hyderabad,Loyal,2025-06-09
CUS107277,49,Male,Delhi,New,2023-05-25
CUS107087,32,Other,Ahmedabad,New,2024-05-13
CUS101883,21,Female,Pune,New,2023-02-11
CUS101042,45,Male,Kolkata,Returning,2023-03-02
CUS102540,65,Female,Bengaluru,Returning,2025-03-12
CUS103024,21,Male,Bengaluru,New,2023-09-11
CUS107888,37,Other,Pune,High Value,2024-06-16
CUS101400,49,Female,Chennai,Returning,2023-06-14
CUS101783,47,Male,Bengaluru,Returning,2023-07-30
CUS102692,43,Male,Hyderabad,Returning,2023-05-16
CUS101945,48,Female,Ahmedabad,New,2024-09-08
CUS104438,45,Female,Mumbai,Returning,2024-06-24
CUS107783,61,Male,Pune,New,2024-05-16
CUS102276,20,Female,Pune,Loyal,2024-02-17
CUS106206,49,Female,Bengaluru,Returning,2024-05-13
CUS102669,61,Female,Hyderabad,High Value,2024-01-15
CUS105899,41,Male,Kolkata,Returning,2025-04-15
CUS103625,29,Female,Hyderabad,Loyal,2023-04-03
CUS106502,50,Female,Bengaluru,New,2023-09-30
CUS104055,22,Female,Pune,Returning,2025-05-29
CUS105213,53,Male,Kolkata,New,2025-06-05
CUS105570,27,Male,Ahmedabad,Returning,2024-12-19
CUS105114,33,Female,Kolkata,New,2024-08-28
CUS100618,35,Male,Chennai,High Value,2023-12-05
CUS104125,39,Female,Hyderabad,Loyal,2025-06-15
CUS103375,21,Other,Delhi,Loyal,2023-06-25
CUS104031,51,Female,Chennai,New,2024-05-09
CUS100773,25,Female,Chennai,High Value,2023-01-08
CUS107900,65,Female,Bengaluru,New,2023-03-12
CUS104974,58,Male,Chennai,Returning,2024-06-20
CUS101820,42,Male,Pune,Returning,2024-06-27
CUS103880,36,Male,Ahmedabad,Returning,2024-04-11
CUS100050,37,Male,Hyderabad,Loyal,2024-07-08
CUS105641,33,Female,Ahmedabad,Returning,2024-09-27
CUS100733,41,Female,Ahmedabad,Returning,2023-08-27
CUS100245,27,Female,Hyderabad,Returning,2024-03-08
CUS104180,65,Female,Chennai,New,2024-11-03
CUS100179,56,Male,Chennai,New,2023-01-25
CUS107081,35,Male,Pune,New,2023-07-08
CUS100017,54,Female,Mumbai,Returning,2024-11-26
CUS105852,21,Female,Hyderabad,Returning,2024-10-06
CUS104290,55,Male,Bengaluru,New,2024-11-12
CUS103437,20,Female,Bengaluru,New,2025-06-16
CUS101010,60,Male,Pune,New,2025-04-21
CUS105425,31,Male,Ahmedabad,New,2024-04-26
CUS106749,37,Male,Kolkata,New,2024-04-06
CUS104100,59,Male,Chennai,Loyal,2025-04-17
CUS104774,37,Male,Kolkata,Loyal,2025-01-10
CUS107944,59,Female,Kolkata,New,2023-09-25
CUS102302,64,Female,Hyderabad,Returning,2024-06-22
CUS105612,57,Male,Mumbai,New,2025-03-13
CUS106252,34,Female,Delhi,New,2024-11-22
CUS100511,34,Male,Chennai,New,2024-07-18
CUS100321,29,Female,Hyderabad,Loyal,2023-08-23
CUS104633,49,Male,Hyderabad,Loyal,2023-07-15
CUS102227,24,Male,Bengaluru,Loyal,2023-08-22
CUS105077,47,Male,Chennai,Returning,2024-11-01
CUS101412,62,Male,Pune,New,2024-08-21
CUS104993,47,Female,Ahmedabad,New,2024-09-30
CUS103125,56,Male,Kolkata,New,2023-09-23
CUS105501,34,Female,Chennai,New,2023-12-21
CUS105717,51,Male,Kolkata,New,2024-06-02
CUS105838,21,Female,Kolkata,Returning,2023-03-17
CUS107839,57,Male,Delhi,Returning,2023-08-09
CUS107779,19,Female,Mumbai,New,2023-07-08
CUS103916,53,Female,Hyderabad,High Value,2024-09-22
CUS102794,47,Male,Bengaluru,Loyal,2024-01-28
CUS104054,52,Male,Pune,Returning,2023-04-01
CUS103353,23,Male,Kolkata,Returning,2024-01-16
CUS104942,33,Other,Pune,New,2023-06-06
CUS102638,50,Female,Pune,Loyal,2023-11-24
CUS103734,53,Male,Ahmedabad,Loyal,2024-08-24
CUS105832,32,Male,Chennai,Returning,2023-04-20
CUS104477,30,Male,Kolkata,Loyal,2023-09-01
CUS102133,64,Male,Mumbai,Returning,2024-11-01
CUS107749,30,Male,Hyderabad,New,2024-05-21
CUS102087,30,Female,Chennai,New,2023-04-17
CUS107737,60,Female,Ahmedabad,Returning,2025-06-01
CUS107304,65,Male,Kolkata,New,2023-11-21
CUS102833,44,Female,Pune,Returning,2024-08-11
CUS102288,38,Female,Pune,Returning,2023-11-17
CUS101414,38,Male,Mumbai,High Value,2024-08-06
CUS107286,34,Male,Ahmedabad,Returning,2023-12-14
CUS101483,37,Female,Mumbai,Returning,2025-04-24
CUS101741,57,Male,Ahmedabad,New,2024-01-28
CUS106372,59,Female,Ahmedabad,New,2023-10-23
CUS105918,37,Male,Chennai,New,2025-01-19
CUS105103,61,Male,Chennai,Returning,2024-07-01
CUS107558,54,Female,Mumbai,Loyal,2023-10-23
CUS105484,19,Male,Chennai,Returning,2023-08-06
CUS106161,47,Male,Kolkata,New,2023-12-10
CUS106474,47,Other,Pune,New,2024-12-13
CUS102002,31,Female,Ahmedabad,New,2024-09-25
CUS106577,62,Male,Chennai,New,2023-03-05
CUS107483,35,Male,Ahmedabad,New,2023-01-30
CUS101720,56,Female,Mumbai,Returning,2025-04-30
CUS101328,40,Male,Ahmedabad,Returning,2023-03-31
CUS105950,60,Male,Bengaluru,Returning,2023-03-27
CUS100435,62,Male,Delhi,New,2023-06-30
CUS107080,26,Female,Kolkata,New,2023-06-06
CUS101373,40,Male,Chennai,High Value,2023-11-17
CUS104847,46,Female,Kolkata,Loyal,2024-07-07
CUS106275,45,Male,Mumbai,Returning,2025-04-26
CUS104338,44,Male,Chennai,Loyal,2024-06-17
CUS101044,53,Female,Delhi,New,2024-08-19
CUS104609,28,Male,Mumbai,New,2024-01-14
CUS101487,48,Male,Pune,New,2023-03-11
CUS101176,56,Female,Mumbai,Returning,2024-07-28
CUS107731,46,Male,Delhi,New,2023-09-04
CUS101429,23,Female,Chennai,New,2023-10-10
CUS106847,31,Female,Kolkata,New,2023-11-16
CUS102149,58,Male,Ahmedabad,New,2025-04-22
CUS102603,45,Male,Hyderabad,Loyal,2024-11-03
CUS105902,65,Other,Chennai,Returning,2024-01-18
CUS102457,24,Male,Delhi,Returning,2025-06-09
CUS105747,20,Female,Chennai,New,2023-12-11
CUS105681,31,Female,Delhi,Returning,2023-07-28
CUS107701,27,Male,Ahmedabad,New,2025-03-22
CUS103933,63,Male,Ahmedabad,High Value,2024-09-15
CUS100486,64,Male,Hyderabad,High Value,2024-12-16
CUS101057,19,Male,Mumbai,High Value,2025-04-30
CUS100199,59,Female,Bengaluru,Loyal,2023-10-29
CUS105409,23,Female,Kolkata,Loyal,2023-09-26
CUS105378,34,Male,Delhi,New,2024-01-17
CUS106323,29,Male,Kolkata,New,2023-09-10
CUS103882,65,Female,Chennai,Loyal,2023-12-24
CUS105614,24,Male,Mumbai,New,2024-04-30
CUS104373,55,Male,Hyderabad,Loyal,2024-06-21
CUS105494,24,Other,Pune,Returning,2023-10-23
CUS107072,38,Male,Mumbai,Loyal,2023-03-26
CUS106839,37,Male,Mumbai,Loyal,2023-08-03
CUS106232,42,Male,Hyderabad,New,2023-11-20
CUS102577,62,Female,Bengaluru,New,2025-03-21
CUS102487,25,Male,Mumbai,New,2025-06-16
CUS105214,21,Female,Bengaluru,Returning,2023-11-22
CUS107461,65,Male,Kolkata,Returning,2024-07-28
CUS100665,65,Male,Mumbai,Loyal,2024-10-27
CUS102644,18,Male,Pune,Loyal,2023-11-21
CUS100642,49,Male,Kolkata,Loyal,2024-07-21
CUS102372,39,Female,Ahmedabad,High Value,2023-11-08
CUS100176,28,Male,Ahmedabad,Returning,2023-02-16
CUS103143,43,Female,Bengaluru,New,2024-08-28
CUS103312,18,Female,Hyderabad,New,2025-04-24
CUS100786,23,Female,Chennai,Loyal,2024-08-22
CUS103268,54,Female,Kolkata,New,2023-02-05
CUS103410,27,Female,Delhi,Loyal,2023-08-30
CUS106018,29,Female,Chennai,New,2023-03-27
CUS100091,48,Male,Delhi,New,2025-06-15
CUS107527,34,Other,Bengaluru,New,2023-02-07
CUS106013,41,Male,Hyderabad,Loyal,2024-02-07
CUS102647,43,Male,Bengaluru,Loyal,2024-01-22
CUS104982,36,Male,Ahmedabad,Returning,2023-02-22
CUS100530,55,Male,Mumbai,High Value,2024-10-14
CUS103341,65,Male,Ahmedabad,New,2024-09-11
CUS100996,40,Male,Ahmedabad,Loyal,2024-01-24
CUS103169,36,Female,Chennai,Loyal,2024-10-15
CUS106586,45,Male,Kolkata,New,2023-02-06
CUS105890,27,Male,Hyderabad,Returning,2023-06-14
CUS100106,24,Female,Ahmedabad,Loyal,2024-08-18
CUS101345,44,Male,Bengaluru,Returning,2023-12-22
CUS101018,54,Female,Delhi,New,2024-01-09
CUS100131,55,Male,Ahmedabad,High Value,2023-08-30
CUS101479,46,Female,Hyderabad,Returning,2024-11-01
CUS101287,26,Male,Pune,Returning,2023-09-22
CUS105814,51,Male,Chennai,Loyal,2025-02-23
CUS107986,59,Female,Bengaluru,New,2024-05-14
CUS107471,20,Male,Pune,New,2024-02-20
CUS101867,41,Male,Pune,Returning,2023-08-21
CUS102534,54,Female,Bengaluru,New,2025-03-18
CUS107637,41,Female,Hyderabad,Returning,2024-06-29
CUS104466,25,Male,Mumbai,New,2023-08-21
CUS107784,56,Male,Bengaluru,New,2025-05-11
CUS103196,21,Female,Mumbai,Returning,2024-03-06
CUS104174,34,Male,Ahmedabad,Loyal,2023-11-11
CUS100694,54,Female,Bengaluru,Returning,2023-07-30
CUS103753,29,Male,Ahmedabad,New,2024-02-28
CUS104935,23,Other,Kolkata,New,2024-03-22
CUS100167,40,Male,Hyderabad,Returning,2024-07-01
CUS100367,64,Male,Kolkata,Loyal,2024-03-07
CUS102820,42,Male,Pune,Loyal,2023-07-20
CUS106033,41,Male,Ahmedabad,New,2023-07-19
CUS100835,42,Female,Bengaluru,Loyal,2023-11-14
CUS104343,29,Male,Hyderabad,New,2024-12-24
CUS101926,46,Male,Kolkata,New,2024-10-25
CUS106089,61,Female,Ahmedabad,New,2025-06-07
CUS102973,56,Female,Hyderabad,Loyal,2024-04-13
CUS104747,50,Female,Bengaluru,Returning,2023-07-20
CUS107696,57,Female,Mumbai,Returning,2024-02-28
CUS105381,39,Female,Chennai,New,2023-03-03
CUS102623,61,Female,Bengaluru,New,2023-09-17
CUS102287,31,Male,Chennai,Returning,2024-01-23
CUS107966,62,Female,Kolkata,Loyal,2025-05-07
CUS104771,46,Female,Chennai,New,2024-06-08
CUS106977,41,Male,Chennai,New,2024-03-27
CUS103620,60,Male,Delhi,New,2023-03-01
CUS102373,34,Female,Bengaluru,Loyal,2023-08-22
CUS106982,26,Female,Bengaluru,New,2025-04-13
CUS104254,47,Female,Kolkata,New,2023-03-10
CUS105312,30,Male,Ahmedabad,New,2024-11-05
CUS104165,28,Male,Kolkata,Loyal,2025-03-02
CUS102515,31,Male,Bengaluru,Returning,2025-06-04
CUS104545,51,Male,Ahmedabad,New,2023-01-13
CUS101650,64,Female,Ahmedabad,High Value,2024-05-27
CUS105937,50,Male,Mumbai,Returning,2024-02-17
CUS106005,60,Female,Pune,Loyal,2024-07-10
CUS107050,24,Male,Mumbai,Returning,2024-12-05
CUS104513,48,Female,Bengaluru,Returning,2023-06-28
CUS102840,63,Male,Delhi,New,2024-04-21
CUS106203,19,Female,Bengaluru,Loyal,2024-12-20
CUS101758,28,Male,Delhi,Loyal,2023-01-30
CUS105707,19,Male,Hyderabad,New,2025-06-13
CUS102464,19,Female,Delhi,Returning,2025-05-09
CUS107853,25,Male,Chennai,High Value,2024-01-02
CUS105967,36,Male,Pune,Loyal,2023-11-13
CUS104304,20,Female,Ahmedabad,Returning,2023-03-12
CUS107049,23,Male,Delhi,Returning,2025-04-07
CUS100073,61,Male,Bengaluru,Returning,2023-12-03
CUS105260,32,Male,Delhi,Returning,2023-07-01
CUS104157,57,Male,Bengaluru,Returning,2024-11-04
CUS101632,63,Male,Delhi,High Value,2024-12-01
CUS105597,32,Female,Kolkata,New,2024-04-04
CUS101775,21,Female,Bengaluru,Returning,2023-11-29
CUS106887,29,Male,Mumbai,New,2025-03-28
CUS102124,32,Male,Kolkata,New,2025-04-06
CUS101168,25,Male,Ahmedabad,Loyal,2024-05-25
CUS101550,62,Male,Mumbai,Loyal,2024-12-24
CUS105470,44,Female,Ahmedabad,Returning,2024-07-23
CUS102388,43,Male,Bengaluru,Loyal,2023-12-26
CUS101507,33,Male,Pune,Returning,2024-07-09
CUS105834,27,Female,Bengaluru,New,2023-08-20
CUS102941,20,Female,Kolkata,New,2024-11-18
CUS101718,51,Female,Kolkata,New,2023-01-16
CUS100031,29,Female,Bengaluru,Loyal,2025-01-15
CUS104091,39,Female,Delhi,Returning,2025-01-16
CUS104461,25,Male,Delhi,Loyal,2024-03-28
CUS107157,33,Female,Kolkata,Loyal,2023-08-11
CUS100168,33,Male,Delhi,Returning,2024-12-29
CUS104829,42,Female,Chennai,High Value,2023-11-07
CUS103660,30,Male,Ahmedabad,New,2024-12-15
CUS104727,65,Female,Delhi,New,2023-06-07
CUS101755,44,Female,Bengaluru,High Value,2024-05-12
CUS100805,26,Male,Hyderabad,New,2023-08-22
CUS107155,59,Female,Kolkata,Returning,2024-10-05
CUS107815,41,Male,Mumbai,New,2023-09-07
CUS107950,28,Male,Delhi,Returning,2024-09-16
CUS102210,37,Male,Pune,New,2024-06-28
CUS104693,19,Female,Hyderabad,Returning,2023-12-05
CUS103454,19,Male,Pune,Loyal,2024-12-05
CUS107680,64,Female,Delhi,New,2025-02-03
CUS101426,40,Female,Mumbai,High Value,2024-08-05
CUS101807,21,Female,Ahmedabad,Loyal,2023-11-19
CUS104410,40,Male,Ahmedabad,High Value,2023-06-12
CUS104751,25,Female,Pune,Returning,2024-02-03
CUS100026,29,Female,Hyderabad,New,2025-06-09
CUS106482,41,Other,Pune,Loyal,2024-02-02
CUS102918,53,Male,Delhi,Loyal,2024-04-22
CUS103708,32,Male,Chennai,New,2024-10-06
CUS101180,19,Female,Hyderabad,Loyal,2025-02-14
CUS105318,45,Female,Bengaluru,Returning,2023-10-29
CUS106193,57,Other,Chennai,New,2023-07-04
CUS107979,44,Male,Mumbai,Loyal,2023-07-06
CUS106146,18,Female,Chennai,Returning,2023-12-19
CUS107340,54,Female,Chennai,New,2023-06-23
CUS100500,32,Male,Pune,Returning,2024-03-27
CUS106467,57,Female,Mumbai,New,2023-05-18
CUS100437,20,Male,Bengaluru,Loyal,2023-10-01
CUS102112,50,Female,Kolkata,Loyal,2025-01-01
CUS101545,45,Female,Mumbai,New,2023-10-15
CUS107066,65,Female,Pune,Returning,2023-10-18
CUS105250,21,Male,Bengaluru,Returning,2024-09-13
CUS107739,25,Female,Bengaluru,New,2024-11-30
CUS103892,58,Female,Bengaluru,Returning,2024-11-27
CUS101811,45,Female,Delhi,Loyal,2024-07-30
CUS102641,45,Male,Bengaluru,Returning,2023-05-02
CUS101971,26,Male,Mumbai,Returning,2023-03-14
CUS105990,32,Female,Bengaluru,Loyal,2023-07-12
CUS107936,36,Female,Ahmedabad,Returning,2024-02-02
CUS103076,51,Male,Chennai,Loyal,2024-09-06
CUS101965,60,Male,Hyderabad,Returning,2024-04-20
CUS107048,28,Male,Chennai,New,2023-07-21
CUS105048,33,Female,Chennai,Loyal,2024-09-04
CUS103751,23,Female,Hyderabad,Returning,2025-04-02
CUS105659,39,Female,Delhi,Loyal,2025-05-24
CUS102776,35,Female,Pune,Returning,2023-01-30
CUS101922,62,Female,Hyderabad,New,2024-08-18
CUS101916,32,Male,Bengaluru,Loyal,2023-05-30
CUS100534,20,Other,Pune,Returning,2023-07-16
CUS105400,49,Female,Chennai,Returning,2023-05-17
CUS100585,37,Male,Mumbai,High Value,2025-01-01
CUS106451,55,Female,Delhi,New,2024-06-12
CUS105288,19,Male,Delhi,New,2023-04-23
CUS105009,53,Male,Hyderabad,Returning,2024-09-11
CUS102318,18,Male,Mumbai,New,2024-07-14
CUS103463,47,Male,Ahmedabad,New,2024-02-10
CUS100491,35,Female,Kolkata,New,2024-11-13
CUS105313,44,Male,Kolkata,Returning,2024-02-29
CUS104674,24,Male,Chennai,Returning,2024-03-29
CUS105752,38,Female,Ahmedabad,New,2025-05-18
CUS104561,31,Female,Mumbai,Returning,2023-07-31
CUS102510,23,Other,Hyderabad,Returning,2024-06-22
CUS103438,52,Female,Chennai,Loyal,2023-10-16
CUS100852,58,Other,Kolkata,Returning,2024-12-11
CUS101978,36,Male,Ahmedabad,Returning,2024-11-27
CUS106369,57,Female,Kolkata,New,2024-12-22
CUS101699,20,Female,Kolkata,New,2025-02-14
CUS106989,23,Female,Delhi,Returning,2023-04-15
CUS105962,47,Male,Hyderabad,New,2023-06-11
CUS102629,58,Male,Pune,Returning,2024-03-29
CUS102404,37,Male,Hyderabad,New,2023-02-28
CUS100397,36,Female,Delhi,Returning,2024-04-07
CUS102018,26,Female,Delhi,New,2023-09-06
CUS107545,30,Female,Kolkata,Returning,2023-08-26
CUS100401,18,Male,Kolkata,Returning,2024-04-25
CUS104810,53,Female,Mumbai,New,2024-10-15
CUS107535,34,Other,Bengaluru,Returning,2024-07-28
CUS107030,33,Female,Kolkata,High Value,2023-10-10
CUS107353,50,Female,Chennai,Returning,2025-03-12
CUS105706,49,Male,Ahmedabad,New,2023-06-07
CUS107302,37,Female,Hyderabad,Returning,2025-02-08
CUS105955,26,Female,Hyderabad,Loyal,2024-06-21
CUS106086,46,Male,Pune,Returning,2023-01-28
CUS107943,42,Female,Pune,New,2023-05-29
CUS100573,46,Female,Ahmedabad,Loyal,2023-06-21
CUS102495,50,Female,Pune,Returning,2023-02-05
CUS104556,30,Male,Delhi,High Value,2025-01-26
CUS102728,42,Female,Kolkata,Returning,2024-09-17
CUS106853,41,Male,Hyderabad,New,2023-07-17
CUS100535,26,Male,Kolkata,Returning,2023-07-09
CUS105858,56,Female,Pune,Returning,2025-02-17
CUS103905,20,Male,Kolkata,Returning,2023-06-24
CUS104201,52,Female,Chennai,High Value,2024-08-30
CUS105945,65,Female,Kolkata,New,2025-03-29
CUS106746,31,Other,Hyderabad,New,2024-07-22
CUS101221,24,Female,Chennai,Returning,2023-09-02
CUS103544,36,Male,Pune,High Value,2024-06-21
CUS101501,40,Male,Ahmedabad,High Value,2024-06-24
CUS100473,47,Female,Kolkata,Returning,2023-06-11
CUS106496,62,Female,Chennai,High Value,2023-04-24
CUS103524,28,Female,Delhi,Returning,2023-07-04
CUS100881,65,Female,Pune,Returning,2023-11-01
CUS100051,50,Female,Pune,Loyal,2023-02-11
CUS105939,31,Female,Delhi,Returning,2023-06-06
CUS101877,41,Male,Ahmedabad,Returning,2023-04-06
CUS103334,41,Female,Pune,New,2023-06-14
CUS100469,18,Male,Bengaluru,New,2025-01-13
CUS107764,42,Female,Ahmedabad,New,2023-03-08
CUS106916,52,Male,Delhi,Returning,2024-05-02
CUS100247,22,Female,Chennai,New,2023-02-09
CUS103071,43,Female,Bengaluru,Loyal,2023-11-26
CUS106187,37,Female,Kolkata,High Value,2025-05-31
CUS100865,23,Female,Ahmedabad,Returning,2025-03-26
CUS100761,22,Female,Hyderabad,New,2023-01-07
CUS106679,38,Female,Ahmedabad,New,2023-11-04
CUS101558,25,Female,Hyderabad,Loyal,2023-12-05
CUS105702,37,Male,Delhi,New,2023-02-22
CUS106732,22,Female,Kolkata,Loyal,2023-03-22
CUS103455,42,Male,Ahmedabad,Loyal,2024-03-28
CUS103346,30,Male,Kolkata,New,2025-02-03
CUS100425,29,Male,Hyderabad,Loyal,2024-10-21
CUS103000,61,Female,Mumbai,New,2024-11-09
CUS103347,41,Male,Delhi,Returning,2024-01-17
CUS107135,52,Male,Chennai,Returning,2023-10-26
CUS100228,37,Male,Mumbai,Returning,2024-03-26
CUS107025,44,Male,Kolkata,New,2023-04-02
CUS104334,32,Male,Bengaluru,Returning,2024-08-21
CUS100693,36,Male,Delhi,Loyal,2024-09-21
CUS101041,63,Male,Delhi,High Value,2025-02-10
CUS102771,20,Male,Hyderabad,Loyal,2023-02-09
CUS104434,42,Male,Kolkata,High Value,2023-10-07
CUS101765,39,Male,Kolkata,Loyal,2024-03-30
CUS103477,59,Female,Chennai,New,2024-11-12
CUS104032,65,Female,Chennai,New,2023-07-01
CUS102921,58,Female,Hyderabad,Loyal,2023-08-06
CUS106217,29,Female,Hyderabad,Loyal,2025-05-11
CUS104762,44,Male,Kolkata,Returning,2024-04-18
CUS101128,29,Female,Pune,Returning,2023-11-09
CUS105635,41,Male,Delhi,New,2024-11-23
CUS106449,20,Female,Bengaluru,New,2024-10-13
CUS104631,63,Female,Hyderabad,Loyal,2023-08-05
CUS100058,53,Male,Kolkata,Loyal,2023-12-07
CUS101330,43,Female,Delhi,High Value,2024-09-05
CUS102399,55,Male,Chennai,High Value,2023-01-10
CUS101302,62,Male,Pune,Loyal,2024-02-08
CUS104734,46,Female,Delhi,New,2023-05-11
CUS107017,35,Other,Kolkata,New,2023-12-04
CUS100096,33,Male,Bengaluru,High Value,2024-04-06
CUS100960,31,Male,Pune,Returning,2024-09-26
CUS103611,21,Female,Bengaluru,New,2025-03-09
CUS105125,64,Female,Chennai,New,2025-01-09
CUS100877,43,Female,Pune,Loyal,2024-07-17
CUS107290,64,Male,Delhi,New,2024-05-15
CUS100156,18,Male,Bengaluru,New,2023-03-31
CUS104034,29,Female,Bengaluru,New,2025-02-09
CUS104245,36,Male,Kolkata,Returning,2023-10-15
CUS100611,60,Male,Hyderabad,New,2024-02-24
CUS106733,57,Male,Hyderabad,Loyal,2025-03-13
CUS107024,26,Male,Chennai,Loyal,2024-07-26
CUS101188,23,Female,Pune,High Value,2024-07-25
CUS107144,60,Female,Kolkata,Returning,2023-04-16
CUS100447,24,Male,Chennai,Returning,2025-02-03
CUS105337,23,Female,Delhi,New,2024-12-19
CUS102275,39,Male,Delhi,High Value,2024-08-31
CUS100592,30,Male,Bengaluru,High Value,2024-10-15
CUS101888,52,Male,Ahmedabad,Returning,2024-03-31
CUS104322,50,Female,Mumbai,New,2024-09-23
CUS107361,26,Male,Pune,New,2024-06-15
CUS103090,35,Female,Bengaluru,Loyal,2023-11-18
CUS107863,31,Male,Ahmedabad,Loyal,2024-06-02
CUS106510,23,Male,Ahmedabad,New,2024-01-30
CUS100847,24,Male,Ahmedabad,Returning,2024-04-03
CUS106116,32,Female,Mumbai,New,2023-10-02
CUS107597,42,Female,Hyderabad,Loyal,2023-01-09
CUS100624,62,Female,Kolkata,Loyal,2025-04-14
CUS102178,45,Female,Hyderabad,New,2024-07-11
CUS107714,39,Male,Delhi,Returning,2023-08-10
CUS104775,46,Female,Ahmedabad,Loyal,2023-01-02
CUS107746,28,Female,Bengaluru,New,2023-07-21
CUS103931,20,Female,Chennai,High Value,2025-03-18
CUS100756,63,Other,Kolkata,Returning,2024-03-29
CUS102815,62,Male,Mumbai,New,2024-05-30
CUS104722,38,Female,Kolkata,New,2023-09-27
CUS105674,49,Female,Chennai,New,2023-07-06
CUS107052,49,Female,Bengaluru,New,2024-03-02
CUS106646,18,Female,Ahmedabad,New,2023-08-08
CUS101557,53,Female,Ahmedabad,Returning,2025-04-22
CUS106704,41,Female,Kolkata,New,2024-02-04
CUS105810,25,Male,Kolkata,New,2023-05-28
CUS103154,30,Male,Hyderabad,Loyal,2024-04-16
CUS107710,44,Male,Pune,Returning,2025-01-04
CUS101586,29,Male,Delhi,New,2023-10-25
CUS102029,29,Female,Kolkata,Returning,2023-12-06
CUS100764,53,Male,Hyderabad,Loyal,2025-01-12
CUS106499,51,Female,Ahmedabad,Returning,2024-04-07
CUS104509,58,Male,Bengaluru,New,2023-08-27
CUS107313,23,Female,Hyderabad,Returning,2023-08-18
CUS107976,58,Female,Chennai,High Value,2023-03-11
CUS105414,31,Female,Kolkata,New,2023-09-25
CUS101259,22,Male,Pune,Loyal,2023-08-27
CUS101515,25,Male,Pune,New,2023-02-14
CUS104075,59,Female,Mumbai,New,2024-10-25
CUS101024,59,Female,Pune,Returning,2025-01-12
CUS104058,21,Male,Kolkata,Loyal,2023-04-20
CUS100752,46,Female,Mumbai,High Value,2025-03-23
CUS101402,26,Male,Delhi,New,2023-11-26
CUS102441,33,Other,Bengaluru,Returning,2024-07-27
CUS100351,26,Male,Delhi,New,2024-06-16
CUS102927,49,Male,Pune,High Value,2024-11-12
CUS101430,27,Male,Mumbai,Loyal,2023-03-09
CUS101940,34,Female,Bengaluru,Returning,2025-05-19
CUS107748,48,Female,Bengaluru,Loyal,2024-01-08
CUS105927,48,Male,Kolkata,New,2024-12-21
CUS103689,20,Female,Mumbai,Returning,2024-07-23
CUS103214,62,Male,Kolkata,Returning,2024-11-14
CUS100561,20,Male,Pune,New,2024-10-10
CUS104657,62,Male,Hyderabad,Loyal,2024-02-09
CUS104382,51,Male,Ahmedabad,Returning,2023-05-28
CUS104222,26,Male,Chennai,New,2023-11-11
CUS104528,47,Female,Chennai,New,2023-11-24
CUS107478,46,Female,Pune,New,2023-04-24
CUS105234,58,Female,Kolkata,Returning,2024-11-22
CUS101047,48,Male,Kolkata,New,2023-05-31
CUS107308,61,Male,Hyderabad,Returning,2024-03-14
CUS105369,24,Female,Hyderabad,New,2023-09-11
CUS100414,37,Male,Kolkata,Returning,2024-09-24
CUS102488,54,Female,Delhi,New,2023-01-24
CUS107054,53,Male,Pune,Loyal,2023-12-29
CUS105410,60,Male,Mumbai,New,2024-02-19
CUS103833,47,Male,Delhi,Returning,2025-01-22
CUS103274,41,Female,Chennai,Loyal,2023-12-03
CUS104960,37,Female,Kolkata,New,2024-06-17
CUS104742,59,Male,Bengaluru,High Value,2024-03-04
CUS101835,39,Male,Ahmedabad,Returning,2023-05-14
CUS106052,55,Female,Hyderabad,New,2025-05-31
CUS103317,30,Male,Kolkata,Loyal,2025-01-09
CUS106595,19,Female,Kolkata,New,2024-09-15
CUS105862,42,Female,Hyderabad,Returning,2023-05-23
CUS103142,57,Male,Pune,Returning,2023-10-30
CUS107905,65,Male,Hyderabad,Returning,2023-03-02
CUS100842,57,Female,Kolkata,High Value,2024-05-24
CUS101146,60,Male,Kolkata,New,2024-09-17
CUS101995,53,Male,Kolkata,New,2023-10-16
CUS101871,42,Female,Hyderabad,Returning,2023-05-25
CUS106675,63,Male,Kolkata,Loyal,2025-03-14
CUS101253,57,Male,Pune,New,2024-11-22
CUS103782,60,Male,Chennai,Loyal,2024-01-12
CUS104604,44,Male,Kolkata,Loyal,2023-03-17
CUS104915,28,Male,Mumbai,Loyal,2024-10-26
CUS103704,58,Female,Chennai,Loyal,2023-03-15
CUS105493,48,Male,Kolkata,Returning,2023-12-07
CUS107534,26,Female,Hyderabad,New,2024-06-25
CUS100378,30,Female,Kolkata,New,2023-07-06
CUS103515,20,Female,Delhi,New,2023-12-31
CUS105634,62,Male,Hyderabad,New,2025-04-05
CUS101335,41,Male,Kolkata,New,2025-01-02
CUS101223,60,Female,Ahmedabad,Returning,2023-04-28
CUS102726,22,Male,Hyderabad,High Value,2024-01-01
CUS104907,44,Female,Delhi,Returning,2025-01-18
CUS105067,52,Female,Hyderabad,High Value,2024-11-28
CUS104686,32,Other,Mumbai,Returning,2024-09-06
CUS103203,38,Female,Pune,New,2023-01-05
CUS107652,36,Male,Kolkata,New,2025-05-28
CUS107191,18,Male,Chennai,New,2025-01-16
CUS107039,56,Female,Bengaluru,Returning,2023-05-22
CUS105533,20,Female,Bengaluru,Loyal,2024-04-26
CUS106147,60,Female,Mumbai,High Value,2023-05-22
CUS107232,37,Male,Chennai,New,2023-06-05
CUS105391,24,Female,Kolkata,Returning,2024-10-10
CUS104159,61,Male,Kolkata,Returning,2024-06-26
CUS102887,29,Male,Chennai,Returning,2024-05-14
CUS103159,29,Female,Delhi,Returning,2024-02-29
CUS103836,23,Female,Kolkata,Loyal,2023-06-17
CUS101509,34,Female,Mumbai,Returning,2024-11-20
CUS104128,41,Female,Kolkata,New,2025-05-07
CUS105583,31,Male,Chennai,New,2024-06-07
CUS107387,55,Female,Bengaluru,High Value,2025-01-19
CUS102498,60,Female,Delhi,Returning,2023-07-25
CUS101454,56,Female,Ahmedabad,New,2024-04-22
CUS104819,60,Male,Bengaluru,New,2024-03-04
CUS101406,29,Male,Mumbai,New,2025-03-02
CUS105688,42,Male,Chennai,New,2024-08-17
CUS101175,50,Male,Chennai,Returning,2024-03-25
CUS105438,27,Male,Ahmedabad,New,2025-03-19
CUS101566,45,Other,Hyderabad,New,2023-10-28
CUS105822,57,Male,Hyderabad,New,2024-08-21
CUS101840,33,Female,Delhi,New,2024-12-31
CUS103745,38,Male,Mumbai,New,2025-03-09
CUS104844,61,Male,Kolkata,New,2023-07-28
CUS107506,54,Female,Kolkata,High Value,2023-05-27
CUS100547,46,Male,Delhi,New,2023-08-26
CUS107227,40,Female,Bengaluru,New,2023-02-14
CUS104668,62,Male,Pune,Loyal,2024-05-04
CUS104446,46,Male,Delhi,Loyal,2023-05-06
CUS100172,21,Female,Bengaluru,Returning,2024-05-21
CUS105591,34,Male,Mumbai,New,2023-12-21
CUS107583,63,Female,Hyderabad,High Value,2023-06-06
CUS101730,42,Male,Mumbai,New,2023-11-10
CUS105140,31,Female,Ahmedabad,New,2023-03-07
CUS101732,27,Female,Hyderabad,New,2023-07-14
CUS102991,55,Male,Chennai,Loyal,2023-01-20
CUS103102,22,Male,Delhi,New,2023-08-25
CUS102586,46,Male,Ahmedabad,New,2024-01-29
CUS102960,33,Female,Ahmedabad,High Value,2025-01-03
CUS107092,32,Male,Delhi,High Value,2024-12-21
CUS104370,30,Male,Chennai,New,2024-06-25
CUS106807,47,Male,Chennai,High Value,2023-07-29
CUS103103,58,Female,Hyderabad,New,2025-02-08
CUS101038,44,Female,Mumbai,Returning,2024-06-11
CUS100323,33,Female,Chennai,New,2023-11-03
CUS107244,43,Male,Bengaluru,Returning,2025-04-26
CUS104196,29,Female,Pune,Returning,2025-01-27
CUS102266,46,Female,Kolkata,Loyal,2024-04-07
CUS103961,25,Female,Delhi,New,2024-10-22
CUS104235,45,Male,Delhi,Loyal,2025-06-02
CUS102291,29,Female,Pune,Loyal,2023-12-12
CUS100893,34,Male,Kolkata,New,2024-08-02
CUS101535,50,Female,Pune,Loyal,2024-09-24
CUS100324,26,Female,Pune,Loyal,2025-05-27
CUS101215,56,Female,Pune,Loyal,2024-02-16
CUS103181,27,Female,Ahmedabad,Loyal,2023-06-05
CUS105525,30,Female,Ahmedabad,Returning,2024-06-15
CUS104651,23,Male,Pune,Returning,2024-09-12
CUS107465,56,Male,Mumbai,New,2023-09-25
CUS107060,54,Female,Hyderabad,High Value,2024-07-31
CUS104270,28,Female,Delhi,Returning,2024-11-12
CUS101129,24,Female,Delhi,Returning,2023-11-21
CUS104959,29,Male,Delhi,Returning,2024-08-22
CUS102183,59,Male,Ahmedabad,Loyal,2025-02-15
CUS102922,19,Male,Kolkata,Returning,2024-08-02
CUS100664,28,Male,Chennai,New,2024-12-17
CUS104953,63,Female,Bengaluru,High Value,2025-04-15
CUS103320,36,Female,Hyderabad,New,2024-04-24
CUS100208,22,Female,Bengaluru,Returning,2024-11-21
CUS105099,62,Male,Hyderabad,Returning,2024-06-17
CUS100747,65,Female,Kolkata,Returning,2024-06-25
CUS103593,59,Female,Bengaluru,New,2024-11-25
CUS104562,50,Female,Bengaluru,New,2023-11-06
CUS100798,52,Female,Ahmedabad,Returning,2024-11-04
CUS100088,65,Male,Bengaluru,New,2023-10-24
CUS100734,60,Male,Chennai,New,2024-06-29
CUS107219,37,Female,Mumbai,Loyal,2024-04-23
CUS106227,27,Male,Delhi,High Value,2024-05-17
CUS102818,32,Male,Ahmedabad,Loyal,2023-03-04
CUS101174,32,Male,Ahmedabad,Returning,2023-11-08
CUS102036,48,Male,Hyderabad,Returning,2024-04-10
CUS107261,64,Male,Ahmedabad,New,2023-12-10
CUS101153,24,Female,Hyderabad,Returning,2023-11-17
CUS100198,18,Male,Mumbai,Loyal,2024-03-04
CUS102688,56,Male,Hyderabad,Loyal,2023-07-01
CUS106936,37,Male,Kolkata,New,2025-02-11
CUS101097,41,Female,Ahmedabad,New,2023-07-10
CUS100548,36,Female,Ahmedabad,Returning,2023-02-12
CUS107705,42,Female,Kolkata,Returning,2024-08-27
CUS105070,18,Female,Bengaluru,New,2025-04-07
CUS107263,51,Female,Mumbai,Returning,2023-12-01
CUS106525,32,Male,Bengaluru,Returning,2024-02-21
CUS101321,45,Male,Ahmedabad,Loyal,2023-03-22
CUS103409,36,Female,Delhi,High Value,2024-03-13
CUS102063,45,Male,Mumbai,Returning,2023-08-15
CUS102264,43,Female,Hyderabad,Returning,2023-05-03
CUS104655,44,Male,Mumbai,Returning,2024-06-23
CUS103915,28,Male,Pune,Returning,2025-06-10
CUS105368,27,Male,Bengaluru,Returning,2023-08-08
CUS103980,43,Female,Mumbai,High Value,2025-06-13
CUS102405,19,Female,Chennai,Loyal,2023-04-20
CUS105528,22,Male,Pune,New,2024-05-02
CUS105359,33,Female,Hyderabad,Loyal,2024-06-01
CUS107484,24,Female,Delhi,New,2023-10-13
CUS106888,18,Male,Chennai,Returning,2024-07-30
CUS102263,47,Male,Kolkata,New,2025-05-31
CUS103615,58,Other,Kolkata,Loyal,2023-06-21
CUS100937,52,Male,Ahmedabad,Returning,2024-08-31
CUS107843,37,Male,Kolkata,Returning,2023-05-31
CUS102799,20,Female,Kolkata,Loyal,2023-11-11
CUS101803,20,Male,Mumbai,Returning,2023-07-04
CUS104333,60,Male,Delhi,New,2024-02-18
CUS107995,59,Female,Kolkata,New,2025-06-13
CUS106348,60,Male,Kolkata,Loyal,2023-05-31
CUS106271,60,Female,Pune,Returning,2023-12-26
CUS104280,49,Male,Hyderabad,Returning,2023-03-19
CUS106152,39,Male,Ahmedabad,Returning,2025-06-06
CUS107226,40,Female,Hyderabad,Returning,2024-12-17
CUS102796,51,Female,Hyderabad,Loyal,2023-06-11
CUS104392,56,Male,Mumbai,Loyal,2024-11-07
CUS106583,47,Male,Delhi,Loyal,2024-06-28
CUS106964,37,Female,Delhi,High Value,2023-11-01
CUS100620,30,Other,Chennai,Loyal,2023-06-15
CUS104086,52,Male,Bengaluru,New,2025-01-06
CUS104220,21,Female,Delhi,New,2023-08-04
CUS105194,45,Male,Chennai,Loyal,2023-05-17
CUS100478,65,Female,Chennai,Returning,2023-05-22
CUS101352,25,Female,Kolkata,High Value,2023-04-23
CUS107971,44,Male,Hyderabad,Loyal,2024-11-16
CUS107126,40,Female,Mumbai,Returning,2023-01-15
CUS105896,55,Male,Delhi,New,2024-09-17
CUS101870,19,Male,Delhi,Loyal,2024-06-28
CUS102517,44,Male,Pune,New,2023-10-07
CUS105930,19,Male,Kolkata,New,2025-02-04
CUS101033,61,Female,Mumbai,Loyal,2023-09-11
CUS104046,29,Male,Mumbai,New,2024-07-11
CUS100286,32,Male,Kolkata,Loyal,2025-04-17
CUS100550,45,Male,Hyderabad,New,2024-12-22
CUS101768,31,Male,Bengaluru,Returning,2024-11-05
CUS105679,63,Female,Ahmedabad,New,2024-10-06
CUS106867,27,Male,Bengaluru,New,2023-01-12
CUS106561,54,Male,Ahmedabad,Returning,2024-07-24
CUS106091,56,Male,Chennai,Loyal,2024-09-08
CUS104963,53,Male,Kolkata,New,2025-04-20
CUS101672,45,Male,Ahmedabad,New,2023-12-02
CUS101425,23,Male,Bengaluru,Loyal,2025-03-04
CUS105480,48,Male,Kolkata,New,2023-02-06
CUS105981,20,Female,Kolkata,High Value,2024-09-21
CUS103624,53,Male,Hyderabad,Returning,2025-05-14
CUS101726,31,Male,Mumbai,New,2023-09-23
CUS105065,57,Female,Pune,Loyal,2024-10-06
CUS105781,45,Female,Ahmedabad,New,2023-12-28
CUS104961,36,Female,Ahmedabad,Returning,2024-01-08
CUS106559,58,Male,Chennai,New,2023-11-30
CUS107776,24,Female,Pune,Loyal,2025-06-14
CUS101747,63,Other,Delhi,Loyal,2024-11-17
CUS107670,28,Female,Pune,Returning,2023-10-09
CUS105300,31,Female,Pune,Loyal,2023-09-26
CUS107587,40,Female,Ahmedabad,New,2025-03-12
CUS107202,18,Other,Delhi,Returning,2024-12-16
CUS103381,34,Male,Kolkata,Loyal,2023-07-02
CUS102132,34,Male,Hyderabad,New,2023-02-01
CUS103262,40,Male,Pune,Returning,2024-11-28
CUS104866,30,Female,Ahmedabad,Returning,2023-03-20
CUS103903,37,Male,Chennai,Returning,2024-03-15
CUS102988,53,Male,Chennai,Returning,2024-11-03
CUS100701,34,Male,Chennai,Returning,2023-06-10
CUS104750,33,Male,Kolkata,Loyal,2024-07-12
CUS104962,34,Female,Kolkata,Returning,2024-07-29
CUS104078,24,Male,Kolkata,Loyal,2024-12-17
CUS105037,28,Female,Kolkata,Loyal,2024-12-18
CUS107086,23,Male,Mumbai,New,2023-02-28
CUS101554,21,Other,Kolkata,Returning,2025-03-12
CUS106999,57,Female,Mumbai,Loyal,2024-10-03
CUS101941,24,Male,Delhi,New,2025-02-08
CUS102879,28,Male,Kolkata,Loyal,2025-03-26
CUS103869,35,Female,Bengaluru,New,2024-05-11
CUS105598,61,Male,Hyderabad,Loyal,2025-01-08
CUS100833,55,Female,Delhi,Returning,2023-05-26
CUS106923,35,Male,Delhi,Loyal,2025-02-27
CUS105762,41,Female,Bengaluru,New,2024-08-20
CUS100549,24,Male,Pune,Returning,2024-12-20
CUS101020,61,Female,Mumbai,New,2024-09-14
CUS100248,50,Male,Mumbai,Loyal,2023-07-30
CUS104442,54,Female,Kolkata,Loyal,2025-02-22
CUS106216,31,Female,Delhi,New,2024-04-17
CUS100296,64,Male,Pune,Returning,2025-01-04
CUS102867,35,Female,Bengaluru,New,2024-04-24
CUS100057,35,Male,Kolkata,New,2023-06-30
CUS103710,27,Male,Kolkata,Returning,2023-07-10
CUS104110,53,Male,Mumbai,New,2023-06-26
CUS105843,55,Female,Hyderabad,Loyal,2023-04-07
CUS102963,23,Male,Pune,High Value,2023-05-30
CUS104098,22,Female,Pune,New,2024-10-09
CUS100100,47,Male,Mumbai,Returning,2023-06-20
CUS107948,46,Female,Hyderabad,High Value,2024-10-16
CUS101928,48,Female,Mumbai,Loyal,2023-01-05
CUS106722,53,Female,Hyderabad,Returning,2024-04-17
CUS102997,46,Female,Ahmedabad,New,2023-10-27
CUS102358,62,Female,Pune,High Value,2024-07-10
CUS100532,50,Male,Delhi,New,2023-01-31
CUS107466,51,Male,Bengaluru,New,2025-05-11
CUS102249,62,Female,Ahmedabad,Loyal,2025-06-10
CUS106753,42,Female,Ahmedabad,New,2025-02-02
CUS101370,58,Other,Mumbai,Loyal,2023-08-12
CUS106742,19,Female,Chennai,Returning,2024-06-22
CUS100346,50,Male,Bengaluru,Returning,2024-07-04
CUS107876,49,Female,Mumbai,High Value,2023-01-21
CUS105830,48,Male,Ahmedabad,New,2024-03-22
CUS102484,55,Male,Hyderabad,Loyal,2024-10-31
CUS105510,18,Male,Chennai,Loyal,2023-07-27
CUS100681,37,Female,Mumbai,New,2023-12-07
CUS100434,29,Female,Kolkata,High Value,2023-06-14
CUS103519,53,Female,Hyderabad,High Value,2023-01-24
CUS102611,48,Female,Mumbai,Loyal,2023-09-30
CUS103889,57,Female,Hyderabad,New,2023-08-10
CUS101489,62,Male,Kolkata,Returning,2024-01-24
CUS105345,55,Female,Hyderabad,New,2024-02-05
CUS106416,54,Female,Delhi,Loyal,2023-12-18
CUS107969,53,Female,Bengaluru,Returning,2023-08-10
CUS103289,43,Male,Kolkata,Loyal,2023-08-27
CUS102031,54,Female,Mumbai,Returning,2024-05-20
CUS106837,23,Male,Delhi,New,2023-04-06
CUS107076,20,Male,Delhi,New,2024-04-06
CUS102748,50,Female,Kolkata,New,2024-09-23
CUS103098,40,Female,Delhi,New,2024-05-25
CUS101181,65,Male,Chennai,New,2023-07-20
CUS101375,40,Female,Hyderabad,New,2024-09-20
CUS105771,43,Female,Bengaluru,High Value,2024-01-18
CUS104362,62,Female,Ahmedabad,New,2023-04-16
CUS105840,30,Female,Bengaluru,New,2024-02-02
CUS100626,65,Male,Pune,New,2024-07-08
CUS102164,52,Male,Kolkata,New,2023-09-29
CUS105349,25,Female,Delhi,Loyal,2025-02-20
CUS105141,32,Male,Pune,Loyal,2025-02-16
CUS101643,36,Female,Mumbai,Loyal,2024-02-11
CUS106778,22,Female,Bengaluru,New,2023-10-26
CUS100084,42,Male,Mumbai,New,2024-04-08
CUS106281,53,Male,Chennai,Returning,2023-01-22
CUS104247,29,Female,Hyderabad,New,2024-08-10
CUS102937,25,Male,Kolkata,Returning,2024-04-09
CUS104715,27,Male,Mumbai,New,2023-01-13
CUS102115,26,Male,Ahmedabad,Returning,2025-03-03
CUS102578,34,Male,Mumbai,Returning,2023-11-17
CUS103692,26,Female,Ahmedabad,Returning,2025-06-01
CUS100418,40,Male,Pune,Loyal,2025-06-11
CUS104292,35,Male,Ahmedabad,New,2024-12-17
CUS107278,50,Male,Mumbai,Returning,2024-11-02
CUS103404,40,Female,Hyderabad,New,2024-11-05
CUS107723,53,Male,Delhi,Returning,2023-08-23
CUS102899,25,Female,Pune,New,2023-10-30
CUS100293,38,Female,Chennai,Loyal,2024-11-27
CUS107442,52,Male,Chennai,Returning,2023-01-07
CUS107618,39,Male,Pune,Returning,2024-11-08
CUS106163,31,Female,Bengaluru,Returning,2024-05-06
CUS106747,36,Female,Chennai,New,2024-10-10
CUS107037,36,Male,Ahmedabad,New,2024-09-09
CUS101634,42,Male,Delhi,New,2023-04-11
CUS105948,39,Other,Chennai,Loyal,2023-08-17
CUS107732,44,Male,Hyderabad,New,2023-10-02
CUS105119,26,Male,Pune,Loyal,2023-11-02
CUS101149,65,Female,Mumbai,New,2023-08-01
CUS103552,31,Male,Delhi,Returning,2024-04-20
CUS103862,58,Female,Kolkata,New,2024-12-01
CUS106195,28,Male,Pune,Returning,2023-04-12
CUS102034,35,Male,Pune,Returning,2023-10-10
CUS106581,40,Female,Ahmedabad,New,2025-03-16
CUS107757,18,Male,Bengaluru,Loyal,2024-06-20
CUS105697,39,Male,Hyderabad,New,2025-06-03
CUS100438,41,Female,Hyderabad,High Value,2023-12-02
CUS102948,51,Male,Chennai,New,2024-09-04
CUS101298,65,Male,Chennai,Returning,2023-01-13
CUS105857,32,Male,Pune,Loyal,2024-02-25
CUS106570,35,Male,Bengaluru,New,2023-03-02
CUS103817,45,Male,Hyderabad,High Value,2024-03-04
CUS102245,55,Female,Kolkata,New,2024-08-18
CUS106304,47,Male,Chennai,Returning,2023-08-01
CUS105282,54,Female,Pune,New,2023-04-01
CUS106314,46,Female,Hyderabad,Returning,2024-10-07
CUS104210,57,Female,Pune,Returning,2023-04-19
CUS107620,44,Male,Mumbai,New,2024-12-14
CUS104739,45,Female,Chennai,Loyal,2025-01-25
CUS100373,29,Female,Ahmedabad,Loyal,2023-06-22
CUS104575,28,Female,Mumbai,New,2025-04-18
CUS105933,41,Female,Kolkata,New,2024-10-06
CUS103392,41,Male,Hyderabad,New,2024-09-22
CUS103601,26,Male,Hyderabad,New,2024-12-24
CUS104503,21,Female,Ahmedabad,New,2024-12-18
CUS104436,43,Male,Hyderabad,New,2024-01-30
CUS107886,52,Female,Ahmedabad,New,2024-10-24
CUS104224,29,Male,Ahmedabad,New,2024-04-11
CUS106860,48,Female,Hyderabad,New,2023-04-16
CUS104449,21,Male,Pune,New,2023-06-04
CUS102412,35,Male,Pune,High Value,2025-01-19
CUS102859,42,Female,Ahmedabad,Returning,2025-05-10
CUS101793,28,Male,Delhi,High Value,2023-04-17
CUS101393,27,Male,Mumbai,High Value,2024-10-21
CUS100812,60,Female,Bengaluru,Returning,2024-08-04
CUS102348,55,Female,Pune,Returning,2025-04-25
CUS105983,18,Female,Kolkata,New,2023-01-12
CUS106073,57,Male,Kolkata,Loyal,2023-12-16
CUS106266,19,Male,Delhi,High Value,2023-01-18
CUS103014,64,Female,Chennai,New,2025-01-14
CUS102166,54,Male,Delhi,Returning,2023-12-16
CUS103929,31,Male,Hyderabad,New,2024-08-01
CUS104412,26,Male,Ahmedabad,High Value,2023-10-12
CUS105729,60,Male,Hyderabad,Returning,2023-06-24
CUS103309,46,Female,Kolkata,Loyal,2024-11-14
CUS106690,28,Male,Delhi,New,2024-07-25
CUS105894,32,Male,Mumbai,Returning,2023-02-16
CUS102321,62,Female,Ahmedabad,New,2024-09-06
CUS106610,60,Male,Mumbai,New,2024-03-05
CUS100921,20,Male,Bengaluru,New,2025-05-08
CUS100322,32,Male,Bengaluru,New,2023-12-30
CUS102986,59,Female,Kolkata,New,2023-10-04
CUS107258,48,Male,Kolkata,New,2024-03-01
CUS106886,28,Female,Delhi,New,2023-04-16
CUS104554,54,Male,Mumbai,Returning,2025-06-13
CUS104248,26,Male,Pune,High Value,2025-03-01
CUS102471,43,Other,Delhi,Returning,2024-09-01
CUS105018,55,Female,Kolkata,Returning,2024-09-07
CUS103092,42,Female,Chennai,Returning,2024-10-09
CUS100231,34,Male,Bengaluru,High Value,2024-07-28
CUS103592,28,Male,Bengaluru,Loyal,2024-01-19
CUS100110,37,Female,Ahmedabad,New,2024-08-06
CUS104557,38,Male,Hyderabad,Returning,2023-07-26
CUS101079,34,Male,Kolkata,New,2024-04-03
CUS104936,33,Female,Chennai,Loyal,2024-11-29
CUS101115,57,Male,Pune,Loyal,2024-01-15
CUS107393,36,Female,Ahmedabad,New,2024-11-26
CUS106899,65,Female,Bengaluru,Returning,2024-10-22
CUS101467,46,Female,Pune,Returning,2024-01-09
CUS103064,24,Female,Ahmedabad,New,2024-04-25
CUS102447,22,Male,Delhi,New,2023-08-21
CUS101578,50,Female,Ahmedabad,New,2023-03-06
CUS103749,41,Male,Mumbai,New,2023-12-28
CUS102825,54,Male,Kolkata,Loyal,2024-11-26
CUS101918,38,Female,Kolkata,Loyal,2024-08-08
CUS101844,38,Male,Bengaluru,Returning,2024-02-07
CUS101450,61,Male,Mumbai,New,2025-02-27
CUS104731,49,Female,Chennai,High Value,2024-10-20
CUS102098,28,Female,Pune,Returning,2024-02-27
CUS102614,36,Female,Kolkata,High Value,2023-07-04
CUS103956,61,Male,Chennai,Loyal,2024-04-13
CUS106284,65,Male,Hyderabad,New,2023-04-12
CUS105835,61,Female,Delhi,Returning,2025-01-27
CUS102684,37,Female,Bengaluru,New,2023-07-06
CUS105461,64,Female,Delhi,New,2023-10-24
CUS103151,62,Male,Mumbai,High Value,2023-10-09
CUS101488,36,Female,Delhi,Returning,2023-04-25
CUS105206,21,Female,Pune,Returning,2025-04-16
CUS103680,64,Male,Kolkata,New,2023-03-16
CUS106558,56,Male,Ahmedabad,Returning,2023-01-20
CUS104664,18,Male,Bengaluru,High Value,2024-04-13
CUS106793,34,Male,Kolkata,Returning,2023-05-31
CUS104387,34,Other,Chennai,Returning,2024-10-13
CUS106808,57,Male,Chennai,New,2023-01-23
CUS102543,39,Male,Chennai,New,2023-02-11
CUS101514,32,Male,Delhi,New,2023-06-06
CUS100265,65,Female,Pune,High Value,2024-09-20
CUS100000,62,Male,Pune,High Value,2025-01-21
CUS101451,56,Female,Hyderabad,New,2024-11-30
CUS103780,20,Male,Kolkata,New,2025-04-20
CUS107214,22,Female,Mumbai,Returning,2023-04-15
CUS107801,19,Female,Delhi,New,2024-10-07
CUS103209,32,Female,Hyderabad,Loyal,2023-01-17
CUS103612,65,Female,Chennai,Loyal,2024-05-17
CUS100838,39,Male,Chennai,Loyal,2025-01-22
CUS100014,33,Male,Pune,Loyal,2024-01-26
CUS100326,34,Male,Bengaluru,New,2023-03-21
CUS102389,59,Other,Ahmedabad,New,2023-08-10
CUS101839,36,Male,Bengaluru,High Value,2025-06-04
CUS102022,18,Male,Delhi,New,2023-01-19
CUS100008,49,Female,Delhi,New,2024-04-14
CUS102572,37,Female,Pune,Returning,2024-06-15
CUS102651,59,Male,Mumbai,Returning,2025-04-03
CUS104176,20,Male,Pune,Returning,2024-05-02
CUS101039,51,Female,Hyderabad,Returning,2023-05-13
CUS103238,58,Male,Kolkata,New,2025-05-17
CUS106188,40,Female,Chennai,New,2025-03-03
CUS105926,47,Male,Mumbai,Loyal,2023-02-02
CUS103411,27,Female,Hyderabad,Returning,2023-09-30
CUS106076,52,Male,Mumbai,Returning,2024-01-21
CUS103855,46,Female,Pune,High Value,2024-03-28
CUS100339,40,Male,Delhi,Returning,2023-03-20
CUS100121,40,Female,Chennai,High Value,2023-10-03
CUS104048,50,Female,Bengaluru,New,2023-09-14
CUS106393,30,Female,Delhi,Returning,2024-06-22
CUS101090,19,Male,Pune,Returning,2024-07-24
CUS104772,30,Male,Bengaluru,Loyal,2024-01-28
CUS101372,22,Female,Kolkata,New,2024-07-28
CUS106175,50,Male,Hyderabad,Returning,2024-12-19
CUS101317,31,Female,Mumbai,Returning,2023-06-25
CUS100622,50,Male,Pune,Returning,2024-08-17
CUS101419,62,Male,Pune,Returning,2025-05-18
CUS101541,36,Male,Hyderabad,Returning,2025-04-29
CUS105602,53,Male,Mumbai,High Value,2023-12-12
CUS104386,19,Female,Ahmedabad,Returning,2024-08-19
CUS106119,39,Male,Chennai,Loyal,2025-05-09
CUS104913,49,Female,Hyderabad,Returning,2024-08-14
CUS102223,31,Female,Delhi,New,2024-12-17
CUS106362,45,Male,Bengaluru,New,2023-04-06
CUS101410,34,Male,Chennai,High Value,2025-05-15
CUS106215,36,Male,Ahmedabad,Returning,2024-04-11
CUS105648,24,Male,Mumbai,New,2023-04-10
CUS105782,26,Male,Kolkata,Loyal,2024-03-06
CUS100889,25,Female,Bengaluru,New,2025-06-18
CUS105803,27,Female,Kolkata,Loyal,2024-06-01
CUS107285,51,Male,Bengaluru,Returning,2023-09-16
CUS106831,46,Male,Kolkata,Returning,2024-11-17
CUS103282,41,Male,Chennai,New,2023-04-07
CUS106319,38,Female,Mumbai,New,2025-01-23
CUS104938,54,Male,Delhi,High Value,2024-05-17
CUS100196,49,Female,Chennai,Loyal,2024-06-12
CUS107930,40,Female,Kolkata,New,2024-05-22
CUS103819,46,Male,Chennai,Loyal,2025-02-15
CUS100415,38,Male,Delhi,New,2024-06-17
CUS104394,20,Female,Ahmedabad,Returning,2024-11-02
CUS102191,37,Female,Pune,New,2025-03-01
CUS107391,26,Female,Mumbai,Returning,2023-08-22
CUS104778,34,Female,Chennai,Returning,2023-09-28
CUS100432,53,Male,Pune,Loyal,2024-03-06
CUS103050,18,Male,Delhi,New,2023-07-29
CUS104912,57,Female,Pune,Returning,2023-12-16
CUS102836,21,Male,Delhi,New,2024-11-08
CUS102303,61,Male,Chennai,New,2023-11-11
CUS105270,34,Male,Ahmedabad,Loyal,2024-04-25
CUS103977,57,Male,Pune,High Value,2024-09-06
CUS102251,58,Male,Delhi,High Value,2024-03-04
CUS105465,48,Male,Mumbai,Returning,2024-03-20
CUS102760,59,Male,Hyderabad,Loyal,2023-04-02
CUS101108,40,Male,Hyderabad,Returning,2024-10-15
CUS105774,59,Female,Kolkata,Returning,2023-12-03
CUS104371,53,Female,Chennai,Loyal,2023-11-20
CUS104812,24,Male,Delhi,Returning,2025-01-02
CUS105441,21,Male,Delhi,New,2024-11-11
CUS104880,26,Male,Delhi,High Value,2023-02-28
CUS101195,38,Female,Pune,High Value,2024-11-05
CUS106768,21,Male,Chennai,High Value,2025-03-28
CUS103813,20,Male,Chennai,New,2025-05-18
CUS100604,35,Male,Hyderabad,Returning,2023-06-05
CUS103707,18,Male,Kolkata,Returning,2024-04-17
CUS100880,58,Male,Hyderabad,Returning,2023-08-28
CUS101219,60,Male,Pune,New,2023-09-19
CUS107021,63,Female,Chennai,Loyal,2023-12-11
CUS102574,50,Female,Chennai,New,2023-08-26
CUS105969,42,Female,Chennai,Loyal,2025-06-02
CUS106737,44,Male,Bengaluru,Loyal,2024-01-01
CUS106878,64,Female,Ahmedabad,New,2023-04-25
CUS104717,47,Female,Mumbai,High Value,2024-11-15
CUS105487,22,Male,Ahmedabad,New,2023-06-27
CUS106249,29,Male,Pune,Returning,2023-11-15
CUS106481,22,Female,Kolkata,Returning,2023-06-05
CUS107518,32,Male,Kolkata,Returning,2023-11-29
CUS103442,43,Female,Delhi,New,2024-08-10
CUS105922,64,Male,Delhi,Returning,2024-08-22
CUS101706,31,Female,Ahmedabad,Loyal,2025-03-24
CUS101158,40,Female,Kolkata,Loyal,2025-05-07
CUS106832,27,Male,Delhi,Returning,2023-09-13
CUS106436,18,Male,Delhi,New,2025-04-10
CUS106443,33,Male,Kolkata,Returning,2023-10-25
CUS106326,65,Male,Pune,Loyal,2025-02-12
CUS102751,27,Male,Chennai,Loyal,2023-03-19
CUS105523,33,Male,Pune,New,2024-08-13
CUS102648,34,Male,Pune,Returning,2024-01-18
CUS106911,18,Other,Hyderabad,New,2024-07-27
CUS105462,33,Male,Bengaluru,New,2024-06-11
CUS104310,26,Male,Delhi,New,2023-08-01
CUS106446,33,Male,Bengaluru,New,2024-04-02
CUS101782,58,Female,Ahmedabad,Loyal,2023-10-26
CUS102576,42,Male,Delhi,Returning,2023-12-01
CUS102549,57,Male,Hyderabad,Returning,2024-02-16
CUS107212,20,Female,Kolkata,High Value,2023-06-09
CUS100904,48,Other,Bengaluru,Loyal,2025-06-03
CUS101446,40,Male,Hyderabad,New,2023-04-23
CUS107697,52,Male,Chennai,High Value,2024-09-12
CUS107736,35,Female,Hyderabad,High Value,2024-07-21
CUS105184,43,Female,Bengaluru,New,2024-09-27
CUS106173,60,Male,Bengaluru,New,2023-05-29
CUS106796,37,Male,Kolkata,Loyal,2024-01-04
CUS106670,48,Female,Chennai,Returning,2023-07-06
CUS101784,22,Female,Kolkata,New,2024-12-04
CUS101565,18,Other,Kolkata,Returning,2024-09-11
CUS106584,55,Female,Ahmedabad,Loyal,2023-08-20
CUS104160,34,Male,Pune,High Value,2024-10-04
CUS107726,46,Female,Pune,Returning,2025-04-06
CUS104320,58,Male,Chennai,New,2023-07-27
CUS103479,49,Female,Bengaluru,Returning,2023-04-08
CUS104988,25,Female,Ahmedabad,Loyal,2023-12-16
CUS103377,19,Male,Ahmedabad,High Value,2023-02-17
CUS105294,25,Female,Kolkata,Returning,2025-05-25
CUS107570,60,Male,Mumbai,New,2024-03-17
CUS104251,56,Female,Bengaluru,Returning,2024-01-27
CUS106157,33,Female,Pune,New,2023-02-06
CUS103458,58,Male,Pune,Returning,2023-07-20
CUS106917,34,Male,Chennai,Loyal,2023-08-17
CUS106365,58,Male,Ahmedabad,Returning,2023-01-26
CUS104039,19,Male,Delhi,New,2024-10-03
CUS106548,52,Female,Kolkata,Loyal,2024-11-15
CUS107958,65,Male,Mumbai,Returning,2024-01-24
CUS104692,37,Female,Mumbai,New,2023-10-02
CUS102333,22,Male,Mumbai,Returning,2023-01-26
CUS104730,50,Male,Ahmedabad,New,2023-09-03
CUS100254,43,Male,Hyderabad,Returning,2023-10-01
CUS104085,21,Male,Bengaluru,New,2023-04-04
CUS101113,28,Male,Mumbai,Loyal,2024-07-08
CUS104532,48,Female,Ahmedabad,Loyal,2023-02-09
CUS100221,37,Female,Pune,Loyal,2025-06-13
CUS100267,51,Female,Hyderabad,New,2025-05-05
CUS100107,46,Male,Delhi,New,2025-03-21
CUS104845,22,Female,Mumbai,New,2023-11-24
CUS101226,33,Male,Pune,New,2023-08-29
CUS106543,24,Female,Hyderabad,New,2023-08-25
CUS104763,18,Female,Ahmedabad,High Value,2024-05-30
CUS103298,25,Female,Kolkata,Returning,2023-12-20
CUS105714,53,Female,Delhi,Returning,2024-11-08
CUS101512,43,Female,Ahmedabad,High Value,2025-01-08
CUS107018,21,Female,Hyderabad,New,2023-02-02
CUS107020,39,Female,Delhi,New,2023-07-25
CUS100303,61,Male,Hyderabad,Returning,2023-08-03
CUS102083,33,Male,Delhi,Returning,2023-05-25
CUS104209,31,Female,Pune,Loyal,2025-02-10
CUS103012,35,Male,Mumbai,Returning,2024-10-24
CUS107838,51,Female,Ahmedabad,New,2023-09-12
CUS104564,47,Female,Hyderabad,Loyal,2024-08-26
CUS101210,36,Male,Chennai,Returning,2025-01-06
CUS101786,33,Female,Hyderabad,Returning,2023-09-24
CUS107963,37,Female,Pune,High Value,2023-10-02
CUS103513,52,Female,Pune,New,2025-04-02
CUS100527,46,Male,Pune,New,2023-11-23
CUS101436,51,Female,Pune,Returning,2023-05-26
CUS102126,65,Female,Pune,New,2025-03-13
CUS105386,35,Female,Bengaluru,New,2024-03-12
CUS105633,44,Male,Mumbai,New,2024-12-20
CUS100376,65,Female,Bengaluru,New,2025-01-24
CUS101869,42,Male,Bengaluru,Returning,2025-04-28
CUS106156,58,Male,Pune,Returning,2024-07-11
CUS102208,26,Male,Mumbai,New,2023-06-17
CUS107093,43,Male,Delhi,New,2023-09-01
CUS106151,51,Female,Ahmedabad,Returning,2023-03-27
CUS100755,24,Female,Ahmedabad,High Value,2023-03-22
CUS100291,34,Male,Bengaluru,Returning,2024-04-29
CUS103094,37,Male,Mumbai,Loyal,2023-12-07
CUS106464,37,Female,Kolkata,New,2024-07-29
CUS101543,62,Male,Chennai,Returning,2024-08-03
CUS100290,60,Female,Mumbai,New,2025-01-16
CUS100188,63,Female,Pune,Loyal,2025-03-26
CUS106885,45,Female,Chennai,New,2024-08-10
CUS101201,34,Female,Chennai,Loyal,2023-12-20
CUS107315,60,Male,Delhi,Returning,2025-06-12
CUS107585,21,Female,Kolkata,New,2025-05-03
CUS101536,65,Female,Hyderabad,Returning,2023-09-09
CUS104151,41,Male,Mumbai,New,2023-04-18
CUS104712,36,Female,Pune,Loyal,2023-10-23
CUS100501,28,Male,Chennai,Loyal,2024-12-09
CUS102226,31,Female,Mumbai,New,2024-05-14
CUS103528,59,Male,Delhi,Returning,2023-01-08
CUS103424,18,Male,Kolkata,New,2023-08-18
CUS101539,63,Female,Delhi,High Value,2025-05-17
CUS107624,51,Male,Chennai,Returning,2023-08-09
CUS107346,30,Other,Bengaluru,Returning,2023-01-20
CUS104827,61,Female,Delhi,New,2023-02-07
CUS106333,33,Male,Hyderabad,Loyal,2024-10-05
CUS107594,63,Female,Delhi,Loyal,2025-01-10
CUS100672,48,Other,Ahmedabad,Returning,2024-10-27
CUS105374,40,Male,Chennai,New,2024-10-08
CUS102516,34,Female,Chennai,Returning,2023-09-16
CUS107153,46,Male,Pune,New,2023-03-01
CUS104885,22,Female,Kolkata,Returning,2023-05-22
CUS104315,19,Male,Ahmedabad,Returning,2024-05-01
CUS106398,56,Male,Mumbai,Returning,2023-08-03
CUS101464,56,Male,Chennai,Loyal,2023-01-20
CUS102925,63,Male,Chennai,High Value,2023-04-13
CUS106433,30,Male,Delhi,New,2023-11-10
CUS101192,32,Female,Mumbai,Loyal,2023-07-14
CUS102598,43,Female,Pune,New,2023-01-30
CUS103047,22,Other,Bengaluru,New,2023-11-01
CUS102111,50,Other,Bengaluru,Loyal,2023-04-12
CUS104708,44,Female,Kolkata,New,2024-12-09
CUS107386,37,Male,Hyderabad,Loyal,2023-06-14
CUS101513,22,Male,Bengaluru,New,2023-05-21
CUS100216,30,Male,Kolkata,New,2023-01-01
CUS105335,21,Male,Ahmedabad,High Value,2024-01-05
CUS105564,56,Female,Bengaluru,New,2023-03-04
CUS100421,30,Male,Kolkata,Returning,2023-08-13
CUS100505,33,Other,Bengaluru,High Value,2025-05-27
CUS105452,41,Male,Bengaluru,Returning,2023-07-18
CUS102310,30,Other,Pune,New,2023-08-16
CUS104570,62,Other,Kolkata,New,2025-02-24
CUS107633,63,Female,Ahmedabad,New,2023-01-01
CUS101582,25,Female,Kolkata,Returning,2024-02-29
CUS100506,57,Male,Kolkata,New,2023-12-13
CUS102273,52,Male,Bengaluru,New,2025-05-05
CUS104393,26,Other,Chennai,High Value,2024-08-30
CUS106720,38,Female,Mumbai,Loyal,2024-12-24
CUS103765,54,Male,Bengaluru,Returning,2024-04-10
CUS106582,38,Female,Mumbai,New,2023-07-18
CUS105306,41,Female,Kolkata,New,2023-08-19
CUS102375,59,Female,Chennai,New,2024-04-14
CUS102929,23,Female,Mumbai,New,2024-07-27
CUS103783,52,Female,Chennai,Returning,2025-04-09
CUS105198,19,Female,Bengaluru,New,2023-06-22
CUS103412,51,Female,Chennai,Returning,2024-08-07
CUS102542,33,Female,Chennai,Loyal,2024-03-27
CUS105263,50,Female,Chennai,New,2023-03-10
CUS102697,58,Female,Chennai,New,2023-04-13
CUS100347,61,Female,Hyderabad,Loyal,2025-02-10
CUS107912,65,Female,Pune,New,2023-08-12
CUS106876,50,Female,Delhi,New,2023-02-09
CUS100333,56,Female,Pune,High Value,2023-09-01
CUS104947,51,Female,Ahmedabad,Returning,2024-08-23
CUS102304,56,Female,Pune,New,2024-02-15
CUS107563,44,Female,Chennai,Returning,2023-09-21
CUS107256,37,Female,Hyderabad,Returning,2024-01-22
CUS103080,37,Male,Hyderabad,Returning,2023-08-20
CUS107175,41,Female,Delhi,New,2023-12-28
CUS106329,20,Other,Chennai,Loyal,2023-10-16
CUS107684,32,Male,Kolkata,Returning,2023-07-12
CUS103794,27,Male,Ahmedabad,New,2024-05-16
CUS102664,29,Female,Bengaluru,New,2023-08-27
CUS100746,23,Female,Kolkata,Returning,2023-06-23
CUS101563,40,Female,Mumbai,New,2025-03-22
CUS106392,28,Female,Ahmedabad,Returning,2024-12-18
CUS107709,35,Male,Mumbai,New,2024-10-21
CUS103518,63,Female,Mumbai,Returning,2023-07-15
CUS104385,44,Male,Pune,High Value,2023-09-06
CUS102024,51,Male,Mumbai,Returning,2025-05-20
CUS102569,53,Male,Mumbai,New,2023-07-11
CUS102908,37,Male,Kolkata,High Value,2025-02-04
CUS104325,36,Male,Hyderabad,New,2024-11-25
CUS102439,62,Female,Bengaluru,Loyal,2025-06-02
CUS105440,18,Male,Delhi,Returning,2024-10-02
CUS105908,35,Male,Pune,New,2024-07-18
CUS103340,52,Male,Pune,New,2025-04-01
CUS104166,46,Male,Delhi,Returning,2024-05-26
CUS103044,55,Female,Bengaluru,New,2024-03-18
CUS100259,37,Female,Kolkata,Returning,2023-05-06
CUS106948,38,Male,Mumbai,Returning,2023-12-20
CUS100380,55,Male,Delhi,New,2024-01-18
CUS104104,55,Male,Hyderabad,Loyal,2024-07-17
CUS102689,34,Other,Hyderabad,New,2024-12-23
CUS101912,27,Female,Delhi,Returning,2023-01-02
CUS107023,50,Male,Bengaluru,New,2023-02-02
CUS100599,42,Female,Kolkata,New,2023-08-11
CUS100045,58,Female,Chennai,New,2024-06-24
CUS101444,20,Female,Ahmedabad,Returning,2023-03-14
CUS101652,62,Male,Kolkata,New,2023-11-17
CUS106627,36,Female,Bengaluru,Returning,2023-02-10
CUS101893,65,Female,Delhi,Returning,2024-10-31
CUS103055,64,Female,Ahmedabad,Loyal,2024-12-31
CUS107814,41,Male,Mumbai,High Value,2024-12-10
CUS107846,28,Male,Pune,New,2023-09-04
CUS106336,57,Male,Hyderabad,New,2024-07-11
CUS101966,52,Female,Hyderabad,Loyal,2023-10-20
CUS105923,45,Female,Kolkata,Loyal,2023-02-15
CUS102829,61,Female,Kolkata,Returning,2023-09-29
CUS103296,33,Male,Ahmedabad,High Value,2024-05-23
CUS101600,23,Male,Ahmedabad,Returning,2023-06-03
CUS106698,38,Female,Kolkata,Loyal,2024-04-30
CUS107806,50,Male,Bengaluru,Returning,2023-10-15
CUS106358,46,Male,Hyderabad,New,2025-01-10
CUS105154,54,Female,Chennai,Returning,2023-05-28
CUS103026,22,Male,Hyderabad,High Value,2023-10-31
CUS107320,50,Female,Bengaluru,New,2024-08-16
CUS100426,61,Male,Hyderabad,New,2024-01-12
CUS100410,31,Male,Ahmedabad,Loyal,2023-03-05
CUS106854,49,Female,Ahmedabad,New,2024-11-15
CUS102579,41,Female,Mumbai,New,2024-09-13
CUS102968,34,Female,Delhi,New,2025-06-10
CUS103016,43,Male,Ahmedabad,New,2025-06-14
CUS102842,41,Female,Hyderabad,Returning,2023-10-25
CUS100210,29,Male,Chennai,New,2024-12-04
CUS106843,24,Female,Hyderabad,New,2025-03-21
CUS107961,22,Male,Ahmedabad,Returning,2025-06-12
CUS107756,31,Other,Chennai,Returning,2023-06-27
CUS105736,60,Female,Pune,New,2024-01-14
CUS101049,33,Female,Delhi,New,2024-10-12
CUS103187,62,Male,Hyderabad,New,2024-10-27
CUS106816,59,Female,Bengaluru,Returning,2024-06-30
CUS103018,56,Female,Pune,Loyal,2024-02-16
CUS101972,54,Male,Hyderabad,High Value,2024-09-11
CUS101499,45,Male,Kolkata,Returning,2024-12-22
CUS101109,46,Male,Bengaluru,Loyal,2024-11-05
CUS105044,24,Female,Chennai,New,2025-05-06
CUS100652,51,Male,Mumbai,New,2025-01-18
CUS105327,49,Female,Ahmedabad,Loyal,2023-10-05
CUS106962,65,Male,Kolkata,New,2023-05-01
CUS101795,42,Male,Delhi,Returning,2023-10-08
CUS101702,54,Male,Pune,Returning,2024-04-30
CUS107032,26,Male,Delhi,Loyal,2023-01-09
CUS104706,48,Male,Bengaluru,High Value,2024-03-17
CUS101498,64,Male,Ahmedabad,Loyal,2024-04-10
CUS104339,48,Female,Chennai,New,2024-11-02
CUS106225,32,Male,Ahmedabad,Returning,2024-08-17
CUS106531,25,Male,Ahmedabad,High Value,2024-05-28
CUS105404,52,Male,Mumbai,New,2023-04-19
CUS102628,41,Female,Hyderabad,Loyal,2024-10-14
CUS100705,29,Female,Delhi,New,2024-09-16
CUS101872,62,Male,Mumbai,High Value,2023-04-07
CUS105151,48,Male,Hyderabad,Returning,2023-10-08
CUS103011,20,Female,Delhi,New,2024-05-01
CUS105328,43,Male,Delhi,New,2025-05-14
CUS105033,47,Female,Ahmedabad,New,2023-01-23
CUS104377,36,Male,Kolkata,New,2025-05-19
CUS105705,64,Female,Ahmedabad,New,2023-02-10
CUS100565,32,Male,Mumbai,Returning,2024-11-08
CUS105332,22,Female,Delhi,New,2025-06-14
CUS103199,58,Male,Ahmedabad,New,2024-12-31
CUS105314,45,Male,Mumbai,New,2025-03-28
CUS100640,22,Female,Pune,Loyal,2024-04-28
CUS105128,31,Female,Chennai,New,2024-07-27
CUS106399,39,Female,Bengaluru,New,2024-11-03
CUS103101,35,Female,Bengaluru,Returning,2023-03-01
CUS107462,40,Male,Pune,New,2023-10-27
CUS101964,27,Female,Mumbai,Returning,2024-03-15
CUS105432,22,Other,Bengaluru,New,2024-04-14
CUS105050,21,Female,Pune,Returning,2023-12-07
CUS100325,25,Male,Chennai,Returning,2023-08-05
CUS105292,63,Female,Bengaluru,Returning,2023-01-21
CUS102884,27,Female,Pune,Returning,2024-09-13
CUS102481,26,Other,Bengaluru,Returning,2024-12-02
CUS105427,41,Female,Pune,New,2025-06-13
CUS104678,43,Female,Chennai,New,2024-02-12
CUS104483,22,Female,Hyderabad,Loyal,2024-01-01
CUS107693,32,Male,Pune,Returning,2023-04-04
CUS102523,47,Male,Ahmedabad,High Value,2024-08-24
CUS100864,36,Female,Mumbai,New,2024-09-04
CUS106074,38,Female,Pune,Loyal,2024-10-24
CUS106939,47,Female,Chennai,Loyal,2024-01-03
CUS107381,64,Female,Pune,Loyal,2024-04-28
CUS105365,54,Female,Chennai,Returning,2024-07-05
CUS100371,19,Male,Mumbai,New,2023-08-04
CUS106524,21,Male,Delhi,New,2023-12-17
CUS104119,63,Male,Chennai,Returning,2024-12-07
CUS106476,56,Female,Mumbai,New,2024-10-23
CUS103717,23,Male,Pune,Returning,2024-11-13
CUS105809,60,Female,Kolkata,Loyal,2023-03-25
CUS106562,38,Female,Hyderabad,Loyal,2025-02-02
CUS107864,18,Female,Hyderabad,New,2024-01-22
CUS101360,35,Female,Chennai,Returning,2023-05-09
CUS100911,39,Female,Bengaluru,New,2023-01-09
CUS102513,45,Male,Mumbai,Returning,2023-11-17
CUS105459,24,Female,Mumbai,Returning,2023-03-12
CUS103107,28,Male,Chennai,New,2023-10-14
CUS107992,18,Male,Ahmedabad,Returning,2025-01-16
CUS100964,31,Female,Ahmedabad,New,2024-08-26
CUS101423,23,Male,Mumbai,High Value,2024-08-29
CUS100122,65,Male,Kolkata,New,2025-03-09
CUS100479,59,Male,Ahmedabad,New,2023-09-14
CUS100662,39,Male,Pune,Returning,2024-02-14
CUS102229,63,Male,Delhi,Loyal,2024-09-02
CUS104450,46,Female,Kolkata,New,2024-04-29
CUS105347,46,Female,Chennai,Returning,2024-10-16
CUS102691,33,Male,Hyderabad,Loyal,2023-08-02
CUS100439,40,Female,Bengaluru,High Value,2024-09-07
CUS101379,20,Male,Chennai,New,2023-01-25
CUS101443,37,Male,Pune,Loyal,2023-04-11
CUS104490,54,Male,Mumbai,High Value,2024-07-12
CUS101477,59,Female,Delhi,New,2025-04-09
CUS101173,42,Male,Hyderabad,Returning,2023-03-29
CUS104824,27,Female,Mumbai,Returning,2023-04-10
CUS103994,24,Female,Hyderabad,Returning,2025-05-13
CUS105610,39,Male,Hyderabad,Loyal,2023-03-28
CUS104296,26,Female,Mumbai,Loyal,2024-03-31
CUS104489,28,Male,Mumbai,Loyal,2024-03-11
CUS100279,35,Female,Hyderabad,Returning,2025-04-24
CUS107187,42,Female,Pune,New,2023-10-28
CUS106597,56,Female,Kolkata,New,2023-11-15
CUS104740,47,Female,Chennai,Returning,2024-12-24
CUS101101,29,Female,Delhi,High Value,2024-04-06
CUS107890,47,Male,Delhi,Returning,2023-05-20
CUS101694,44,Male,Kolkata,Returning,2025-03-25
CUS104267,40,Female,Bengaluru,High Value,2024-08-15
CUS106442,40,Male,Delhi,Loyal,2023-03-29
CUS106108,30,Male,Chennai,New,2023-10-15
CUS100577,59,Female,Chennai,New,2023-05-20
CUS100059,43,Male,Bengaluru,Loyal,2024-11-16
CUS100787,54,Female,Chennai,Returning,2025-02-04
CUS105678,32,Male,Hyderabad,New,2023-02-12
CUS102252,29,Female,Ahmedabad,Returning,2023-09-20
CUS105241,65,Female,Mumbai,Returning,2023-03-16
CUS106920,49,Female,Chennai,New,2023-02-27
CUS103467,58,Female,Kolkata,Returning,2025-04-06
CUS104870,37,Male,Bengaluru,High Value,2025-01-12
CUS103898,62,Female,Ahmedabad,New,2023-08-21
CUS102338,22,Female,Hyderabad,Returning,2024-11-26
CUS103849,28,Female,Ahmedabad,Returning,2024-08-16
CUS107528,52,Male,Chennai,New,2025-04-30
CUS106004,43,Male,Hyderabad,New,2023-10-22
CUS107589,58,Female,Chennai,New,2024-10-28
CUS106954,56,Female,Ahmedabad,New,2023-03-15
CUS100184,29,Male,Ahmedabad,Loyal,2024-05-25
CUS103065,31,Other,Bengaluru,Returning,2023-01-28
CUS103698,23,Female,Ahmedabad,Loyal,2023-11-18
CUS100420,43,Male,Delhi,High Value,2023-05-15
CUS100553,60,Male,Kolkata,New,2024-03-10
CUS101397,26,Male,Pune,Returning,2024-05-21
CUS107334,50,Female,Bengaluru,Returning,2025-02-11
CUS102522,25,Male,Chennai,Returning,2023-03-01
CUS106501,28,Male,Chennai,Returning,2025-06-15
CUS101760,39,Male,Hyderabad,Loyal,2023-05-18
CUS105749,32,Male,Pune,Loyal,2025-04-26
CUS100297,54,Male,Pune,Returning,2025-03-07
CUS100443,25,Male,Hyderabad,New,2025-05-02
CUS104603,38,Female,Bengaluru,Returning,2024-01-15
CUS101119,26,Female,Bengaluru,New,2025-01-14
CUS102802,45,Female,Bengaluru,New,2024-09-18
CUS102580,44,Male,Kolkata,New,2023-01-27
CUS101921,50,Female,Ahmedabad,New,2025-06-05
CUS100655,56,Other,Chennai,Loyal,2023-05-21
CUS102316,39,Male,Hyderabad,Returning,2024-10-21
CUS105673,18,Female,Kolkata,Loyal,2024-02-01
CUS104092,59,Male,Delhi,New,2025-01-02
CUS104350,64,Female,Chennai,Returning,2023-11-12
CUS106791,30,Female,Mumbai,High Value,2023-09-29
CUS102436,26,Female,Ahmedabad,New,2025-02-15
CUS106572,31,Male,Hyderabad,Returning,2025-06-05
CUS102260,43,Male,Hyderabad,New,2023-07-25
CUS100558,26,Female,Kolkata,Loyal,2025-04-08
CUS106900,60,Male,Kolkata,New,2023-05-18
CUS101371,60,Male,Delhi,Loyal,2025-06-04
CUS100907,28,Male,Pune,New,2023-01-16
CUS103949,29,Female,Hyderabad,Returning,2025-03-28
CUS101433,54,Other,Bengaluru,Loyal,2023-01-29
CUS106533,49,Male,Ahmedabad,New,2024-09-30
CUS104523,41,Female,Chennai,Returning,2023-10-16
CUS103217,54,Male,Chennai,New,2024-10-03
CUS106118,29,Male,Hyderabad,Returning,2024-08-25
CUS106774,53,Male,Kolkata,Loyal,2023-08-06
CUS100926,38,Female,Delhi,New,2023-10-25
CUS103350,62,Female,Delhi,Returning,2024-07-29
CUS100015,21,Female,Pune,New,2023-09-17
CUS107422,31,Female,Ahmedabad,Returning,2024-04-07
CUS106142,37,Female,Chennai,Returning,2023-06-25
CUS104411,55,Female,Ahmedabad,High Value,2023-06-22
CUS105850,22,Female,Delhi,New,2023-03-20
CUS101161,49,Male,Pune,High Value,2023-05-15
CUS103509,32,Female,Bengaluru,Returning,2025-02-12
CUS105517,41,Male,Mumbai,Loyal,2024-02-19
CUS103003,55,Other,Ahmedabad,Returning,2023-09-01
CUS105403,45,Female,Ahmedabad,Returning,2023-06-05
CUS104586,27,Male,Mumbai,Loyal,2025-02-08
CUS102272,23,Male,Chennai,High Value,2023-05-12
CUS101362,18,Male,Kolkata,High Value,2025-04-17
CUS101212,29,Female,Bengaluru,High Value,2023-12-24
CUS101876,22,Male,Hyderabad,New,2024-10-29
CUS102531,50,Male,Mumbai,High Value,2023-08-29
CUS103182,31,Male,Mumbai,New,2024-02-19
CUS106378,22,Female,Pune,New,2023-04-18
CUS103213,22,Female,Delhi,High Value,2023-04-11
CUS101170,42,Female,Kolkata,High Value,2024-07-25
CUS100579,30,Female,Pune,Loyal,2025-04-17
CUS102182,53,Male,Delhi,Loyal,2024-09-04
CUS102845,45,Female,Kolkata,Loyal,2025-03-30
CUS102312,56,Female,Delhi,Returning,2024-03-23
CUS101833,28,Female,Pune,Returning,2025-01-04
CUS103770,62,Female,Ahmedabad,New,2024-12-16
CUS101859,26,Female,Pune,Returning,2024-12-13
CUS102650,52,Female,Hyderabad,High Value,2024-03-11
CUS103539,61,Other,Delhi,New,2024-09-26
CUS104301,63,Male,Kolkata,New,2023-10-29
CUS107468,22,Female,Pune,New,2025-04-23
CUS106078,25,Female,Delhi,New,2024-06-17
CUS100387,36,Female,Ahmedabad,New,2024-05-25
CUS105244,63,Female,Mumbai,Loyal,2024-05-24
CUS101032,61,Female,Ahmedabad,Returning,2023-05-26
CUS105521,63,Female,Mumbai,New,2024-02-14
CUS107068,22,Male,Pune,Returning,2024-02-02
CUS107978,65,Male,Mumbai,Loyal,2024-05-13
CUS104639,39,Male,Bengaluru,Loyal,2024-09-29
CUS105054,49,Female,Ahmedabad,Returning,2025-01-29
CUS100931,36,Male,Hyderabad,New,2024-03-28
CUS104252,36,Male,Delhi,Loyal,2023-12-21
CUS100691,36,Female,Ahmedabad,Loyal,2023-06-04
CUS101891,20,Male,Ahmedabad,Returning,2023-06-10
CUS102268,23,Male,Delhi,Loyal,2023-03-16
CUS103936,20,Female,Chennai,High Value,2023-11-16
CUS103299,62,Male,Ahmedabad,New,2025-03-11
CUS106520,24,Male,Chennai,New,2023-02-07
CUS106431,34,Female,Delhi,Returning,2023-07-02
CUS106930,45,Male,Kolkata,New,2024-03-01
CUS100044,58,Female,Kolkata,High Value,2024-01-29
CUS103555,54,Female,Chennai,New,2023-07-28
CUS107233,61,Female,Delhi,New,2023-07-05
CUS104877,52,Female,Kolkata,Loyal,2024-03-09
CUS105096,53,Female,Mumbai,New,2024-09-01
CUS105331,38,Female,Chennai,High Value,2023-03-31
CUS101683,19,Male,Bengaluru,Loyal,2024-04-07
CUS106128,39,Male,Hyderabad,New,2024-04-30
CUS103126,61,Female,Hyderabad,High Value,2024-11-02
CUS105813,50,Female,Hyderabad,Loyal,2024-03-18
CUS100063,58,Male,Kolkata,New,2023-01-09
CUS105875,61,Other,Ahmedabad,Loyal,2024-02-03
CUS104204,65,Female,Bengaluru,New,2023-01-20
CUS105123,27,Female,Bengaluru,Returning,2023-04-27
CUS100227,29,Female,Chennai,New,2024-02-27
CUS105815,54,Female,Bengaluru,New,2023-07-20
CUS105143,30,Male,Delhi,Loyal,2024-11-15
CUS105221,18,Male,Mumbai,High Value,2023-11-08
CUS105492,19,Female,Bengaluru,Loyal,2024-03-26
CUS100969,49,Female,Mumbai,New,2024-09-24
CUS101805,25,Female,Bengaluru,New,2024-06-12
CUS102996,65,Female,Pune,Loyal,2024-10-03
CUS107807,61,Male,Ahmedabad,Loyal,2025-03-28
CUS105829,65,Other,Pune,Loyal,2024-12-11
CUS105402,63,Female,Ahmedabad,Returning,2024-07-12
CUS103478,54,Male,Chennai,Loyal,2025-02-27
CUS101860,52,Male,Chennai,Loyal,2023-07-18
CUS104141,60,Female,Mumbai,Loyal,2023-07-28
CUS105261,65,Female,Bengaluru,Loyal,2024-10-21
CUS106684,40,Male,Ahmedabad,New,2025-02-18
CUS103221,49,Female,Delhi,Returning,2023-06-25
CUS100252,38,Male,Pune,Returning,2025-03-13
CUS107289,62,Male,Mumbai,New,2024-01-02
CUS105324,57,Male,Ahmedabad,New,2023-05-13
CUS101789,27,Male,Ahmedabad,New,2024-11-02
CUS105228,37,Female,Hyderabad,High Value,2024-07-26
CUS102059,41,Male,Ahmedabad,New,2023-08-01
CUS104313,57,Female,Pune,Returning,2023-04-07
CUS104630,31,Male,Hyderabad,Returning,2024-02-17
CUS104898,27,Female,Mumbai,New,2023-01-07
CUS101902,56,Female,Pune,New,2023-08-16
CUS102119,30,Male,Hyderabad,Returning,2025-01-26
CUS106056,45,Male,Chennai,New,2024-12-24
CUS105216,25,Female,Delhi,Loyal,2024-03-29
CUS102812,38,Female,Ahmedabad,Loyal,2023-11-04
CUS103439,38,Male,Ahmedabad,New,2024-04-10
CUS107600,60,Male,Pune,Loyal,2025-05-10
CUS104680,23,Other,Delhi,New,2023-05-27
CUS100075,46,Male,Kolkata,Loyal,2023-10-04
CUS102345,65,Female,Kolkata,Loyal,2023-12-22
CUS102351,54,Male,Pune,Returning,2023-07-30
CUS105590,26,Female,Kolkata,High Value,2023-12-08
CUS100430,34,Female,Mumbai,Loyal,2024-06-21
CUS107810,61,Female,Delhi,Loyal,2023-04-17
CUS104625,57,Male,Chennai,Returning,2023-10-23
CUS106276,32,Female,Bengaluru,New,2023-03-10
CUS103621,20,Female,Mumbai,New,2023-04-01
CUS102847,25,Male,Bengaluru,Returning,2023-06-21
CUS102473,52,Female,Bengaluru,Returning,2025-01-05
CUS105756,52,Female,Pune,Loyal,2023-04-19
CUS102406,34,Female,Kolkata,Returning,2024-10-28
CUS105180,23,Female,Bengaluru,Loyal,2025-02-08
CUS100240,23,Male,Pune,Returning,2024-05-20
CUS100783,35,Male,Hyderabad,New,2024-02-16
CUS101354,39,Male,Hyderabad,New,2023-03-23
CUS103614,51,Female,Delhi,Loyal,2024-07-15
CUS100977,53,Male,Pune,New,2023-09-13
CUS100809,39,Male,Hyderabad,New,2023-11-19
CUS102168,24,Female,Kolkata,Loyal,2024-01-27
CUS103661,40,Other,Chennai,New,2024-05-02
CUS101599,35,Male,Mumbai,New,2023-11-13
CUS106143,33,Female,Bengaluru,New,2023-07-16
CUS103279,64,Male,Mumbai,High Value,2024-09-01
CUS101620,60,Female,Delhi,Loyal,2024-06-29
CUS102955,19,Female,Delhi,New,2023-11-15
CUS101482,50,Male,Mumbai,New,2023-09-19
CUS104050,33,Female,Mumbai,Returning,2024-12-16
CUS101801,29,Female,Ahmedabad,Loyal,2023-01-15
CUS102095,44,Male,Ahmedabad,Loyal,2025-02-27
CUS104796,61,Male,Ahmedabad,Returning,2023-03-24
CUS101357,50,Female,Hyderabad,New,2023-07-30
CUS106300,50,Female,Chennai,New,2024-11-26
CUS106615,51,Male,Pune,Loyal,2024-10-24
CUS107925,47,Female,Pune,Returning,2024-10-18
CUS107431,21,Male,Pune,New,2025-04-01
CUS105687,44,Male,Ahmedabad,Loyal,2025-03-16
CUS106267,34,Male,Hyderabad,Loyal,2024-09-30
CUS104168,61,Male,Kolkata,High Value,2023-03-06
CUS103885,23,Female,Ahmedabad,Returning,2025-02-25
CUS106730,42,Male,Bengaluru,New,2023-12-24
CUS107640,52,Male,Hyderabad,High Value,2025-05-19
CUS102328,49,Female,Ahmedabad,New,2024-06-18
CUS100029,20,Female,Kolkata,New,2025-05-31
CUS106130,55,Male,Ahmedabad,New,2024-06-19
CUS107384,40,Male,Chennai,New,2023-05-19
CUS101092,65,Male,Bengaluru,New,2023-07-06
CUS100124,49,Female,Pune,Returning,2025-03-10
CUS105995,46,Male,Mumbai,Returning,2024-07-19
CUS104084,35,Male,Delhi,Returning,2024-12-22
CUS105020,27,Female,Bengaluru,New,2023-03-15
CUS102298,59,Other,Pune,New,2024-10-18
CUS105226,56,Male,Kolkata,New,2024-08-26
CUS101553,45,Female,Delhi,New,2023-05-13
CUS106928,32,Female,Ahmedabad,Loyal,2024-01-07
CUS100598,62,Male,Pune,Returning,2024-10-23
CUS103429,64,Male,Kolkata,New,2024-12-12
CUS101416,56,Female,Hyderabad,Returning,2023-03-31
CUS103861,39,Male,Delhi,Returning,2023-04-01
CUS104418,65,Male,Kolkata,New,2023-04-25
CUS104761,65,Male,Bengaluru,Returning,2024-02-05
CUS103856,64,Female,Hyderabad,New,2024-02-21
CUS102197,29,Female,Ahmedabad,Returning,2023-02-03
CUS105777,62,Female,Mumbai,Returning,2024-12-05
CUS104398,22,Male,Hyderabad,Returning,2024-08-02
CUS102851,21,Male,Kolkata,New,2025-02-25
CUS100808,20,Female,Delhi,New,2023-10-09
CUS106430,35,Female,Ahmedabad,New,2023-06-07
CUS100958,65,Male,Bengaluru,New,2023-02-22
CUS104011,36,Female,Hyderabad,Returning,2024-01-10
CUS103413,30,Male,Hyderabad,High Value,2023-10-10
CUS100810,26,Female,Hyderabad,New,2025-05-07
CUS100834,33,Female,Bengaluru,Returning,2023-09-19
CUS107795,29,Female,Kolkata,Loyal,2023-04-10
CUS102423,27,Male,Hyderabad,New,2023-08-04
CUS101235,18,Male,Bengaluru,New,2023-02-25
CUS101225,22,Male,Bengaluru,New,2024-03-09
CUS105363,56,Female,Chennai,High Value,2024-08-13
CUS106379,54,Male,Kolkata,New,2023-02-01
CUS107788,53,Male,Bengaluru,Returning,2024-08-18
CUS102592,46,Male,Kolkata,Loyal,2024-05-13
CUS102905,34,Female,Hyderabad,Returning,2024-01-31
CUS105023,22,Female,Ahmedabad,New,2024-12-15
CUS104660,54,Male,Chennai,New,2023-11-11
CUS107648,65,Male,Kolkata,High Value,2024-08-28
CUS101657,27,Male,Chennai,New,2023-12-11
CUS106985,48,Female,Mumbai,Returning,2024-06-04
CUS106968,53,Female,Chennai,Returning,2023-02-11
CUS100452,62,Female,Mumbai,Returning,2023-05-06
CUS104791,40,Male,Kolkata,New,2024-09-12
CUS102458,43,Female,Chennai,Returning,2024-03-01
CUS100422,28,Female,Pune,New,2024-12-05
CUS101220,30,Male,Pune,Returning,2025-04-29
CUS103185,65,Male,Ahmedabad,Returning,2024-12-28
CUS103805,27,Female,Pune,Loyal,2024-12-29
CUS107651,23,Male,Mumbai,New,2024-05-29
CUS103365,37,Male,Ahmedabad,High Value,2024-02-03
CUS100102,51,Male,Kolkata,Returning,2023-10-25
CUS102418,23,Male,Chennai,Returning,2023-06-28
CUS105038,42,Male,Kolkata,Returning,2024-02-26
CUS103303,45,Female,Ahmedabad,Returning,2025-03-16
CUS101580,38,Male,Chennai,Returning,2024-01-16
CUS106965,33,Male,Kolkata,Loyal,2023-01-22
CUS102206,24,Female,Bengaluru,Returning,2023-01-27
CUS100170,29,Female,Chennai,New,2023-05-08
CUS106068,31,Female,Hyderabad,Returning,2025-01-12
CUS100135,23,Male,Kolkata,High Value,2023-08-19
CUS104672,23,Male,Delhi,New,2024-07-06
CUS107011,30,Female,Chennai,Loyal,2024-08-07
CUS101310,39,Other,Ahmedabad,Returning,2025-03-16
CUS107377,44,Female,Pune,Returning,2024-01-09
CUS102284,25,Female,Pune,New,2023-11-09
CUS105148,18,Male,Hyderabad,High Value,2024-09-05
CUS106044,21,Male,Mumbai,New,2024-06-14
CUS103095,34,Male,Mumbai,Loyal,2023-06-29
CUS104700,27,Male,Kolkata,New,2023-08-06
CUS101935,40,Male,Ahmedabad,New,2025-04-04
CUS107042,53,Male,Ahmedabad,New,2024-08-20
CUS104053,19,Male,Chennai,High Value,2023-03-21
CUS102860,44,Female,Ahmedabad,Returning,2023-09-08
CUS100807,37,Female,Ahmedabad,Returning,2023-01-04
CUS102045,60,Male,Ahmedabad,New,2023-10-03
CUS106829,21,Female,Bengaluru,New,2023-09-13
CUS100462,22,Female,Pune,New,2023-04-09
CUS101956,56,Male,Mumbai,New,2024-07-22
CUS102445,28,Female,Delhi,Returning,2023-12-21
CUS106280,20,Female,Delhi,New,2023-12-03
CUS100799,22,Male,Delhi,New,2024-03-21
CUS102402,56,Female,Chennai,New,2024-10-25
CUS103658,34,Male,Chennai,Returning,2024-03-07
CUS101073,44,Female,Bengaluru,Returning,2023-11-28
CUS106650,44,Male,Pune,Returning,2024-02-03
CUS100144,38,Other,Kolkata,Returning,2024-01-01
CUS106735,60,Male,Pune,New,2023-11-25
CUS101340,30,Male,Mumbai,Returning,2023-01-26
CUS102903,50,Male,Mumbai,Returning,2024-07-25
CUS105296,24,Male,Chennai,Returning,2025-01-17
CUS102091,63,Male,Kolkata,Loyal,2025-04-05
CUS105102,26,Female,Pune,Returning,2024-12-17
CUS107559,37,Female,Delhi,High Value,2023-11-04
CUS103114,45,Male,Mumbai,Returning,2023-12-15
CUS104590,34,Male,Hyderabad,Loyal,2024-12-05
CUS104883,31,Male,Chennai,Loyal,2023-08-27
CUS102957,47,Female,Delhi,Loyal,2024-02-27
CUS102499,21,Female,Chennai,Loyal,2024-08-12
CUS107416,64,Female,Hyderabad,Returning,2024-02-02
CUS101003,50,Female,Bengaluru,New,2023-08-31
CUS104899,47,Male,Ahmedabad,Returning,2024-04-23
CUS103078,27,Female,Bengaluru,New,2024-10-03
CUS100555,43,Female,Ahmedabad,Loyal,2023-11-29
CUS106135,29,Female,Hyderabad,New,2023-08-24
CUS106904,52,Male,Delhi,New,2025-05-11
CUS101485,38,Female,Kolkata,High Value,2023-07-08
CUS105865,44,Male,Chennai,Loyal,2024-10-18
CUS101272,52,Female,Mumbai,Returning,2024-11-07
CUS101411,30,Male,Kolkata,Loyal,2025-01-09
CUS107234,19,Male,Mumbai,New,2023-10-13
CUS107496,45,Female,Delhi,New,2023-11-14
CUS101471,33,Female,Kolkata,Loyal,2024-10-27
CUS106417,32,Female,Hyderabad,New,2023-06-06
CUS103418,29,Male,Mumbai,New,2025-04-30
CUS107820,24,Male,Delhi,Returning,2025-02-13
CUS104738,36,Male,Kolkata,Returning,2024-09-22
CUS106554,21,Male,Delhi,New,2025-02-12
CUS103879,63,Male,Bengaluru,High Value,2025-03-28
CUS100981,44,Male,Mumbai,Returning,2024-12-27
CUS107012,49,Female,Kolkata,New,2025-06-16
CUS102926,30,Male,Kolkata,New,2024-09-03
CUS107238,29,Male,Ahmedabad,New,2024-09-06
CUS101268,27,Male,Hyderabad,New,2023-09-13
CUS102462,22,Female,Kolkata,High Value,2025-04-26
CUS103333,52,Male,Ahmedabad,New,2024-01-20
CUS100268,53,Male,Kolkata,Returning,2025-01-20
CUS100654,59,Male,Chennai,New,2023-01-22
CUS103127,62,Male,Kolkata,New,2024-02-05
CUS102984,54,Male,Pune,Loyal,2024-11-21
CUS104253,60,Female,Mumbai,Loyal,2023-03-13
CUS106710,63,Male,Kolkata,New,2025-05-08
CUS106775,57,Male,Chennai,Returning,2023-08-08
CUS100589,52,Other,Delhi,New,2023-03-26
CUS103939,48,Female,Kolkata,Returning,2025-01-01
CUS102855,58,Female,Chennai,Loyal,2024-02-17
CUS102917,58,Female,Pune,High Value,2024-03-08
CUS104500,43,Male,Mumbai,Returning,2024-02-07
CUS104113,22,Male,Pune,Returning,2024-08-28
CUS105278,19,Male,Pune,New,2023-04-15
CUS103332,34,Male,Ahmedabad,Loyal,2023-07-05
CUS101808,25,Female,Mumbai,New,2024-04-07
CUS107057,61,Male,Delhi,Returning,2024-07-23
CUS107530,27,Female,Ahmedabad,Returning,2024-04-16
CUS103639,25,Male,Bengaluru,Loyal,2025-01-10
CUS100677,47,Male,Chennai,Loyal,2025-03-28
CUS105058,21,Female,Kolkata,Returning,2024-03-19
CUS105518,24,Female,Pune,Loyal,2024-04-09
CUS103148,34,Male,Mumbai,New,2024-10-13
CUS104793,33,Female,Hyderabad,High Value,2024-05-18
CUS107112,28,Female,Mumbai,Loyal,2023-12-04
CUS102432,24,Male,Ahmedabad,New,2024-07-13
CUS104271,42,Other,Mumbai,High Value,2023-10-01
CUS104127,54,Female,Kolkata,High Value,2023-01-10
CUS104038,59,Female,Chennai,New,2023-10-27
CUS105514,63,Female,Ahmedabad,High Value,2025-03-05
CUS102862,62,Male,Mumbai,Loyal,2023-09-04
CUS102758,64,Female,Mumbai,New,2025-06-09
CUS101611,47,Female,Ahmedabad,New,2023-02-21
CUS104368,38,Male,Mumbai,New,2023-10-17
CUS102685,37,Male,Bengaluru,Returning,2023-02-09
CUS105166,55,Female,Delhi,Returning,2024-02-28
CUS102970,33,Female,Kolkata,New,2024-04-20
CUS102795,46,Female,Delhi,New,2024-09-28
CUS105360,58,Male,Hyderabad,New,2024-04-27
CUS104981,55,Female,Kolkata,High Value,2024-11-27
CUS100605,42,Female,Kolkata,High Value,2024-04-24
CUS107008,54,Male,Pune,Returning,2023-05-26
CUS105943,51,Female,Hyderabad,Loyal,2024-08-16
CUS101468,40,Female,Pune,New,2025-04-21
CUS107872,35,Female,Bengaluru,Loyal,2025-05-08
CUS104004,42,Male,Kolkata,New,2023-07-03
CUS103927,57,Female,Kolkata,New,2023-01-30
CUS104537,26,Female,Hyderabad,New,2023-11-22
CUS106342,26,Female,Mumbai,New,2025-04-25
CUS105004,50,Female,Mumbai,New,2024-02-11
CUS102155,45,Male,Kolkata,Loyal,2025-05-31
CUS103846,37,Other,Bengaluru,High Value,2025-02-01
CUS107854,35,Male,Ahmedabad,Returning,2024-02-01
CUS102077,65,Female,Ahmedabad,Returning,2025-04-30
CUS104195,28,Male,Hyderabad,Returning,2025-05-23
CUS103161,31,Female,Bengaluru,Returning,2025-03-06
CUS104828,56,Female,Kolkata,Returning,2024-11-09
CUS104890,53,Female,Chennai,Loyal,2023-06-07
CUS100584,43,Female,Pune,New,2025-04-14
CUS103550,25,Male,Bengaluru,Loyal,2024-02-16
CUS104391,40,Male,Delhi,New,2024-10-03
CUS106021,59,Female,Chennai,Returning,2023-01-03
CUS104102,48,Male,Kolkata,Returning,2023-04-29
CUS106357,62,Female,Bengaluru,New,2023-01-28
CUS105246,20,Male,Pune,New,2023-02-10
CUS106870,48,Male,Mumbai,Loyal,2024-09-27
CUS107097,21,Female,Chennai,Loyal,2024-03-15
CUS102602,28,Female,Kolkata,New,2024-09-16
CUS103997,18,Female,Kolkata,Returning,2024-06-11
CUS107898,54,Female,Bengaluru,Loyal,2024-11-05
CUS102550,40,Male,Ahmedabad,Loyal,2024-01-27
CUS105787,29,Male,Ahmedabad,Loyal,2025-03-16
CUS100344,30,Female,Ahmedabad,New,2023-02-07
CUS103085,50,Male,Delhi,New,2024-03-01
CUS104753,29,Male,Ahmedabad,New,2023-05-20
CUS104629,54,Male,Ahmedabad,Returning,2023-03-08
CUS107699,45,Female,Bengaluru,New,2023-06-11
CUS100871,47,Female,Mumbai,High Value,2025-03-31
CUS106356,56,Male,Mumbai,New,2024-11-26
CUS104051,37,Male,Hyderabad,New,2023-07-29
CUS103032,25,Male,Kolkata,Loyal,2024-03-04
CUS100090,48,Male,Mumbai,New,2023-12-09
CUS103960,34,Male,Kolkata,High Value,2024-01-31
CUS104336,34,Female,Kolkata,Loyal,2023-11-24
CUS105090,43,Female,Delhi,New,2024-06-22
CUS105576,60,Female,Kolkata,Returning,2024-03-19
CUS102117,56,Female,Delhi,New,2024-09-17
CUS104348,19,Female,Pune,New,2023-08-26
CUS106237,60,Male,Chennai,Returning,2025-02-08
CUS104701,25,Female,Kolkata,Returning,2023-11-17
CUS103165,31,Female,Bengaluru,Returning,2025-04-21
CUS100947,63,Male,Delhi,New,2023-06-11
CUS104307,65,Female,Pune,Returning,2024-11-16
CUS106176,61,Female,Ahmedabad,Returning,2025-05-27
CUS104352,33,Female,Chennai,New,2023-05-27
CUS100883,57,Male,Mumbai,New,2024-04-19
CUS105498,24,Female,Bengaluru,Returning,2024-12-07
CUS107094,19,Female,Chennai,New,2023-03-04
CUS105212,19,Male,Pune,Loyal,2024-01-08
CUS107273,47,Other,Chennai,New,2024-09-10
CUS106995,58,Male,Delhi,Loyal,2023-11-02
CUS107662,60,Female,Delhi,Returning,2024-10-26
CUS106061,54,Female,Delhi,Returning,2025-01-16
CUS104896,62,Male,Kolkata,Returning,2023-11-15
CUS105469,51,Male,Hyderabad,Loyal,2024-10-24
CUS105880,31,Male,Delhi,Returning,2024-11-04
CUS107859,29,Female,Delhi,Loyal,2023-03-19
CUS102415,43,Male,Bengaluru,Loyal,2025-04-12
CUS107835,46,Male,Kolkata,New,2023-09-16
CUS106226,43,Male,Ahmedabad,Loyal,2023-10-23
CUS107065,38,Male,Bengaluru,New,2024-02-26
CUS105515,41,Male,Pune,New,2023-03-11
CUS103773,21,Male,Mumbai,New,2024-07-29
CUS103395,33,Male,Hyderabad,High Value,2024-05-17
CUS102398,37,Male,Mumbai,New,2024-09-14
CUS103918,50,Female,Mumbai,Loyal,2023-05-14
CUS101710,62,Female,Chennai,New,2023-02-20
CUS106626,58,Male,Hyderabad,New,2024-04-03
CUS104825,25,Male,Bengaluru,Loyal,2024-12-10
CUS101186,50,Female,Kolkata,New,2024-04-03
CUS104012,20,Female,Chennai,Returning,2023-11-24
CUS107878,38,Female,Delhi,Returning,2023-07-25
CUS105904,63,Female,Pune,Returning,2024-02-27
CUS106247,50,Male,Chennai,New,2023-11-18
CUS100151,53,Male,Ahmedabad,Loyal,2024-03-04
CUS100915,18,Female,Delhi,High Value,2024-05-14
CUS101305,60,Female,Pune,New,2023-06-05
CUS106107,22,Female,Bengaluru,New,2025-06-09
CUS105893,50,Female,Mumbai,Returning,2024-11-03
CUS104832,51,Female,Kolkata,Loyal,2024-12-07
CUS105417,60,Male,Hyderabad,Returning,2023-03-07
CUS101398,21,Female,Bengaluru,New,2024-10-26
CUS102519,47,Male,Hyderabad,New,2023-11-30
CUS100183,57,Female,Chennai,New,2025-02-03
CUS104409,35,Male,Kolkata,New,2024-08-16
CUS107115,47,Female,Mumbai,New,2023-10-25
CUS104510,21,Male,Chennai,Returning,2024-08-10
CUS102417,40,Female,Pune,New,2023-06-26
CUS100471,58,Female,Mumbai,New,2023-05-18
CUS100967,43,Male,Mumbai,New,2023-10-15
CUS106522,31,Male,Chennai,Loyal,2024-12-16
CUS105430,31,Female,Pune,Returning,2024-02-13
CUS102656,36,Male,Chennai,New,2025-03-18
CUS100209,47,Male,Bengaluru,Returning,2023-10-21
CUS101961,31,Male,Hyderabad,Loyal,2023-03-05
CUS100896,62,Female,Pune,Returning,2024-02-26
CUS106224,61,Female,Hyderabad,New,2024-05-30
CUS102698,65,Female,Kolkata,Returning,2023-05-15
CUS105019,29,Female,Kolkata,Returning,2023-10-12
CUS101773,22,Male,Kolkata,New,2024-07-30
CUS104317,36,Female,Bengaluru,New,2023-09-19
CUS102299,36,Female,Delhi,Returning,2025-05-31
CUS101209,37,Other,Bengaluru,Returning,2024-06-30
CUS106155,25,Male,Pune,Returning,2023-02-18
CUS101270,43,Female,Mumbai,Loyal,2024-03-19
CUS101251,59,Female,Chennai,New,2024-02-24
CUS103914,48,Male,Pune,New,2024-03-07
CUS102865,53,Male,Mumbai,Loyal,2023-07-05
CUS103605,52,Female,Bengaluru,Loyal,2023-10-15
CUS104945,54,Male,Ahmedabad,Returning,2024-01-24
CUS107690,42,Female,Hyderabad,New,2024-11-30
CUS100292,39,Female,Chennai,New,2023-03-31
CUS103128,28,Female,Hyderabad,Loyal,2024-08-07
CUS101051,64,Female,Mumbai,Returning,2024-04-21
CUS102892,23,Female,Bengaluru,Returning,2023-01-15
CUS107324,58,Male,Hyderabad,High Value,2024-05-14
CUS100272,41,Female,Bengaluru,Loyal,2024-03-28
CUS102042,40,Female,Chennai,New,2024-08-26
CUS104347,24,Female,Pune,New,2024-12-09
CUS104872,27,Male,Ahmedabad,Loyal,2024-07-24
CUS103034,31,Male,Delhi,Loyal,2024-12-22
CUS103135,65,Female,Pune,New,2023-06-11
CUS101086,33,Female,Ahmedabad,Returning,2023-08-04
CUS104319,59,Male,Hyderabad,New,2025-01-05
CUS103337,25,Female,Mumbai,Returning,2024-03-06
CUS104511,45,Female,Chennai,New,2025-05-11
CUS105882,34,Male,Delhi,New,2023-04-13
CUS102864,24,Female,Kolkata,Returning,2024-04-30
CUS104888,27,Female,Ahmedabad,High Value,2023-09-30
CUS105219,26,Male,Kolkata,Loyal,2024-07-22
CUS107949,23,Male,Mumbai,New,2024-02-15
CUS106716,59,Male,Mumbai,New,2023-11-26
CUS103105,45,Male,Kolkata,Returning,2025-02-28
CUS107891,31,Female,Kolkata,New,2023-10-23
CUS104169,45,Male,Kolkata,Returning,2023-07-27
CUS100613,36,Male,Bengaluru,New,2024-12-08
CUS103362,50,Female,Hyderabad,High Value,2023-09-17
CUS107178,42,Female,Chennai,New,2024-07-26
CUS103538,48,Other,Kolkata,New,2023-04-11
CUS105235,20,Male,Delhi,New,2023-06-06
CUS106571,44,Female,Hyderabad,New,2023-03-08
CUS101748,48,Male,Chennai,New,2023-09-11
CUS107398,48,Male,Kolkata,Loyal,2023-08-28
CUS106282,18,Male,Mumbai,Returning,2023-12-23
CUS106773,43,Male,Ahmedabad,Returning,2023-04-25
CUS107512,27,Male,Ahmedabad,Returning,2025-04-03
CUS102662,63,Male,Bengaluru,New,2023-08-18
CUS105789,21,Female,Pune,Returning,2023-12-22
CUS103795,49,Female,Chennai,Returning,2024-06-27
CUS102154,45,Male,Bengaluru,Returning,2023-11-29
CUS101344,34,Female,Chennai,New,2023-08-22
CUS107929,24,Male,Bengaluru,Returning,2023-02-27
CUS106167,58,Female,Chennai,New,2023-10-06
CUS104918,54,Female,Chennai,Returning,2023-06-23
CUS100952,22,Male,Ahmedabad,Loyal,2023-09-30
CUS106059,32,Female,Mumbai,Returning,2023-08-08
CUS101504,34,Female,Delhi,Loyal,2023-01-19
CUS103469,59,Female,Bengaluru,New,2025-01-19
CUS106487,28,Female,Pune,Loyal,2024-08-06
CUS105594,45,Female,Hyderabad,New,2024-07-08
CUS101121,18,Male,Mumbai,New,2024-04-01
CUS107139,42,Male,Kolkata,New,2024-02-10
CUS104939,54,Female,Bengaluru,New,2024-10-22
CUS104979,36,Male,Hyderabad,Loyal,2024-07-08
CUS105112,30,Male,Kolkata,New,2024-12-17
CUS104901,55,Female,Kolkata,Returning,2023-12-05
CUS105340,48,Male,Delhi,Loyal,2023-02-24
CUS100416,44,Female,Ahmedabad,New,2024-09-23
CUS107156,64,Female,Ahmedabad,Returning,2023-07-02
CUS102431,45,Male,Ahmedabad,New,2025-01-25
CUS103045,42,Male,Ahmedabad,Returning,2024-04-09
CUS100564,24,Female,Chennai,New,2023-06-17
CUS102526,33,Female,Mumbai,Returning,2023-04-14
CUS101224,61,Male,Bengaluru,New,2024-07-04
CUS100142,64,Female,Kolkata,New,2023-02-05
CUS103806,51,Female,Ahmedabad,Returning,2025-06-06
CUS101490,56,Male,Chennai,New,2024-07-21
CUS103049,38,Male,Bengaluru,Returning,2023-11-20
CUS103703,54,Male,Bengaluru,Returning,2025-01-28
CUS105845,18,Male,Ahmedabad,New,2023-04-23
CUS102653,62,Female,Hyderabad,Loyal,2024-05-12
CUS102004,34,Male,Bengaluru,Loyal,2025-03-20
CUS101194,26,Male,Bengaluru,High Value,2024-06-20
CUS105265,52,Female,Bengaluru,Loyal,2025-03-05
CUS103039,20,Male,Mumbai,New,2024-03-04
CUS101756,64,Female,Kolkata,New,2023-02-04
CUS100497,56,Male,Ahmedabad,New,2023-11-17
CUS102826,52,Male,Hyderabad,New,2024-08-12
CUS104081,19,Female,Ahmedabad,Returning,2025-04-06
CUS107941,46,Female,Delhi,New,2024-06-18
CUS100912,31,Female,Ahmedabad,High Value,2025-01-19
CUS100721,40,Female,Pune,New,2023-09-13
CUS105978,64,Female,Bengaluru,New,2023-04-17
CUS107547,57,Male,Kolkata,Loyal,2024-11-15
CUS101496,31,Female,Kolkata,Returning,2023-02-05
CUS105682,24,Female,Mumbai,New,2023-11-14
CUS101520,59,Female,Ahmedabad,Loyal,2024-02-04
CUS105247,52,Male,Delhi,Returning,2024-08-31
CUS102746,34,Female,Delhi,Returning,2025-06-08
CUS107240,49,Male,Chennai,Loyal,2023-03-22
CUS104071,47,Female,Pune,Loyal,2024-12-30
CUS106536,47,Male,Bengaluru,Loyal,2024-08-12
CUS106609,64,Female,Kolkata,Returning,2023-12-14
CUS100108,45,Male,Ahmedabad,Loyal,2024-09-24
CUS101754,36,Male,Kolkata,High Value,2025-01-24
CUS105761,59,Female,Chennai,New,2023-07-29
CUS101351,43,Female,Pune,Returning,2023-01-12
CUS107991,22,Female,Pune,New,2024-02-02
CUS104671,28,Male,Chennai,New,2024-11-06
CUS104999,48,Male,Ahmedabad,New,2024-07-19
CUS101973,35,Female,Chennai,New,2025-04-03
CUS100336,48,Male,Kolkata,Returning,2025-06-06
CUS102764,62,Female,Bengaluru,High Value,2025-03-24
CUS107407,42,Male,Mumbai,Loyal,2024-06-25
CUS105783,44,Female,Chennai,New,2024-06-03
CUS104427,21,Male,Kolkata,Returning,2024-01-10
CUS105849,54,Male,Ahmedabad,Loyal,2025-05-22
CUS103226,53,Female,Kolkata,New,2024-12-28
CUS106618,21,Male,Bengaluru,New,2023-09-22
CUS103475,28,Male,Pune,New,2023-12-05
CUS100724,24,Male,Bengaluru,Loyal,2024-12-10
CUS100765,47,Female,Pune,High Value,2024-06-16
CUS106194,21,Male,Mumbai,High Value,2024-11-30
CUS104059,65,Male,Kolkata,Returning,2023-07-20
CUS104663,39,Male,Kolkata,Returning,2024-05-11
CUS100307,33,Female,Delhi,New,2023-03-07
CUS101278,48,Male,Kolkata,Returning,2023-12-12
CUS100348,30,Male,Chennai,New,2023-10-09
CUS104504,40,Male,Hyderabad,Loyal,2023-09-29
CUS106391,64,Female,Ahmedabad,Loyal,2024-11-30
CUS107901,43,Female,Kolkata,New,2024-04-04
CUS107438,62,Male,Bengaluru,New,2023-03-18
CUS101791,64,Female,Bengaluru,Loyal,2025-05-13
CUS107549,18,Female,Mumbai,New,2025-04-14
CUS107671,26,Male,Ahmedabad,Loyal,2023-10-27
CUS105786,39,Male,Chennai,Loyal,2024-03-16
CUS102053,21,Female,Bengaluru,New,2023-01-09
CUS103286,25,Female,Ahmedabad,High Value,2025-02-26
CUS107061,36,Male,Mumbai,Returning,2025-05-19
CUS100071,42,Male,Bengaluru,New,2023-03-19
CUS103383,49,Female,Pune,Returning,2023-01-22
CUS102759,63,Female,Kolkata,Loyal,2023-08-01
CUS104184,57,Female,Ahmedabad,Returning,2024-06-25
CUS104215,56,Male,Ahmedabad,New,2024-11-10
CUS106500,18,Other,Mumbai,New,2024-07-29
CUS104237,23,Female,Kolkata,Loyal,2025-05-14
CUS105473,41,Male,Pune,New,2023-06-16
CUS103358,34,Female,Kolkata,New,2023-01-02
CUS101260,38,Male,Ahmedabad,Returning,2024-10-11
CUS101666,28,Male,Ahmedabad,Loyal,2023-05-11
CUS106001,60,Male,Delhi,Loyal,2025-01-10
CUS104173,44,Female,Ahmedabad,Returning,2023-06-10
CUS104622,31,Female,Mumbai,Returning,2024-12-06
CUS106377,52,Female,Kolkata,New,2025-01-09
CUS102167,22,Female,Kolkata,New,2023-07-28
CUS107811,39,Female,Chennai,Returning,2024-11-03
CUS102533,21,Female,Mumbai,High Value,2025-02-01
CUS101695,32,Male,Ahmedabad,Returning,2025-02-03
CUS101095,54,Female,Pune,Returning,2025-05-24
CUS106180,27,Male,Hyderabad,New,2024-01-04
CUS106012,38,Female,Bengaluru,Returning,2024-01-01
CUS104623,38,Female,Chennai,New,2023-03-14
CUS101630,21,Other,Pune,Loyal,2024-10-31
CUS106564,23,Female,Bengaluru,New,2023-02-18
CUS101881,38,Female,Delhi,New,2023-12-24
CUS104416,54,Female,Bengaluru,New,2023-03-02
CUS105507,41,Male,Hyderabad,New,2024-02-02
CUS101612,61,Male,Chennai,New,2024-07-13
CUS100978,36,Male,Kolkata,New,2023-06-23
CUS101413,47,Male,Kolkata,Returning,2024-12-01
CUS105841,39,Female,Chennai,New,2024-07-03
CUS103484,61,Male,Chennai,Loyal,2023-04-23
CUS100848,26,Male,Kolkata,Returning,2024-09-28
CUS105744,43,Male,Mumbai,New,2023-11-09
CUS103837,31,Female,Kolkata,Loyal,2023-09-17
CUS102271,63,Male,Kolkata,Loyal,2024-03-19
CUS102392,53,Female,Chennai,Returning,2023-08-23
CUS106479,64,Female,Bengaluru,New,2025-02-01
CUS101830,23,Female,Ahmedabad,Returning,2024-10-31
CUS107770,30,Female,Hyderabad,Loyal,2025-01-13
CUS100047,48,Female,Kolkata,High Value,2025-01-26
CUS104314,44,Female,Chennai,Returning,2023-10-01
CUS104471,35,Female,Mumbai,High Value,2023-07-27
CUS101350,24,Other,Pune,New,2023-04-30
CUS107639,53,Male,Kolkata,Returning,2025-02-27
CUS105720,58,Female,Kolkata,Returning,2024-03-29
CUS100446,33,Female,Ahmedabad,New,2024-04-21
CUS102248,36,Female,Kolkata,High Value,2023-06-24
CUS101743,64,Male,Pune,New,2025-04-02
CUS100844,35,Male,Pune,New,2025-02-16
CUS105231,33,Female,Ahmedabad,New,2025-02-23
CUS107922,50,Male,Chennai,Returning,2023-10-06
CUS102440,57,Other,Chennai,Returning,2023-05-27
CUS100678,45,Male,Chennai,New,2024-03-18
CUS104162,61,Male,Ahmedabad,Returning,2025-06-18
CUS103733,44,Female,Delhi,New,2024-02-27
CUS104618,52,Male,Bengaluru,High Value,2024-08-24
CUS101294,51,Female,Ahmedabad,Returning,2025-03-20
CUS102894,22,Male,Pune,Loyal,2024-07-02
CUS104030,44,Female,Chennai,Returning,2023-09-24
CUS104689,44,Male,Ahmedabad,New,2023-08-12
CUS107667,25,Male,Chennai,Loyal,2024-07-09
CUS105876,26,Male,Bengaluru,Loyal,2023-02-03
CUS104908,59,Male,Pune,Loyal,2023-01-28
CUS101112,31,Female,Pune,New,2024-10-26
CUS105873,57,Female,Delhi,Loyal,2023-04-23
CUS100776,35,Male,Kolkata,Loyal,2023-04-11
CUS107758,50,Male,Chennai,New,2023-02-17
CUS102231,37,Female,Pune,Returning,2024-11-27
CUS102228,19,Female,Ahmedabad,Returning,2025-06-13
CUS102153,18,Female,Mumbai,Returning,2023-10-25
CUS107090,60,Female,Kolkata,Returning,2024-02-25
CUS104022,29,Female,Chennai,Returning,2025-04-30
CUS107426,39,Female,Delhi,Returning,2024-05-16
CUS101366,55,Female,Pune,Returning,2023-03-24
CUS101469,24,Female,Hyderabad,New,2023-05-20
CUS101851,50,Female,Mumbai,New,2023-09-23
CUS101963,43,Female,Ahmedabad,New,2024-11-09
CUS103070,33,Female,Mumbai,New,2023-09-22
CUS104922,48,Male,Ahmedabad,New,2023-12-29
CUS104743,25,Male,Bengaluru,New,2025-05-30
CUS105257,21,Male,Mumbai,Loyal,2024-07-19
CUS100485,39,Female,Hyderabad,New,2024-03-20
CUS102239,19,Female,Mumbai,New,2024-11-20
CUS106082,48,Female,Pune,New,2024-07-01
CUS103992,26,Male,Delhi,New,2023-03-29
CUS107344,21,Male,Hyderabad,Loyal,2025-01-09
CUS106298,34,Male,Pune,New,2023-07-25
CUS100030,48,Male,Kolkata,Returning,2025-03-01
CUS104447,33,Other,Pune,New,2024-07-06
CUS101879,40,Female,Kolkata,New,2024-04-14
CUS105957,44,Female,Pune,Returning,2025-04-17
CUS103096,32,Female,Delhi,Loyal,2025-03-13
CUS107882,60,Female,Mumbai,New,2024-06-27
CUS106381,62,Female,Bengaluru,New,2025-01-26
CUS105303,19,Female,Delhi,Returning,2024-10-07
CUS106654,18,Female,Hyderabad,New,2025-02-09
CUS101036,64,Other,Ahmedabad,Loyal,2024-01-02
CUS100636,49,Male,Ahmedabad,Returning,2023-06-24
CUS107631,51,Female,Bengaluru,New,2023-11-12
CUS103244,64,Male,Chennai,New,2024-10-21
CUS101083,61,Female,Bengaluru,Returning,2023-01-15
CUS102615,48,Male,Pune,Loyal,2024-12-26
CUS100861,30,Male,Kolkata,Loyal,2024-03-12
CUS104541,20,Male,Kolkata,Loyal,2024-10-15
CUS100903,54,Female,Bengaluru,Loyal,2024-10-21
CUS103852,61,Male,Bengaluru,New,2023-05-25
CUS100109,18,Male,Chennai,High Value,2024-12-18
CUS107887,29,Female,Pune,Returning,2023-06-04
CUS104593,49,Female,Hyderabad,Returning,2023-11-26
CUS104560,54,Male,Ahmedabad,New,2025-05-27
CUS103139,25,Other,Chennai,New,2023-07-04
CUS106884,20,Male,Pune,High Value,2024-08-28
CUS105686,49,Female,Mumbai,New,2024-04-06
CUS106718,44,Female,Delhi,Loyal,2024-06-29
CUS101831,22,Male,Hyderabad,New,2024-09-03
CUS107928,18,Male,Hyderabad,Returning,2023-09-25
CUS103231,59,Male,Ahmedabad,New,2024-05-28
CUS100782,58,Female,Bengaluru,High Value,2023-01-15
CUS105027,55,Female,Hyderabad,Returning,2025-01-06
CUS104695,63,Male,Ahmedabad,Returning,2024-12-19
CUS104568,64,Female,Pune,Returning,2025-03-21
CUS103106,30,Male,Kolkata,Loyal,2024-05-18
CUS106711,47,Female,Ahmedabad,High Value,2024-07-04
CUS101825,59,Male,Delhi,New,2024-02-12
CUS102617,37,Female,Kolkata,Loyal,2025-05-22
CUS105661,60,Female,Kolkata,High Value,2024-04-13
CUS101094,29,Male,Mumbai,High Value,2024-06-06
CUS106825,63,Female,Hyderabad,Loyal,2025-01-12
CUS104535,53,Male,Mumbai,New,2024-01-17
CUS103543,21,Female,Pune,New,2023-03-30
CUS104996,32,Female,Chennai,New,2025-06-11
CUS107294,61,Male,Chennai,Returning,2023-08-24
CUS107844,35,Female,Ahmedabad,Returning,2025-04-19
CUS105668,35,Male,Ahmedabad,New,2025-01-06
CUS101654,39,Male,Delhi,New,2024-02-16
CUS106715,37,Male,Pune,Loyal,2023-06-30
CUS107877,57,Male,Chennai,New,2024-12-15
CUS102323,65,Male,Delhi,Loyal,2023-03-24
CUS102413,53,Female,Ahmedabad,New,2025-01-25
CUS106291,22,Male,Delhi,Loyal,2024-11-29
CUS102654,33,Female,Bengaluru,High Value,2025-04-26
CUS103316,32,Male,Pune,Loyal,2024-03-31
CUS106703,49,Female,Chennai,Loyal,2023-12-05
CUS102678,21,Male,Mumbai,High Value,2023-11-20
CUS104698,51,Female,Hyderabad,Returning,2023-08-07
CUS106124,18,Male,Ahmedabad,New,2023-01-22
CUS103651,50,Female,Ahmedabad,Returning,2023-11-11
CUS105138,19,Male,Kolkata,New,2025-03-28
CUS106574,24,Female,Kolkata,New,2023-12-10
CUS100178,43,Female,Pune,Returning,2024-05-27
CUS107816,31,Female,Mumbai,High Value,2024-09-05
CUS107370,45,Female,Kolkata,High Value,2023-06-27
CUS103501,64,Male,Kolkata,New,2024-01-11
CUS101204,50,Female,Ahmedabad,Returning,2024-06-30
CUS102202,64,Male,Delhi,Returning,2024-04-20
CUS106557,50,Female,Mumbai,New,2023-12-17
CUS106656,25,Male,Chennai,New,2023-05-31
CUS106332,49,Female,Bengaluru,High Value,2023-08-18
CUS107511,37,Male,Bengaluru,High Value,2025-02-06
CUS103792,20,Male,Ahmedabad,Returning,2023-04-26
CUS101770,27,Male,Pune,New,2024-01-19
CUS100829,63,Male,Kolkata,New,2024-05-03
CUS100941,49,Male,Bengaluru,New,2023-07-18
CUS103322,37,Male,Chennai,Loyal,2024-01-05
CUS102486,38,Female,Hyderabad,New,2024-07-25
CUS100627,61,Female,Pune,New,2023-11-20
CUS106084,48,Female,Bengaluru,New,2025-03-05
CUS104834,43,Female,Ahmedabad,Returning,2023-09-04
CUS100925,24,Female,Ahmedabad,Returning,2025-01-19
CUS100295,64,Female,Delhi,Returning,2023-08-03
CUS101052,42,Female,Mumbai,New,2023-11-10
CUS102707,19,Male,Bengaluru,Returning,2024-12-21
CUS106993,33,Female,Pune,Loyal,2024-05-25
CUS107355,21,Male,Bengaluru,Returning,2023-12-03
CUS104475,42,Female,Pune,New,2023-06-22
CUS103007,62,Male,Ahmedabad,Returning,2025-04-12
CUS102789,52,Male,Ahmedabad,High Value,2025-04-02
CUS100944,21,Female,Kolkata,High Value,2023-12-31
CUS106527,26,Male,Kolkata,New,2024-03-09
CUS106802,62,Male,Kolkata,Loyal,2024-02-25
CUS100012,58,Male,Bengaluru,Loyal,2024-08-24
CUS101117,59,Female,Ahmedabad,New,2023-10-07
CUS106844,24,Male,Chennai,High Value,2025-06-02
CUS107596,56,Female,Pune,New,2024-07-20
CUS106027,42,Female,Chennai,New,2024-09-17
CUS103921,19,Female,Mumbai,Returning,2024-12-30
CUS104591,48,Female,Bengaluru,Returning,2023-03-14
CUS101319,53,Male,Bengaluru,Loyal,2023-05-06
CUS100779,53,Male,Hyderabad,High Value,2023-04-09
CUS104291,53,Female,Kolkata,New,2024-01-24
CUS107505,21,Female,Delhi,New,2024-08-21
CUS103790,27,Male,Kolkata,New,2024-01-23
CUS103944,59,Female,Pune,Loyal,2023-11-17
CUS100433,33,Female,Pune,New,2025-03-03
CUS100653,59,Female,Delhi,New,2023-10-20
CUS102477,34,Male,Pune,New,2025-02-24
CUS103355,62,Female,Chennai,Loyal,2025-01-05
CUS103541,65,Female,Mumbai,Returning,2023-11-26
CUS104786,52,Female,Bengaluru,Returning,2023-04-27
CUS104949,31,Female,Bengaluru,High Value,2024-10-30
CUS105398,52,Female,Mumbai,New,2024-04-09
CUS103204,23,Female,Kolkata,New,2023-09-21
CUS107993,49,Male,Bengaluru,High Value,2023-06-13
CUS103820,34,Male,Ahmedabad,New,2024-01-19
CUS102886,55,Other,Delhi,Loyal,2023-07-23
CUS104584,44,Female,Chennai,High Value,2024-03-11
CUS105987,25,Female,Kolkata,Returning,2023-03-16
CUS103937,43,Male,Kolkata,Returning,2024-07-09
CUS106006,39,Female,Bengaluru,New,2024-06-23
CUS105710,59,Female,Delhi,Returning,2025-02-21
CUS105204,40,Female,Chennai,Returning,2024-10-27
CUS100570,27,Male,Kolkata,Returning,2024-01-12
CUS101448,22,Female,Chennai,Returning,2024-03-13
CUS104294,53,Male,Ahmedabad,New,2024-08-30
CUS105900,32,Male,Delhi,New,2024-07-06
CUS104404,43,Female,Ahmedabad,New,2024-08-28
CUS106750,26,Female,Pune,New,2024-06-05
CUS101745,58,Female,Chennai,Returning,2025-02-27
CUS102741,18,Male,Chennai,Returning,2024-11-26
CUS101590,56,Male,Bengaluru,Returning,2024-12-16
CUS107800,39,Male,Ahmedabad,High Value,2023-04-04
CUS104003,38,Other,Kolkata,Loyal,2025-02-24
CUS100287,39,Male,Pune,New,2024-10-23
CUS101738,24,Female,Bengaluru,New,2024-02-10
CUS105153,25,Male,Mumbai,Loyal,2023-08-17
CUS107245,59,Male,Hyderabad,Returning,2025-04-07
CUS105940,42,Other,Kolkata,Loyal,2025-05-31
CUS105558,55,Male,Kolkata,High Value,2024-07-03
CUS104903,57,Male,Pune,Loyal,2024-01-23
CUS105407,32,Male,Kolkata,Returning,2023-06-24
CUS106692,45,Male,Bengaluru,High Value,2024-10-30
CUS102827,64,Female,Ahmedabad,Loyal,2023-10-13
CUS101684,27,Female,Chennai,Returning,2024-05-04
CUS105354,47,Female,Delhi,High Value,2023-01-25
CUS101338,31,Female,Chennai,New,2024-01-11
CUS102742,44,Male,Bengaluru,Loyal,2023-06-14
CUS104001,42,Male,Ahmedabad,New,2024-12-07
CUS106729,35,Male,Ahmedabad,High Value,2023-12-02
CUS104588,54,Male,Bengaluru,Returning,2023-07-30
CUS102902,50,Female,Delhi,New,2024-01-21
CUS102258,59,Female,Mumbai,High Value,2023-10-21
CUS104755,59,Male,Pune,Returning,2023-06-30
CUS104983,21,Female,Bengaluru,High Value,2024-03-21
CUS102121,61,Male,Hyderabad,New,2025-01-30
CUS106754,62,Female,Delhi,New,2024-09-25
CUS103370,59,Other,Hyderabad,New,2024-08-23
CUS101564,39,Male,Mumbai,New,2024-11-29
CUS106270,55,Male,Pune,Loyal,2024-11-12
CUS106160,42,Female,Delhi,New,2025-03-03
CUS103945,23,Female,Chennai,High Value,2023-11-22
CUS103305,52,Male,Chennai,New,2024-03-19
CUS102185,48,Male,Kolkata,Loyal,2023-12-18
CUS104056,40,Female,Mumbai,High Value,2023-02-19
CUS101231,21,Female,Ahmedabad,Returning,2023-05-02
CUS105174,30,Male,Chennai,Loyal,2025-03-26
CUS101258,20,Female,Chennai,New,2024-05-03
CUS102254,21,Female,Hyderabad,New,2023-04-24
CUS101951,31,Female,Ahmedabad,Loyal,2023-10-10
CUS107627,20,Other,Kolkata,Loyal,2024-11-08
CUS100113,51,Male,Kolkata,Returning,2024-08-18
CUS106957,22,Other,Chennai,New,2023-01-16
CUS102509,61,Male,Pune,Returning,2025-03-29
CUS106633,56,Female,Ahmedabad,Returning,2024-04-27
CUS104467,20,Female,Delhi,High Value,2023-09-10
CUS103872,55,Female,Hyderabad,Returning,2025-06-09
CUS102548,58,Male,Ahmedabad,New,2025-05-06
CUS106290,54,Female,Hyderabad,Loyal,2024-03-13
CUS100507,21,Female,Mumbai,Loyal,2025-01-12
CUS107669,46,Male,Chennai,New,2024-03-12
CUS104641,37,Male,Pune,New,2025-04-07
CUS103685,25,Male,Chennai,Loyal,2023-11-22
CUS103396,63,Male,Delhi,Returning,2023-02-12
CUS103647,60,Male,Hyderabad,Returning,2024-01-16
CUS106114,53,Male,Chennai,Loyal,2025-04-30
CUS106664,25,Male,Ahmedabad,Loyal,2024-06-07
CUS102850,52,Male,Hyderabad,New,2025-03-23
CUS107247,37,Male,Pune,High Value,2025-04-25
CUS104375,24,Male,Mumbai,New,2024-01-29
CUS107720,50,Male,Hyderabad,Loyal,2025-06-16
CUS100350,40,Male,Ahmedabad,New,2023-07-07
CUS104860,30,Female,Pune,Returning,2024-09-25
CUS102906,32,Female,Ahmedabad,New,2023-09-23
CUS104462,32,Female,Kolkata,Loyal,2025-03-31
CUS106835,63,Male,Chennai,Returning,2023-07-02
CUS102505,28,Other,Delhi,Loyal,2024-03-12
CUS102620,25,Female,Ahmedabad,Returning,2023-03-15
CUS105546,55,Female,Bengaluru,New,2023-06-14
CUS101114,49,Male,Chennai,New,2023-07-07
CUS102846,42,Female,Delhi,Returning,2024-01-14
CUS105820,19,Female,Delhi,Returning,2025-05-15
CUS100298,42,Male,Chennai,New,2024-06-12
CUS101675,59,Male,Chennai,Loyal,2025-05-25
CUS106513,49,Male,Mumbai,Loyal,2025-01-20
CUS107774,45,Female,Delhi,Returning,2023-02-18
CUS105086,32,Male,Bengaluru,Returning,2024-10-28
CUS106260,60,Male,Pune,New,2024-06-26
CUS106693,65,Female,Kolkata,New,2024-04-26
CUS107329,53,Male,Hyderabad,Returning,2023-10-10
CUS100229,58,Female,Delhi,New,2025-02-08
CUS100076,23,Male,Delhi,Returning,2024-02-19
CUS103887,34,Male,Delhi,Loyal,2023-09-12
CUS107650,46,Female,Hyderabad,Loyal,2023-11-28
CUS107987,41,Male,Kolkata,Returning,2024-11-02
CUS106903,38,Male,Kolkata,New,2024-11-26
CUS102103,20,Male,Chennai,New,2024-04-28
CUS106454,28,Female,Bengaluru,Loyal,2023-08-22
CUS103771,52,Male,Kolkata,New,2024-06-04
CUS103948,51,Female,Kolkata,Returning,2025-01-23
CUS107317,26,Female,Pune,Returning,2025-05-14
CUS105693,44,Male,Pune,Returning,2025-05-14
CUS101614,62,Male,Delhi,Returning,2024-02-09
CUS100607,37,Female,Pune,New,2024-05-29
CUS106223,28,Female,Ahmedabad,Returning,2025-03-04
CUS107395,59,Female,Bengaluru,Returning,2025-06-08
CUS101093,54,Male,Delhi,High Value,2023-05-20
CUS102622,29,Female,Hyderabad,New,2023-10-20
CUS106644,60,Male,Mumbai,Returning,2024-07-25
CUS107789,45,Female,Pune,Returning,2023-04-05
CUS100203,56,Male,Hyderabad,Returning,2025-03-10
CUS102387,30,Female,Ahmedabad,Returning,2023-03-16
CUS105647,46,Male,Kolkata,Returning,2025-02-20
CUS104990,24,Female,Pune,High Value,2024-04-05
CUS100837,41,Female,Kolkata,Loyal,2024-07-13
CUS102934,31,Male,Chennai,New,2024-06-22
CUS104934,43,Male,Delhi,Returning,2024-09-24
CUS101230,31,Female,Bengaluru,High Value,2023-05-18
CUS106236,50,Female,Kolkata,Returning,2024-03-26
CUS105540,23,Female,Delhi,Loyal,2023-10-09
CUS101609,65,Female,Pune,Loyal,2024-03-11
CUS107676,52,Male,Delhi,New,2024-01-05
CUS106871,27,Male,Chennai,Returning,2024-08-16
CUS106573,30,Male,Bengaluru,New,2023-09-11
CUS104397,51,Male,Delhi,High Value,2025-06-14
CUS102732,50,Male,Kolkata,Loyal,2024-12-24
CUS107172,19,Male,Ahmedabad,Returning,2023-12-28
CUS105026,19,Male,Hyderabad,Returning,2024-01-07
CUS106306,55,Female,Mumbai,Loyal,2025-04-30
CUS105447,40,Female,Delhi,New,2023-07-15
CUS104228,21,Female,Ahmedabad,New,2024-07-04
CUS103774,20,Male,Bengaluru,High Value,2023-02-16
CUS103909,60,Female,Delhi,New,2025-05-05
CUS106637,51,Female,Chennai,New,2023-02-27
CUS107236,50,Male,Delhi,New,2023-07-23
CUS105753,47,Male,Bengaluru,New,2024-02-28
CUS100657,22,Male,Pune,New,2023-07-31
CUS100790,20,Female,Mumbai,New,2024-07-27
CUS107448,62,Female,Hyderabad,Returning,2024-07-22
CUS104995,18,Male,Mumbai,New,2023-11-23
CUS106762,59,Male,Bengaluru,New,2023-02-02
CUS102561,62,Male,Kolkata,Returning,2024-09-23
CUS102640,48,Male,Mumbai,Returning,2024-03-21
CUS101359,21,Male,Hyderabad,Returning,2023-05-26
CUS106029,32,Female,Chennai,New,2023-10-09
CUS102347,60,Male,Bengaluru,New,2024-10-22
CUS105571,58,Male,Delhi,Loyal,2024-03-30
CUS103288,62,Female,Pune,New,2025-04-27
CUS102781,48,Male,Ahmedabad,Returning,2023-04-03
CUS103405,35,Male,Ahmedabad,Returning,2024-08-26
CUS106032,63,Male,Hyderabad,New,2023-12-13
CUS107110,27,Male,Hyderabad,New,2023-09-26
CUS106211,54,Male,Pune,Returning,2024-09-09
CUS107170,47,Female,Ahmedabad,Loyal,2023-03-02
CUS104647,23,Female,Pune,Loyal,2024-05-18
CUS100615,50,Male,Ahmedabad,Returning,2023-03-04
CUS102575,41,Female,Chennai,New,2024-10-15
CUS102314,34,Male,Chennai,Loyal,2023-10-23
CUS101705,23,Male,Ahmedabad,Loyal,2023-05-02
CUS107348,44,Male,Hyderabad,Loyal,2023-12-22
CUS106998,20,Female,Mumbai,Loyal,2025-04-04
CUS101780,27,Male,Bengaluru,Loyal,2024-11-10
CUS103542,57,Male,Chennai,Returning,2023-11-16
CUS100803,58,Female,Bengaluru,Returning,2024-04-19
CUS100857,44,Male,Mumbai,Loyal,2025-01-11
CUS104687,33,Female,Mumbai,New,2024-12-19
CUS104794,52,Female,Ahmedabad,Loyal,2023-03-23
CUS100990,27,Male,Ahmedabad,Returning,2024-04-20
CUS105522,40,Female,Chennai,New,2024-07-04
CUS105993,28,Female,Hyderabad,New,2023-07-10
CUS105202,46,Female,Hyderabad,New,2023-07-15
CUS106054,18,Female,Ahmedabad,New,2024-02-28
CUS100219,19,Female,Bengaluru,Loyal,2025-05-30
CUS105650,51,Female,Pune,Returning,2023-06-12
CUS101288,25,Female,Mumbai,Returning,2025-02-26
CUS103163,19,Female,Delhi,New,2023-11-20
CUS100582,26,Male,Chennai,Returning,2024-07-07
CUS102618,31,Male,Delhi,New,2023-11-19
CUS100043,29,Other,Delhi,Loyal,2023-08-01
CUS101234,28,Male,Bengaluru,Loyal,2024-10-26
CUS106000,34,Female,Hyderabad,New,2024-08-10
CUS106366,25,Female,Kolkata,Returning,2023-12-04
CUS104353,42,Male,Hyderabad,Loyal,2025-01-02
CUS107933,37,Male,Delhi,Returning,2023-08-05
CUS101892,46,Male,Pune,Returning,2023-11-02
CUS105001,36,Female,Bengaluru,New,2025-05-08
CUS107183,48,Male,Ahmedabad,Returning,2023-05-11
CUS107089,43,Female,Ahmedabad,New,2025-04-21
CUS106779,61,Male,Pune,New,2024-04-18
CUS101071,33,Female,Ahmedabad,Returning,2024-07-01
CUS100718,40,Male,Bengaluru,New,2023-06-02
CUS102364,62,Male,Pune,New,2025-04-03
CUS101505,44,Male,Chennai,New,2023-11-10
CUS103781,57,Female,Delhi,Loyal,2024-07-17
CUS100670,62,Male,Bengaluru,Loyal,2024-10-22
CUS107402,65,Male,Chennai,New,2025-05-02
CUS102952,30,Female,Kolkata,New,2025-06-02
CUS104956,45,Male,Bengaluru,Returning,2025-04-19
CUS106728,23,Male,Chennai,Returning,2023-05-23
CUS104765,25,Male,Bengaluru,New,2023-09-28
CUS100897,34,Male,Chennai,Returning,2023-05-03
CUS106603,48,Male,Hyderabad,Returning,2024-12-22
CUS102666,39,Female,Chennai,New,2023-09-28
CUS103193,33,Male,Hyderabad,High Value,2023-10-19
CUS102890,40,Female,Ahmedabad,New,2023-12-28
CUS105269,50,Female,Mumbai,New,2023-01-20
CUS101530,64,Female,Chennai,Loyal,2024-07-01
CUS106641,40,Male,Delhi,New,2024-11-11
CUS106858,21,Male,Mumbai,New,2024-04-13
CUS107703,54,Female,Kolkata,New,2024-01-11
CUS106550,32,Female,Bengaluru,Loyal,2025-04-23
CUS107162,44,Male,Chennai,Returning,2023-11-03
CUS107084,32,Female,Delhi,Returning,2024-05-03
CUS103942,50,Female,Mumbai,New,2023-02-01
CUS106739,57,Male,Bengaluru,New,2023-09-24
CUS106264,53,Female,Ahmedabad,New,2024-10-11
CUS101874,31,Female,Delhi,New,2025-01-20
CUS102370,40,Female,Pune,New,2023-05-11
CUS101769,35,Female,Bengaluru,New,2023-05-13
CUS105973,23,Male,Bengaluru,Loyal,2024-04-17
CUS107584,33,Other,Delhi,Loyal,2024-12-12
CUS101983,24,Male,Mumbai,New,2023-02-27
CUS100531,24,Male,Pune,New,2025-04-05
CUS105889,51,Female,Mumbai,Loyal,2023-09-22
CUS107819,18,Other,Delhi,New,2024-06-26
CUS107124,39,Female,Mumbai,New,2024-08-10
CUS102881,59,Male,Hyderabad,Loyal,2024-12-14
CUS100081,41,Female,Pune,Returning,2024-08-04
CUS105698,24,Male,Pune,Returning,2023-11-13
CUS106676,24,Female,Kolkata,New,2023-07-05
CUS105767,37,Male,Mumbai,High Value,2024-12-21
CUS102163,42,Male,Hyderabad,New,2024-09-07
CUS100731,49,Female,Kolkata,Returning,2025-01-11
CUS102339,31,Male,Pune,Returning,2025-01-29
CUS106686,60,Male,Delhi,New,2024-03-31
CUS102232,62,Male,Hyderabad,New,2025-06-03
CUS103955,28,Female,Mumbai,Loyal,2023-06-25
CUS107735,36,Male,Bengaluru,Loyal,2025-03-27
CUS107198,26,Male,Delhi,New,2023-10-22
CUS105491,48,Female,Pune,New,2024-04-19
CUS103352,61,Male,Hyderabad,Loyal,2024-02-27
CUS103964,56,Female,Hyderabad,Loyal,2025-06-06
CUS106657,47,Male,Bengaluru,New,2025-04-27
CUS102705,44,Other,Kolkata,New,2025-04-11
CUS101255,43,Female,Delhi,Returning,2024-07-08
CUS102104,48,Female,Hyderabad,Returning,2024-11-30
CUS107356,27,Male,Hyderabad,High Value,2023-04-02
CUS104522,18,Male,Mumbai,Returning,2024-05-05
CUS104518,54,Male,Kolkata,Loyal,2023-01-30
CUS100898,20,Female,Chennai,New,2023-09-03
CUS100428,59,Male,Bengaluru,New,2023-11-26
CUS105684,41,Female,Pune,New,2023-11-24
CUS106346,45,Female,Chennai,New,2023-01-04
CUS106425,39,Male,Bengaluru,Returning,2023-04-10
CUS107427,43,Male,Mumbai,Returning,2023-07-18
CUS101222,45,Female,Delhi,High Value,2024-01-12
CUS104645,33,Male,Delhi,New,2024-07-16
CUS103649,49,Female,Delhi,Returning,2024-06-06
CUS105283,30,Male,Ahmedabad,Returning,2024-08-02
CUS103434,61,Female,Ahmedabad,New,2025-01-25
CUS106202,52,Male,Bengaluru,High Value,2023-03-18
CUS101621,56,Female,Chennai,Loyal,2023-07-05
CUS107327,47,Female,Chennai,New,2023-01-28
CUS103164,34,Male,Delhi,New,2023-06-28
CUS104216,18,Male,Delhi,Loyal,2023-03-25
CUS106551,36,Male,Ahmedabad,Returning,2023-02-26
CUS101096,23,Male,Ahmedabad,New,2024-12-07
CUS102715,31,Male,Delhi,New,2025-04-04
CUS102072,27,Female,Ahmedabad,Returning,2024-05-14
CUS107411,30,Male,Delhi,New,2024-09-21
CUS105377,49,Male,Pune,Returning,2023-06-06
CUS104190,26,Male,Hyderabad,Loyal,2023-12-25
CUS106915,39,Male,Delhi,New,2023-09-23
CUS102588,38,Female,Delhi,New,2023-01-19
CUS106952,49,Male,Chennai,New,2025-03-20
CUS101788,59,Male,Hyderabad,New,2024-04-11
CUS105958,56,Female,Hyderabad,Returning,2024-07-03
CUS107045,25,Other,Hyderabad,Returning,2023-02-14
CUS100528,29,Male,Hyderabad,New,2023-06-04
CUS104189,43,Male,Pune,Returning,2023-07-19
CUS100192,62,Male,Chennai,Returning,2023-06-07
CUS103653,30,Female,Kolkata,Returning,2024-02-22
CUS101126,24,Male,Mumbai,New,2024-05-02
CUS107295,24,Male,Ahmedabad,New,2023-07-04
CUS103570,37,Male,Kolkata,High Value,2023-02-17
CUS106053,59,Male,Chennai,Returning,2024-08-01
CUS100304,36,Male,Pune,Loyal,2025-04-28
CUS103720,47,Male,Delhi,Loyal,2024-01-24
CUS101292,20,Male,Chennai,Returning,2023-07-10
CUS100070,35,Female,Bengaluru,New,2024-04-14
CUS105770,34,Male,Ahmedabad,Returning,2024-10-18
CUS104985,30,Female,Pune,Returning,2024-04-06
CUS102687,53,Male,Delhi,New,2025-01-26
CUS105483,19,Other,Mumbai,High Value,2024-09-19
CUS103826,31,Male,Hyderabad,New,2023-07-03
CUS100831,60,Other,Delhi,Returning,2024-06-27
CUS101456,33,Female,Pune,Returning,2025-05-22
CUS102607,63,Female,Hyderabad,Loyal,2023-10-05
CUS105022,41,Male,Pune,New,2024-06-11
CUS100238,39,Male,Bengaluru,Returning,2025-06-03
CUS100092,36,Male,Bengaluru,New,2023-06-11
CUS102977,43,Female,Chennai,New,2023-08-10
CUS104677,43,Other,Mumbai,Loyal,2023-11-12
CUS103382,46,Female,Hyderabad,Loyal,2024-02-22
CUS105646,59,Female,Mumbai,New,2023-04-06
CUS104516,43,Female,Pune,Loyal,2024-01-05
CUS104526,39,Male,Pune,New,2024-09-13
CUS106687,40,Female,Ahmedabad,New,2023-05-20
CUS104335,29,Male,Delhi,Returning,2024-04-24
CUS107641,29,Female,Pune,Returning,2023-10-03
CUS101001,22,Female,Kolkata,New,2023-04-28
CUS104800,25,Male,Mumbai,Loyal,2023-11-14
CUS107860,22,Female,Ahmedabad,High Value,2024-01-25
CUS102377,19,Female,Mumbai,Returning,2024-11-30
CUS104597,35,Female,Hyderabad,High Value,2023-11-15
CUS103757,21,Male,Bengaluru,High Value,2024-10-21
CUS106759,38,Female,Kolkata,High Value,2023-02-08
CUS103360,33,Male,Delhi,New,2024-08-18
CUS103246,58,Female,Hyderabad,New,2024-08-18
CUS103441,51,Female,Hyderabad,Returning,2024-03-04
CUS101532,26,Male,Mumbai,New,2025-01-10
CUS102410,23,Female,Ahmedabad,Loyal,2023-04-18
CUS104984,35,Male,Chennai,Loyal,2023-05-14
CUS100411,41,Female,Mumbai,Loyal,2024-11-23
CUS106444,37,Female,Chennai,High Value,2023-10-02
CUS107867,19,Male,Kolkata,New,2023-05-09
CUS103608,18,Female,Bengaluru,New,2023-12-06
CUS102805,37,Female,Chennai,Returning,2023-09-30
CUS107577,58,Female,Pune,Returning,2025-05-17
CUS106043,42,Male,Kolkata,Loyal,2023-09-26
CUS103082,45,Male,Delhi,Loyal,2023-02-27
CUS105836,19,Female,Hyderabad,Returning,2023-12-06
CUS101736,50,Male,Bengaluru,New,2025-01-15
CUS103979,48,Male,Pune,Returning,2023-09-25
CUS105160,49,Male,Delhi,New,2023-10-16
CUS107485,47,Female,Delhi,Returning,2023-07-26
CUS106494,43,Female,Delhi,Returning,2024-09-14
CUS106259,45,Female,Delhi,Returning,2023-08-10
CUS105170,50,Female,Hyderabad,Loyal,2023-05-29
CUS100633,53,Male,Mumbai,New,2024-10-12
CUS103021,65,Male,Delhi,Loyal,2023-09-30
CUS100498,23,Female,Mumbai,New,2023-07-15
CUS103922,48,Female,Hyderabad,Loyal,2023-12-05
CUS102463,55,Female,Bengaluru,New,2024-12-21
CUS104620,47,Male,Ahmedabad,New,2024-11-03
CUS100637,36,Male,Ahmedabad,Loyal,2024-06-13
CUS100720,20,Female,Mumbai,Returning,2024-04-08
CUS100288,64,Female,Mumbai,Loyal,2023-05-17
CUS100757,32,Male,Delhi,New,2023-11-12
CUS104601,55,Female,Mumbai,High Value,2023-08-29
CUS104017,33,Female,Mumbai,Loyal,2023-11-04
CUS103089,50,Female,Chennai,Loyal,2025-04-17
CUS105856,41,Male,Pune,Loyal,2024-12-11
CUS106261,35,Male,Ahmedabad,Returning,2023-12-18
CUS107336,43,Female,Chennai,Loyal,2023-08-06
CUS100449,62,Male,Bengaluru,Loyal,2023-11-21
CUS100596,25,Male,Chennai,Returning,2025-02-22
CUS104108,57,Male,Delhi,Returning,2025-03-03
CUS103772,23,Male,Chennai,Returning,2024-02-03
CUS101068,58,Male,Pune,New,2024-05-11
CUS101942,36,Female,Ahmedabad,Returning,2024-04-09
CUS101647,19,Male,Kolkata,Returning,2024-01-23
CUS100494,25,Female,Ahmedabad,New,2023-06-06
CUS105737,42,Male,Delhi,Loyal,2023-10-08
CUS102700,20,Female,Hyderabad,Loyal,2024-05-08
CUS101700,32,Female,Chennai,Returning,2024-03-01
CUS106608,20,Male,Hyderabad,Returning,2025-02-23
CUS106579,47,Female,Mumbai,New,2025-01-31
CUS106406,56,Other,Kolkata,Returning,2023-09-25
CUS103910,49,Female,Bengaluru,Loyal,2024-01-22
CUS102942,44,Female,Delhi,High Value,2024-09-16
CUS106725,51,Male,Ahmedabad,New,2024-06-07
CUS103721,46,Male,Pune,New,2024-12-17
CUS106508,22,Male,Kolkata,Loyal,2023-10-01
CUS102123,24,Female,Mumbai,Returning,2023-01-29
CUS105532,62,Male,Hyderabad,Returning,2024-10-07
CUS100086,19,Female,Delhi,New,2024-03-20
CUS102308,31,Male,Kolkata,High Value,2023-05-04
CUS102677,44,Female,Ahmedabad,Returning,2024-07-04
CUS107373,46,Male,Kolkata,New,2025-04-06
CUS105200,18,Female,Hyderabad,Returning,2025-03-20
CUS106828,23,Female,Pune,High Value,2025-04-04
CUS102594,49,Male,Chennai,New,2025-06-05
CUS103886,28,Female,Chennai,Loyal,2024-06-29
CUS103058,60,Male,Hyderabad,Returning,2023-10-02
CUS101029,31,Female,Delhi,Returning,2023-01-06
CUS100136,42,Male,Pune,Loyal,2024-08-20
CUS102876,43,Male,Ahmedabad,Returning,2023-03-30
CUS104617,54,Male,Pune,High Value,2023-10-07
CUS107796,32,Male,Kolkata,New,2024-11-19
CUS102144,47,Male,Pune,High Value,2023-03-07
CUS107063,49,Other,Bengaluru,New,2024-07-09
CUS106478,23,Male,Pune,Returning,2025-05-16
CUS105157,30,Male,Bengaluru,New,2024-09-02
CUS103433,61,Male,Mumbai,New,2024-12-13
CUS101200,54,Female,Delhi,New,2024-07-16
CUS102025,32,Female,Mumbai,Returning,2024-07-02
CUS100621,26,Female,Chennai,Returning,2025-01-22
CUS107463,40,Other,Kolkata,New,2024-08-09
CUS100566,34,Male,Chennai,Loyal,2023-11-25
CUS104902,62,Female,Mumbai,New,2025-05-01
CUS101837,63,Female,Hyderabad,Returning,2024-05-22
CUS101334,35,Male,Hyderabad,New,2024-04-03
CUS104060,36,Female,Mumbai,Returning,2023-03-08
CUS107802,31,Male,Chennai,High Value,2023-05-09
CUS102099,26,Male,Hyderabad,High Value,2023-05-17
CUS104013,64,Female,Hyderabad,Returning,2023-10-03
CUS105111,20,Female,Kolkata,Returning,2025-04-04
CUS103573,28,Female,Delhi,Returning,2023-03-20
CUS105740,55,Female,Mumbai,Loyal,2025-04-12
CUS101688,40,Male,Delhi,New,2023-06-07
CUS100745,61,Male,Delhi,New,2024-01-27
CUS105621,19,Female,Pune,Returning,2024-07-15
CUS107118,42,Male,Delhi,Returning,2023-06-17
CUS102187,51,Male,Mumbai,New,2024-12-31
CUS100195,52,Female,Ahmedabad,High Value,2024-02-06
CUS101152,63,Male,Hyderabad,High Value,2025-02-20
CUS107142,47,Female,Pune,Returning,2023-06-25
CUS105418,32,Male,Chennai,New,2024-03-02
CUS100802,26,Female,Mumbai,New,2023-05-08
CUS105041,46,Male,Delhi,Loyal,2024-12-15
CUS102350,29,Female,Delhi,New,2024-06-17
CUS104302,36,Male,Bengaluru,New,2025-04-17
CUS103571,65,Male,Kolkata,New,2024-02-08
CUS107429,58,Male,Pune,New,2025-05-28
CUS105317,25,Female,Pune,New,2025-05-12
CUS102068,65,Male,Bengaluru,High Value,2024-02-17
CUS102907,21,Male,Delhi,New,2025-03-01
CUS104486,28,Female,Chennai,Loyal,2025-03-17
CUS106341,59,Female,Kolkata,High Value,2025-05-30
CUS100644,43,Male,Ahmedabad,Returning,2023-01-26
CUS107255,37,Female,Ahmedabad,Returning,2024-01-11
CUS106159,64,Female,Delhi,High Value,2024-02-03
CUS106111,65,Male,Mumbai,New,2023-08-27
CUS104900,47,Male,Chennai,New,2024-10-19
CUS107250,19,Female,Bengaluru,Loyal,2024-02-04
CUS104515,34,Female,Mumbai,New,2023-02-08
CUS100120,60,Female,Delhi,New,2023-01-13
CUS101777,55,Female,Pune,High Value,2023-01-30
CUS102981,19,Male,Bengaluru,High Value,2024-06-18
CUS104848,23,Male,Delhi,Loyal,2024-07-14
CUS103074,28,Male,Hyderabad,New,2023-01-06
CUS106592,52,Male,Pune,Returning,2025-03-01
CUS106794,31,Male,Pune,New,2025-02-10
CUS107474,63,Male,Kolkata,Returning,2024-04-13
CUS103035,40,Other,Bengaluru,New,2023-07-09
CUS102135,30,Male,Kolkata,New,2025-06-06
CUS106967,61,Male,Chennai,New,2023-05-11
CUS105267,65,Male,Ahmedabad,Returning,2023-06-09
CUS100134,21,Female,Bengaluru,Returning,2025-04-09
CUS107248,25,Female,Chennai,New,2023-01-27
CUS104230,61,Male,Mumbai,New,2024-06-23
CUS104464,28,Male,Bengaluru,Loyal,2024-12-27
CUS105433,22,Male,Chennai,New,2024-01-25
CUS103941,40,Male,Kolkata,New,2024-11-18
CUS101162,39,Male,Bengaluru,New,2024-07-02
CUS102559,47,Male,Ahmedabad,New,2024-05-19
CUS100062,62,Other,Chennai,New,2023-04-28
CUS105366,31,Female,Kolkata,New,2023-10-21
CUS107141,33,Male,Ahmedabad,New,2023-06-21
CUS104420,63,Male,Hyderabad,Returning,2024-05-22
CUS101642,23,Female,Ahmedabad,Returning,2024-08-25
CUS104288,49,Male,Bengaluru,New,2024-05-06
CUS102467,60,Male,Hyderabad,Returning,2023-03-10
CUS100679,45,Male,Delhi,Returning,2023-07-18
CUS105344,64,Male,Ahmedabad,New,2025-05-30
CUS100741,54,Male,Hyderabad,High Value,2024-05-03
CUS101211,33,Male,Mumbai,New,2024-01-06
CUS102170,34,Male,Delhi,Returning,2023-09-03
CUS106198,42,Female,Pune,New,2025-02-16
CUS105620,60,Male,Mumbai,New,2025-05-22
CUS105466,51,Male,Pune,Returning,2024-04-28
CUS102900,39,Female,Mumbai,New,2025-06-16
CUS103258,53,Male,Ahmedabad,Returning,2023-09-15
CUS100567,49,Male,Chennai,New,2023-04-27
CUS101873,38,Female,Bengaluru,New,2023-10-08
CUS100648,39,Female,Pune,New,2024-04-23
CUS102596,35,Male,Mumbai,Loyal,2024-09-27
CUS101717,45,Male,Hyderabad,Returning,2023-12-20
CUS106798,56,Female,Delhi,Loyal,2023-11-17
CUS102843,38,Male,Pune,Loyal,2025-01-27
CUS101392,37,Male,Chennai,New,2024-08-05
CUS107375,26,Female,Kolkata,High Value,2023-07-10
CUS103816,58,Female,Pune,New,2024-05-14
CUS105544,43,Female,Hyderabad,Returning,2023-11-19
CUS106026,25,Male,Ahmedabad,Returning,2023-01-27
CUS100489,65,Male,Hyderabad,Loyal,2024-07-14
CUS100493,57,Female,Chennai,Returning,2023-11-10
CUS100690,34,Female,Mumbai,New,2025-03-06
CUS105768,34,Female,Bengaluru,High Value,2023-09-18
CUS100602,19,Male,Mumbai,Returning,2024-09-14
CUS101911,48,Male,Bengaluru,High Value,2023-02-04
CUS105656,37,Male,Ahmedabad,Returning,2024-01-26
CUS102880,63,Male,Kolkata,Loyal,2025-04-08
CUS105912,29,Female,Mumbai,New,2025-01-30
CUS105826,19,Female,Delhi,Returning,2024-03-26
CUS103706,44,Male,Hyderabad,New,2023-07-26
CUS103932,46,Male,Chennai,New,2024-09-14
CUS107868,62,Female,Ahmedabad,Loyal,2024-08-01
CUS102366,33,Female,Chennai,New,2024-03-13
CUS106986,28,Male,Ahmedabad,Loyal,2024-09-22
CUS101187,52,Male,Hyderabad,High Value,2024-06-04
CUS100274,28,Male,Mumbai,High Value,2023-06-02
CUS104653,37,Male,Bengaluru,Returning,2024-09-23
CUS105049,35,Male,Hyderabad,Returning,2025-03-01
CUS101361,18,Male,Hyderabad,Returning,2024-04-20
CUS103973,61,Other,Kolkata,New,2023-07-26
CUS101526,43,Female,Mumbai,New,2025-02-23
CUS105735,30,Male,Pune,High Value,2023-02-14
CUS105632,45,Female,Kolkata,High Value,2025-03-15
CUS101551,50,Male,Delhi,Returning,2024-01-24
CUS100330,20,Male,Pune,High Value,2025-05-24
CUS107716,34,Female,Ahmedabad,New,2023-06-01
CUS101337,30,Male,Hyderabad,High Value,2025-04-05
CUS105397,35,Male,Chennai,New,2024-05-07
CUS100945,40,Female,Kolkata,New,2025-02-24
CUS106453,42,Male,Mumbai,New,2023-08-31
CUS102250,47,Male,Hyderabad,Returning,2023-11-18
CUS107649,53,Male,Kolkata,New,2025-03-06
CUS100801,30,Male,Chennai,New,2025-01-19
CUS102346,41,Male,Hyderabad,Returning,2025-03-07
CUS100068,51,Male,Chennai,New,2025-05-12
CUS107999,35,Female,Mumbai,Loyal,2023-07-04
CUS107610,34,Male,Delhi,New,2024-12-17
CUS102784,48,Male,Mumbai,High Value,2023-01-28
CUS101598,45,Male,Pune,Returning,2023-10-13
CUS104614,46,Male,Kolkata,Returning,2023-05-07
CUS104840,25,Male,Mumbai,Loyal,2023-11-08
CUS105330,58,Male,Kolkata,Loyal,2024-03-22
CUS101503,49,Other,Hyderabad,New,2025-05-07
CUS107143,57,Other,Hyderabad,New,2023-12-19
CUS100150,57,Male,Kolkata,New,2024-05-10
CUS102804,25,Male,Hyderabad,Returning,2024-03-20
CUS103842,44,Male,Ahmedabad,New,2023-09-03
CUS102086,53,Female,Pune,Returning,2024-06-13
CUS107479,51,Male,Mumbai,New,2025-06-15
CUS102259,59,Male,Chennai,New,2024-04-11
CUS104122,58,Other,Kolkata,Returning,2024-02-26
CUS106262,58,Female,Ahmedabad,New,2023-11-11
CUS106375,29,Other,Chennai,New,2024-01-09
CUS100859,27,Male,Delhi,New,2023-09-01
CUS107759,42,Male,Pune,Loyal,2024-03-01
CUS105113,22,Female,Chennai,Loyal,2024-07-09
CUS107111,33,Female,Delhi,Returning,2024-02-08
CUS105848,53,Male,Pune,New,2023-08-31
CUS104229,39,Male,Mumbai,Loyal,2025-01-16
CUS106613,53,Female,Delhi,Loyal,2024-07-21
CUS100366,63,Female,Ahmedabad,Returning,2023-01-11
CUS101432,64,Female,Delhi,New,2024-04-02
CUS104414,55,Male,Bengaluru,New,2023-04-08
CUS106455,34,Female,Ahmedabad,New,2024-06-10
CUS103578,38,Male,Kolkata,Returning,2024-11-30
CUS101779,39,Female,Kolkata,New,2023-10-24
CUS103838,58,Male,Delhi,Returning,2024-12-04
CUS105015,48,Male,Delhi,Returning,2024-09-22
CUS106943,26,Female,Bengaluru,New,2024-07-10
CUS101818,56,Female,Bengaluru,New,2023-11-12
CUS105253,22,Male,Pune,High Value,2023-11-26
CUS100841,43,Female,Pune,Returning,2023-06-19
CUS102704,65,Male,Bengaluru,Returning,2023-05-23
CUS101189,64,Male,Mumbai,Returning,2025-02-16
CUS100175,22,Male,Delhi,New,2024-02-09
CUS104552,43,Male,Hyderabad,Returning,2024-02-06
CUS107718,58,Male,Delhi,New,2024-08-19
CUS100617,25,Female,Mumbai,High Value,2025-04-09
CUS102093,34,Female,Bengaluru,New,2023-01-04
CUS103308,34,Male,Hyderabad,Loyal,2023-04-22
CUS105970,65,Female,Kolkata,Returning,2025-02-17
CUS103491,22,Male,Pune,Returning,2023-05-13
CUS104010,60,Female,Kolkata,New,2023-03-04
CUS100082,58,Female,Pune,Returning,2024-06-08
CUS104002,18,Male,Delhi,Loyal,2025-06-15
CUS103208,54,Male,Bengaluru,New,2024-04-17
CUS100816,45,Female,Pune,Returning,2024-01-19
CUS101030,31,Male,Bengaluru,Returning,2024-12-26
CUS104951,52,Female,Kolkata,Returning,2023-10-20
CUS100300,65,Male,Pune,New,2023-08-05
CUS106340,52,Male,Hyderabad,Returning,2024-09-04
CUS101472,28,Male,Hyderabad,Returning,2025-04-11
CUS100283,27,Female,Delhi,High Value,2024-12-24
CUS102028,61,Female,Ahmedabad,Loyal,2024-11-11
CUS104421,28,Male,Pune,New,2025-01-06
CUS105130,20,Male,Mumbai,New,2023-07-10
CUS106509,44,Male,Bengaluru,New,2023-07-18
CUS102915,34,Female,Bengaluru,Loyal,2023-02-26
CUS101813,61,Male,Kolkata,Returning,2025-01-25
CUS101271,54,Male,Mumbai,Loyal,2024-06-15
CUS105607,22,Male,Pune,New,2025-03-22
CUS106450,38,Female,Kolkata,Returning,2025-05-10
CUS103668,59,Female,Pune,New,2023-06-26
CUS106115,60,Male,Delhi,Loyal,2025-03-16
CUS105825,18,Male,Kolkata,New,2024-01-13
CUS103827,55,Female,Hyderabad,New,2023-01-25
CUS103150,21,Male,Mumbai,Returning,2025-02-27
CUS100820,43,Female,Kolkata,High Value,2023-08-28
CUS102313,27,Male,Pune,Loyal,2025-05-14
CUS102008,29,Female,Chennai,New,2024-02-05
CUS104952,54,Female,Ahmedabad,High Value,2025-04-15
CUS102642,54,Female,Pune,New,2025-06-18
CUS104423,52,Female,Delhi,New,2024-12-29
CUS103844,33,Male,Kolkata,Returning,2025-03-17
CUS107477,31,Female,Chennai,New,2025-05-14
CUS102305,29,Male,Mumbai,Returning,2023-12-16
CUS106935,25,Male,Pune,New,2023-12-24
CUS107447,57,Male,Mumbai,New,2024-11-03
CUS100099,19,Male,Ahmedabad,Returning,2023-10-16
CUS107687,40,Female,Mumbai,Returning,2024-10-15
CUS100744,55,Male,Kolkata,High Value,2023-11-29
CUS107879,64,Male,Delhi,Loyal,2024-10-12
CUS107590,50,Female,Kolkata,Loyal,2025-02-11
CUS104857,45,Female,Ahmedabad,New,2023-01-01
CUS100480,31,Female,Hyderabad,Returning,2023-11-21
CUS105960,43,Male,Hyderabad,Returning,2025-04-11
CUS107959,29,Male,Chennai,New,2023-06-20
CUS106105,56,Male,Hyderabad,High Value,2023-07-30
CUS101157,30,Female,Hyderabad,Loyal,2023-09-01
CUS106872,61,Female,Delhi,Loyal,2024-09-10
CUS105310,54,Male,Ahmedabad,High Value,2024-08-06
CUS106058,28,Male,Delhi,Returning,2025-04-12
CUS101437,43,Male,Mumbai,High Value,2024-09-14
CUS102414,62,Female,Chennai,Returning,2023-02-28
CUS103554,22,Male,Delhi,New,2023-09-25
CUS107523,52,Female,Chennai,New,2023-03-04
CUS100402,31,Female,Kolkata,New,2024-04-30
CUS102195,62,Other,Delhi,New,2024-03-13
CUS100949,34,Female,Pune,Loyal,2023-03-08
CUS104024,23,Male,Mumbai,Loyal,2025-02-21
CUS102067,58,Male,Chennai,Loyal,2025-02-05
CUS104262,45,Male,Chennai,High Value,2025-01-09
CUS106800,35,Female,Chennai,Loyal,2024-11-05
CUS100668,56,Male,Bengaluru,Loyal,2023-10-21
CUS100218,43,Male,Kolkata,Returning,2023-04-25
CUS103366,32,Female,Pune,Returning,2023-11-01
CUS107899,43,Male,Bengaluru,New,2025-01-07
CUS101962,33,Female,Ahmedabad,Loyal,2023-04-29
CUS104077,23,Female,Mumbai,High Value,2024-10-24
CUS107603,23,Male,Chennai,New,2024-11-09
CUS102213,31,Female,Hyderabad,New,2024-08-17
CUS102633,28,Female,Kolkata,New,2024-03-27
CUS101659,34,Other,Chennai,New,2025-05-22
CUS107911,35,Female,Delhi,Loyal,2023-09-29
CUS105505,45,Male,Chennai,New,2023-08-14
CUS105663,19,Female,Mumbai,Returning,2023-02-06
CUS105628,27,Female,Mumbai,High Value,2024-10-30
CUS102145,55,Male,Hyderabad,New,2025-02-18
CUS100777,46,Female,Mumbai,New,2023-01-10
CUS102434,30,Female,Bengaluru,Returning,2024-07-21
CUS103066,37,Female,Mumbai,High Value,2025-01-12
CUS106973,49,Male,Ahmedabad,New,2024-03-13
CUS107296,26,Female,Ahmedabad,Returning,2023-09-15
CUS106424,54,Female,Mumbai,New,2024-08-15
CUS104694,41,Male,Delhi,Returning,2024-04-23
CUS105003,62,Female,Ahmedabad,New,2023-10-09
CUS101491,62,Male,Chennai,High Value,2024-06-07
CUS103545,36,Female,Ahmedabad,Returning,2023-10-06
CUS103153,30,Male,Ahmedabad,New,2024-12-17
CUS104801,65,Male,Hyderabad,New,2023-05-20
CUS103870,33,Female,Mumbai,New,2024-02-17
CUS106189,46,Female,Ahmedabad,Loyal,2023-10-14
CUS104756,60,Male,Bengaluru,Returning,2024-09-24
CUS103641,57,Female,Pune,Loyal,2023-11-21
CUS100517,52,Female,Hyderabad,High Value,2023-06-28
CUS104121,37,Male,Chennai,New,2024-07-30
CUS104269,45,Female,Kolkata,New,2024-12-11
CUS104640,65,Male,Hyderabad,Returning,2024-11-26
CUS106990,20,Female,Hyderabad,Returning,2023-12-26
CUS107980,50,Male,Ahmedabad,New,2025-06-10
CUS106285,38,Female,Mumbai,Loyal,2025-01-22
CUS101415,27,Female,Pune,New,2025-03-30
CUS100568,64,Female,Hyderabad,Returning,2025-05-22
CUS100360,55,Female,Ahmedabad,New,2024-10-02
CUS106552,65,Female,Bengaluru,New,2023-01-12
CUS107064,46,Male,Kolkata,Returning,2023-09-04
CUS107015,30,Male,Delhi,High Value,2023-02-04
CUS107727,31,Male,Hyderabad,Returning,2024-01-06
CUS103100,49,Male,Delhi,New,2024-03-19
CUS104099,37,Male,Bengaluru,Returning,2025-03-13
CUS100759,44,Male,Chennai,New,2023-03-22
CUS103548,54,Male,Kolkata,Returning,2023-10-30
CUS106568,44,Male,Chennai,New,2024-11-27
CUS107713,26,Male,Bengaluru,Returning,2023-04-21
CUS107910,18,Male,Delhi,High Value,2023-06-06
CUS106658,50,Male,Mumbai,Loyal,2023-02-14
CUS105364,19,Female,Chennai,New,2023-12-31
CUS100214,63,Female,Chennai,Returning,2024-05-22
CUS103662,38,Male,Kolkata,High Value,2023-10-01
CUS103971,25,Male,Chennai,New,2023-09-04
CUS106772,29,Female,Mumbai,New,2024-07-15
CUS106674,25,Male,Kolkata,Returning,2024-02-22
CUS105660,18,Female,Mumbai,Loyal,2023-12-03
CUS103801,65,Female,Pune,Loyal,2023-06-27
CUS104965,40,Female,Ahmedabad,New,2025-03-22
CUS106475,21,Female,Kolkata,Returning,2023-05-29
CUS101473,27,Female,Hyderabad,New,2025-01-16
CUS102244,38,Female,Kolkata,New,2023-05-29
CUS100725,20,Male,Ahmedabad,Returning,2023-02-26
CUS107160,51,Male,Hyderabad,New,2023-02-02
CUS103560,58,Male,Pune,New,2025-04-03
CUS100049,49,Female,Delhi,Returning,2024-08-14
CUS106428,48,Female,Chennai,New,2023-06-29
CUS107787,35,Male,Kolkata,Loyal,2025-05-31
CUS103130,25,Other,Pune,New,2024-03-03
CUS100887,40,Female,Hyderabad,New,2024-04-04
CUS107180,48,Male,Bengaluru,Returning,2023-11-11
CUS104534,45,Female,Delhi,New,2024-04-22
CUS102893,30,Male,Mumbai,New,2024-03-27
CUS105676,43,Female,Pune,Loyal,2024-01-08
CUS107410,38,Male,Ahmedabad,New,2025-03-23
CUS100516,49,Female,Bengaluru,Loyal,2023-04-11
CUS103168,61,Male,Delhi,New,2025-03-22
CUS102949,37,Male,Ahmedabad,High Value,2024-03-02
CUS106624,63,Female,Pune,New,2024-03-22
CUS100139,39,Female,Ahmedabad,New,2023-05-26
CUS105040,29,Female,Delhi,Returning,2023-10-28
CUS107790,18,Male,Pune,New,2025-04-17
CUS102378,58,Male,Mumbai,New,2023-05-13
CUS107204,56,Male,Kolkata,Returning,2024-08-12
CUS103197,54,Male,Delhi,High Value,2024-05-11
CUS107430,50,Female,Hyderabad,High Value,2024-07-23
CUS100112,26,Male,Ahmedabad,Loyal,2024-12-14
CUS103195,55,Male,Kolkata,Returning,2023-07-03
CUS100463,45,Male,Delhi,High Value,2023-05-10
CUS105072,49,Female,Mumbai,Returning,2023-09-12
CUS101233,20,Female,Bengaluru,New,2023-08-11
CUS103250,26,Female,Chennai,New,2025-04-08
CUS100594,52,Female,Chennai,New,2023-11-13
CUS104987,29,Male,Pune,Loyal,2025-06-15
CUS106220,54,Male,Ahmedabad,Loyal,2023-12-28
CUS100450,22,Male,Hyderabad,Returning,2024-03-17
CUS104607,29,Male,Hyderabad,New,2025-01-17
CUS103277,30,Female,Bengaluru,New,2024-07-15
CUS104241,58,Male,Chennai,Returning,2024-01-08
CUS104808,49,Female,Delhi,Returning,2024-05-10
CUS100312,65,Female,Pune,New,2025-03-09
CUS104149,31,Female,Ahmedabad,Returning,2024-02-02
CUS106093,36,Female,Mumbai,New,2023-05-29
CUS104776,40,Female,Hyderabad,New,2023-11-21
CUS106696,57,Male,Chennai,Loyal,2023-01-20
CUS107412,39,Male,Bengaluru,New,2024-07-02
CUS107850,59,Male,Ahmedabad,New,2025-05-29
CUS100451,18,Female,Pune,New,2023-05-16
CUS103166,31,Male,Delhi,Loyal,2024-06-21
CUS103731,29,Male,Kolkata,Loyal,2024-12-01
CUS106258,23,Female,Kolkata,New,2024-07-04
CUS107997,24,Female,Bengaluru,Returning,2023-11-20
CUS103626,40,Female,Kolkata,New,2024-08-31
CUS100890,57,Male,Delhi,New,2023-01-22
CUS107755,18,Female,Chennai,Returning,2023-05-15
CUS102763,32,Male,Hyderabad,High Value,2024-01-14
CUS100658,18,Female,Bengaluru,New,2025-01-02
CUS101506,35,Male,Delhi,New,2024-11-09
CUS106560,48,Female,Pune,New,2024-08-04
CUS104667,29,Male,Hyderabad,Returning,2024-04-26
CUS107743,20,Male,Ahmedabad,New,2024-04-12
CUS100999,24,Male,Kolkata,Loyal,2023-01-03
CUS100389,20,Male,Kolkata,New,2023-10-03
CUS103407,30,Male,Pune,New,2024-09-06
CUS102330,21,Female,Mumbai,Returning,2024-10-09
CUS101476,56,Male,Mumbai,High Value,2024-09-09
CUS102240,22,Male,Kolkata,Returning,2025-03-12
CUS107372,52,Female,Pune,Loyal,2024-05-20
CUS107383,19,Female,Ahmedabad,Returning,2025-05-27
CUS106840,34,Female,Mumbai,Returning,2024-04-20
CUS107673,52,Female,Pune,New,2024-08-28
CUS106912,50,Male,Chennai,New,2025-01-15
CUS102972,54,Male,Delhi,Returning,2023-08-15
CUS103386,56,Male,Hyderabad,Returning,2023-09-20
CUS102775,52,Male,Delhi,New,2023-04-27
CUS101923,64,Male,Delhi,Returning,2025-01-29
CUS100758,28,Male,Hyderabad,New,2023-01-16
CUS100700,20,Male,Ahmedabad,New,2023-12-12
CUS107182,55,Female,Hyderabad,New,2024-04-30
CUS101293,37,Female,Pune,New,2023-06-12
CUS107237,39,Male,Kolkata,Returning,2024-01-18
CUS102873,40,Female,Delhi,Returning,2025-04-29
CUS106859,24,Male,Hyderabad,New,2023-06-17
CUS102535,39,Male,Delhi,New,2024-03-27
CUS106890,28,Male,Ahmedabad,Loyal,2024-07-07
CUS101907,55,Male,Bengaluru,New,2023-09-06
CUS105666,18,Female,Chennai,Returning,2023-12-02
CUS105709,53,Female,Pune,Returning,2023-10-01
CUS100368,53,Female,Mumbai,Returning,2024-01-09
CUS101937,28,Male,Delhi,Returning,2024-12-07
CUS107824,47,Other,Hyderabad,Returning,2023-09-12
CUS101151,21,Male,Ahmedabad,New,2023-09-09
CUS107865,49,Female,Pune,New,2025-06-13
CUS105223,46,Male,Kolkata,New,2024-12-24
CUS104303,36,Female,Mumbai,Returning,2023-08-15
CUS105885,58,Female,Hyderabad,New,2023-01-21
CUS103010,53,Female,Delhi,Loyal,2024-04-18
CUS100191,23,Female,Chennai,Returning,2023-03-13
CUS106797,41,Male,Chennai,New,2023-08-11
CUS104538,61,Male,Delhi,Loyal,2024-12-12
CUS100174,49,Female,Ahmedabad,New,2023-05-24
CUS101903,57,Female,Ahmedabad,Returning,2024-09-02
CUS101099,39,Female,Ahmedabad,New,2023-08-29
CUS107129,61,Female,Hyderabad,New,2023-06-20
CUS103646,22,Male,Bengaluru,New,2023-10-24
CUS103408,49,Male,Chennai,New,2023-07-31
CUS104383,32,Male,Pune,New,2024-09-22
CUS102292,32,Male,Kolkata,Loyal,2023-10-03
CUS107145,54,Female,Ahmedabad,New,2023-01-27
CUS107973,52,Female,Pune,Loyal,2023-03-20
CUS105458,33,Male,Pune,Returning,2025-05-31
CUS105021,60,Male,Ahmedabad,New,2024-06-10
CUS101164,52,Female,Pune,Loyal,2025-04-22
CUS104606,54,Male,Delhi,New,2025-03-13
CUS104766,23,Female,Mumbai,Loyal,2024-09-11
CUS103982,47,Other,Delhi,Returning,2024-11-18
CUS106125,42,Female,Chennai,Loyal,2024-06-23
CUS105152,25,Female,Mumbai,Loyal,2023-06-20
CUS103664,51,Male,Ahmedabad,Returning,2024-05-28
CUS105819,57,Female,Delhi,Returning,2024-09-21
CUS101661,22,Female,Mumbai,New,2024-12-12
CUS100508,59,Male,Kolkata,New,2023-06-05
CUS100166,59,Male,Delhi,New,2024-08-24
CUS104264,31,Female,Bengaluru,New,2024-08-21
CUS106409,22,Male,Mumbai,Loyal,2025-01-27
CUS101006,53,Other,Kolkata,New,2023-09-24
CUS105738,52,Male,Delhi,New,2023-10-10
CUS103269,34,Male,Pune,Returning,2024-09-30
CUS105837,18,Male,Delhi,Loyal,2024-07-26
CUS103494,52,Male,Delhi,Loyal,2025-02-27
CUS104354,43,Male,Kolkata,Returning,2023-03-27
CUS105649,33,Male,Chennai,Returning,2024-02-11
CUS100103,39,Male,Ahmedabad,Returning,2023-03-12
CUS103265,42,Female,Hyderabad,Loyal,2025-05-07
CUS101111,37,Male,Hyderabad,Loyal,2024-11-12
CUS104989,65,Male,Ahmedabad,Returning,2024-02-11
CUS102536,20,Male,Mumbai,Returning,2023-07-29
CUS101104,48,Female,Kolkata,New,2024-07-24
CUS103875,27,Female,Ahmedabad,Returning,2024-12-06
CUS107282,55,Female,Mumbai,New,2024-03-31
CUS101752,32,Female,Mumbai,High Value,2025-06-11
CUS107326,22,Male,Hyderabad,Loyal,2023-08-17
CUS104619,36,Male,Pune,New,2023-11-05
CUS106213,34,Male,Hyderabad,Returning,2024-07-07
CUS106011,40,Male,Pune,Returning,2025-06-16
CUS102916,19,Female,Mumbai,New,2024-09-05
CUS105419,40,Male,Mumbai,Loyal,2024-09-10
CUS101658,41,Male,Hyderabad,Loyal,2023-07-30
CUS100152,64,Female,Mumbai,Returning,2024-02-05
CUS104512,43,Female,Ahmedabad,Loyal,2024-05-18
CUS102483,56,Female,Kolkata,Returning,2023-01-07
CUS101583,41,Male,Bengaluru,New,2024-04-14
CUS103907,62,Female,Kolkata,New,2024-12-15
CUS106896,21,Male,Kolkata,New,2023-05-09
CUS102552,19,Female,Ahmedabad,New,2023-01-26
CUS105601,34,Female,Pune,Loyal,2024-10-03
CUS103551,31,Male,Mumbai,Loyal,2024-10-28
CUS103722,28,Female,Chennai,New,2024-12-04
CUS104482,55,Female,Ahmedabad,New,2024-09-26
CUS106037,47,Male,Mumbai,Loyal,2024-09-10
CUS103985,51,Female,Hyderabad,Loyal,2023-11-05
CUS107167,36,Male,Pune,New,2024-07-07
CUS102209,26,Female,Pune,New,2024-02-13
CUS104559,62,Other,Delhi,Returning,2024-03-12
CUS104955,22,Male,Ahmedabad,New,2024-12-16
CUS106141,49,Female,Pune,Returning,2023-11-14
CUS102985,34,Male,Pune,Loyal,2024-10-03
CUS101822,59,Female,Hyderabad,New,2025-06-17
CUS104147,55,Male,Delhi,New,2023-05-23
CUS107467,59,Female,Chennai,Loyal,2024-10-13
CUS104705,47,Female,Pune,Loyal,2023-08-17
CUS107354,34,Male,Ahmedabad,Returning,2023-11-12
CUS107592,30,Male,Ahmedabad,Loyal,2024-05-17
CUS100309,61,Female,Hyderabad,Returning,2024-08-05
CUS100212,39,Male,Chennai,New,2023-05-28
CUS107769,46,Male,Chennai,Returning,2024-02-19
CUS105464,26,Male,Mumbai,Returning,2025-06-03
CUS103599,21,Male,Bengaluru,Returning,2024-04-13
CUS103622,44,Male,Mumbai,Returning,2023-02-15
CUS105891,53,Female,Ahmedabad,Loyal,2025-03-16
CUS106383,61,Male,Hyderabad,Returning,2025-02-12
CUS107565,47,Female,Pune,Returning,2023-01-28
CUS103450,19,Female,Kolkata,Returning,2024-10-05
CUS100495,33,Male,Ahmedabad,New,2023-05-10
CUS105897,28,Female,Delhi,New,2023-05-18
CUS103256,54,Male,Pune,Loyal,2023-04-24
CUS100205,20,Male,Delhi,Returning,2023-08-14
CUS101434,22,Other,Bengaluru,High Value,2024-02-29
CUS101135,36,Female,Delhi,New,2025-06-12
CUS102584,42,Male,Kolkata,New,2023-10-20
CUS100868,18,Male,Ahmedabad,High Value,2024-12-15
CUS102749,25,Male,Kolkata,New,2023-08-25
CUS103613,59,Female,Mumbai,Loyal,2024-02-07
CUS100305,29,Male,Kolkata,New,2023-03-23
CUS101849,49,Male,Chennai,Loyal,2023-01-01
CUS105210,37,Female,Pune,High Value,2023-09-16
CUS107310,65,Male,Chennai,New,2024-06-21
CUS101988,25,Female,Mumbai,Returning,2023-05-17
CUS103240,49,Female,Pune,Loyal,2024-04-10
CUS102798,26,Male,Kolkata,Loyal,2023-08-27
CUS104652,58,Female,Hyderabad,New,2025-02-12
CUS101534,23,Female,Kolkata,Returning,2024-06-03
CUS103109,61,Female,Mumbai,New,2024-11-28
CUS100843,38,Male,Hyderabad,Loyal,2023-12-14
CUS101987,51,Male,Kolkata,New,2024-10-09
CUS105654,33,Male,Chennai,New,2024-03-04
CUS107085,53,Male,Chennai,Loyal,2024-12-22
CUS101714,21,Female,Bengaluru,Loyal,2024-02-04
CUS100383,20,Female,Mumbai,Loyal,2025-01-12
CUS101538,49,Male,Hyderabad,New,2023-06-14
CUS100211,59,Female,Kolkata,Returning,2025-05-06
CUS103388,60,Male,Delhi,Returning,2023-05-03
CUS107931,37,Male,Ahmedabad,Loyal,2024-05-18
CUS101957,25,Male,Bengaluru,Returning,2023-08-26
CUS105380,26,Male,Bengaluru,New,2023-10-23
CUS102438,50,Female,Mumbai,New,2025-03-04
CUS102727,25,Female,Hyderabad,Returning,2024-03-03
CUS107880,39,Male,Chennai,Loyal,2023-10-27
CUS104239,28,Male,Delhi,Loyal,2025-02-07
CUS107489,61,Female,Chennai,Returning,2023-09-28
CUS101349,30,Male,Ahmedabad,New,2023-04-18
CUS105156,56,Male,Chennai,New,2024-09-01
CUS105671,38,Male,Kolkata,Loyal,2023-04-05
CUS103832,19,Male,Hyderabad,New,2024-04-23
CUS103580,57,Male,Bengaluru,Loyal,2023-03-16
CUS106286,52,Female,Mumbai,Returning,2024-10-31
CUS100680,36,Male,Bengaluru,Loyal,2024-06-22
CUS103901,64,Male,Ahmedabad,Loyal,2023-02-08
CUS100180,30,Male,Chennai,New,2023-03-21
CUS107808,44,Female,Chennai,New,2023-01-22
CUS100862,59,Male,Delhi,Returning,2023-04-23
CUS107580,63,Male,Mumbai,New,2023-11-04
CUS105137,26,Female,Bengaluru,New,2025-02-02
CUS100278,22,Female,Hyderabad,High Value,2025-05-31
CUS104028,33,Female,Hyderabad,Returning,2024-10-29
CUS103319,49,Female,Hyderabad,New,2024-03-20
CUS103252,59,Male,Kolkata,High Value,2024-08-06
CUS102518,31,Female,Delhi,New,2025-02-01
CUS102480,21,Other,Pune,Loyal,2024-05-01
CUS100289,48,Female,Mumbai,Returning,2024-02-04
CUS104101,54,Other,Kolkata,High Value,2024-04-13
CUS103075,26,Female,Delhi,New,2023-10-17
CUS105118,25,Female,Mumbai,Returning,2024-05-12
CUS104326,53,Male,Mumbai,New,2023-06-20
CUS106174,27,Female,Kolkata,Returning,2024-06-11
CUS100993,34,Male,Kolkata,New,2024-03-10
CUS103235,31,Male,Ahmedabad,New,2025-04-23
CUS102236,48,Male,Kolkata,New,2024-11-10
CUS107658,52,Female,Mumbai,New,2023-08-16
CUS100039,41,Male,Delhi,New,2023-08-18
CUS107760,31,Male,Bengaluru,Returning,2025-03-11
CUS105557,22,Other,Bengaluru,High Value,2024-09-10
CUS105807,35,Female,Delhi,High Value,2025-06-17
CUS102754,24,Female,Delhi,New,2023-02-24
CUS106576,56,Male,Bengaluru,Loyal,2023-05-22
CUS104129,19,Female,Kolkata,New,2023-01-21
CUS100270,20,Female,Mumbai,High Value,2024-10-16
CUS105224,32,Male,Pune,Loyal,2024-11-07
CUS102883,36,Female,Delhi,High Value,2024-07-01
CUS107107,26,Male,Mumbai,High Value,2024-01-15
CUS105384,24,Male,Pune,Returning,2024-08-09
CUS105916,34,Female,Bengaluru,New,2023-02-20
CUS107571,44,Male,Bengaluru,New,2023-08-14
CUS106380,44,Female,Delhi,High Value,2025-01-19
CUS100111,31,Female,Chennai,Loyal,2024-08-28
CUS103218,19,Male,Mumbai,Loyal,2024-07-20
CUS101391,22,Male,Pune,Returning,2024-12-05
CUS102600,52,Male,Kolkata,Loyal,2024-10-11
CUS103975,61,Female,Kolkata,New,2024-09-20
CUS100220,54,Female,Pune,Loyal,2024-10-15
CUS106649,63,Male,Chennai,High Value,2023-07-19
CUS107798,34,Female,Hyderabad,Loyal,2023-08-02
CUS107456,44,Male,Kolkata,New,2024-03-21
CUS105012,26,Female,Bengaluru,High Value,2025-04-09
CUS100083,43,Female,Pune,Returning,2023-04-30
CUS100873,40,Male,Chennai,New,2024-06-24
CUS107602,18,Female,Chennai,Loyal,2024-04-13
CUS105144,36,Male,Kolkata,New,2023-02-10
CUS100461,29,Female,Hyderabad,New,2025-04-27
CUS107216,55,Female,Hyderabad,Returning,2024-10-04
CUS104217,49,Male,Kolkata,Returning,2024-08-23
CUS100551,61,Female,Delhi,High Value,2023-01-10
CUS102201,54,Male,Pune,New,2024-04-14
CUS102374,57,Female,Ahmedabad,Loyal,2024-07-07
CUS106994,57,Male,Delhi,Loyal,2024-11-12
CUS104316,63,Female,Kolkata,New,2024-10-01
CUS102246,25,Male,Pune,Returning,2025-05-31
CUS107724,42,Female,Kolkata,High Value,2024-10-28
CUS104669,23,Female,Bengaluru,New,2024-04-04
CUS102450,36,Male,Delhi,Returning,2025-01-09
CUS103954,19,Female,Bengaluru,New,2024-01-01
CUS102329,40,Female,Mumbai,New,2023-04-30
CUS106877,41,Female,Mumbai,Returning,2024-04-02
CUS102146,45,Female,Delhi,New,2023-12-10
CUS105341,34,Male,Ahmedabad,New,2023-09-01
CUS104527,46,Female,Mumbai,New,2024-11-21
CUS107242,48,Female,Mumbai,New,2023-06-15
CUS100650,55,Female,Chennai,Returning,2023-08-15
CUS107715,54,Female,Hyderabad,Returning,2025-04-12
CUS100708,40,Male,Pune,New,2025-05-30
CUS107006,50,Female,Mumbai,New,2025-02-09
CUS106683,61,Female,Bengaluru,Loyal,2023-11-19
CUS104480,40,Male,Ahmedabad,Returning,2024-12-24
CUS104299,42,Female,Ahmedabad,High Value,2024-09-27
CUS103063,39,Female,Chennai,Returning,2024-08-22
CUS105516,59,Male,Hyderabad,High Value,2023-02-17
CUS103349,62,Female,Delhi,New,2024-06-21
CUS101424,20,Female,Hyderabad,Returning,2024-04-03
CUS101216,26,Male,Chennai,New,2023-05-25
CUS106272,35,Male,Hyderabad,Returning,2024-10-21
CUS101924,51,Male,Chennai,Loyal,2023-10-15
CUS100104,38,Male,Delhi,Returning,2024-04-24
CUS101064,35,Female,Chennai,New,2023-12-22
CUS103786,40,Female,Pune,New,2024-10-12
CUS100314,28,Male,Delhi,Loyal,2023-03-01
CUS101289,26,Female,Hyderabad,Returning,2025-01-22
CUS107406,40,Male,Mumbai,New,2023-07-19
CUS104567,63,Male,Kolkata,Returning,2024-12-10
CUS101427,47,Male,Pune,Returning,2024-01-30
CUS104921,57,Male,Kolkata,Loyal,2024-04-20
CUS106460,49,Female,Chennai,Loyal,2025-03-06
CUS103129,47,Female,Ahmedabad,New,2023-07-28
CUS107389,21,Female,Kolkata,Returning,2025-01-24
CUS106638,38,Female,Bengaluru,High Value,2025-02-22
CUS103008,65,Male,Kolkata,Returning,2025-01-25
CUS106785,42,Male,Mumbai,New,2023-06-20
CUS101105,31,Male,Bengaluru,New,2024-02-03
CUS105284,57,Male,Chennai,New,2024-05-23
CUS106050,33,Male,Chennai,New,2024-09-21
CUS105057,53,Male,Mumbai,Returning,2024-03-15
CUS104709,65,Female,Bengaluru,Loyal,2025-04-06
CUS100684,45,Female,Delhi,Loyal,2025-04-30
CUS106023,44,Male,Bengaluru,New,2023-09-28
CUS102765,40,Male,Bengaluru,New,2024-10-30
CUS104814,43,Female,Bengaluru,New,2023-11-04
CUS106328,43,Female,Ahmedabad,Returning,2023-08-23
CUS106095,41,Male,Delhi,New,2024-02-18
CUS104323,43,Female,Chennai,New,2023-06-08
CUS106395,52,Male,Kolkata,New,2024-01-28
CUS102451,21,Male,Hyderabad,Returning,2023-07-22
CUS105998,29,Male,Ahmedabad,Loyal,2024-05-27
CUS105627,33,Female,Chennai,High Value,2024-03-01
CUS103824,27,Female,Bengaluru,New,2023-07-26
CUS102652,37,Female,Delhi,Returning,2023-01-07
CUS106856,27,Female,Pune,Returning,2024-06-03
CUS107939,33,Male,Mumbai,New,2023-03-23
CUS102176,26,Female,Mumbai,Returning,2023-05-29
CUS107873,43,Female,Ahmedabad,Returning,2025-04-30
CUS103318,21,Female,Pune,New,2024-04-01
CUS102787,56,Male,Bengaluru,New,2024-02-12
CUS104105,49,Male,Ahmedabad,New,2025-03-18
CUS107120,39,Female,Kolkata,High Value,2024-04-20
CUS101676,60,Female,Pune,Returning,2023-10-27
CUS103947,22,Male,Chennai,New,2023-12-24
CUS107666,22,Male,Kolkata,Returning,2023-04-12
CUS105075,47,Male,Chennai,New,2024-04-11
CUS106639,21,Female,Kolkata,Loyal,2023-06-12
CUS105008,36,Female,Mumbai,New,2023-02-03
CUS102503,32,Male,Ahmedabad,Returning,2024-12-01
CUS105934,38,Male,Hyderabad,Loyal,2024-06-10
CUS102369,41,Male,Ahmedabad,Returning,2024-11-21
CUS102217,61,Female,Kolkata,New,2024-03-29
CUS102218,43,Male,Kolkata,New,2024-07-09
CUS103326,30,Male,Bengaluru,Loyal,2025-04-21
CUS107014,34,Female,Pune,Returning,2024-11-14
CUS103583,36,Male,Hyderabad,Returning,2025-02-23
CUS106438,29,Female,Ahmedabad,New,2024-04-17
CUS106009,33,Female,Ahmedabad,Returning,2023-02-20
CUS105190,42,Male,Pune,Returning,2024-04-09
CUS106437,62,Male,Chennai,New,2024-06-07
CUS100085,23,Female,Hyderabad,Returning,2024-09-29
CUS102801,28,Male,Ahmedabad,Returning,2024-07-21
CUS103671,25,Other,Bengaluru,Returning,2023-10-10
CUS103667,30,Male,Mumbai,Returning,2025-03-25
CUS102019,31,Male,Delhi,Loyal,2024-06-27
CUS105277,18,Male,Hyderabad,Loyal,2024-10-27
CUS102525,24,Female,Mumbai,Returning,2025-03-02
CUS104928,21,Female,Hyderabad,Loyal,2025-06-13
CUS104207,59,Female,Chennai,New,2024-01-27
CUS106057,58,Male,Delhi,High Value,2023-11-02
CUS106133,24,Female,Pune,Loyal,2023-07-27
CUS102895,51,Male,Kolkata,Loyal,2025-03-27
CUS106338,60,Male,Pune,High Value,2023-06-14
CUS107016,34,Male,Pune,Returning,2023-06-16
CUS103425,36,Female,Chennai,Returning,2023-07-27
CUS104685,44,Female,Mumbai,New,2024-11-20
CUS104943,60,Female,Delhi,New,2023-04-15
CUS104478,43,Female,Ahmedabad,New,2023-12-22
CUS106025,34,Male,Hyderabad,New,2024-04-27
CUS104894,64,Female,Mumbai,New,2024-09-05
CUS102001,57,Male,Mumbai,Loyal,2023-08-08
CUS107031,58,Other,Kolkata,Loyal,2023-04-14
CUS100869,33,Female,Mumbai,Loyal,2023-12-23
CUS100356,38,Male,Delhi,Loyal,2025-03-04
CUS105503,52,Female,Mumbai,New,2024-01-09
CUS105187,20,Male,Hyderabad,High Value,2024-05-20
CUS101890,47,Male,Hyderabad,Returning,2023-07-14
CUS105454,64,Male,Delhi,High Value,2024-10-16
CUS106974,51,Male,Pune,New,2024-07-31
CUS103563,21,Female,Chennai,High Value,2023-10-08
CUS105572,62,Male,Kolkata,New,2024-12-21
CUS102380,37,Female,Ahmedabad,High Value,2024-11-24
CUS107116,34,Male,Hyderabad,Loyal,2023-02-22
CUS106946,44,Female,Pune,New,2025-06-10
CUS105804,20,Male,Pune,New,2023-11-03
CUS103306,30,Female,Bengaluru,Loyal,2023-10-03
CUS106361,48,Male,Ahmedabad,New,2024-12-01
CUS103499,32,Female,Delhi,New,2023-06-23
CUS104502,52,Male,Pune,Loyal,2023-03-04
CUS101116,31,Female,Hyderabad,Returning,2025-01-04
CUS107548,31,Male,Bengaluru,New,2025-03-25
CUS106388,61,Female,Kolkata,New,2024-12-01
CUS105285,41,Male,Ahmedabad,New,2024-09-28
CUS105555,22,Female,Mumbai,Returning,2025-03-13
CUS105362,43,Female,Bengaluru,Loyal,2024-04-17
CUS102500,60,Female,Kolkata,Returning,2025-01-27
CUS104395,43,Female,Hyderabad,Returning,2025-01-05
CUS107284,60,Female,Bengaluru,High Value,2025-06-01
CUS103809,41,Male,Hyderabad,New,2023-11-24
CUS104472,49,Female,Delhi,Loyal,2024-11-11
CUS106191,20,Male,Kolkata,Loyal,2025-04-27
CUS107200,48,Female,Kolkata,Loyal,2023-11-16
CUS107817,44,Male,Pune,Returning,2024-05-12
CUS104842,49,Female,Bengaluru,New,2024-03-27
CUS102052,54,Male,Delhi,Returning,2023-03-23
CUS101776,45,Female,Pune,New,2023-07-27
CUS107249,48,Male,Mumbai,New,2024-05-21
CUS103313,21,Female,Pune,Loyal,2025-05-19
CUS105905,59,Male,Kolkata,New,2023-12-30
CUS104581,28,Other,Bengaluru,New,2024-07-21
CUS101592,58,Female,Kolkata,New,2023-04-06
CUS101723,21,Female,Bengaluru,Returning,2025-03-22
CUS106426,25,Female,Pune,Returning,2023-11-16
CUS106594,65,Female,Pune,Returning,2024-03-22
CUS105595,60,Male,Pune,New,2024-05-24
CUS100490,21,Male,Hyderabad,Loyal,2024-02-03
CUS106894,24,Female,Pune,Returning,2025-02-27
CUS103483,27,Male,Pune,New,2023-01-26
CUS103431,43,Male,Kolkata,Loyal,2023-07-22
CUS104250,45,Female,Chennai,Returning,2024-12-09
CUS105193,58,Male,Mumbai,New,2023-02-17
CUS100025,26,Female,Chennai,Returning,2025-04-20
CUS107300,29,Female,Pune,Loyal,2024-10-08
CUS102409,52,Female,Hyderabad,Loyal,2023-09-10
CUS103270,47,Male,Delhi,New,2023-05-20
CUS101552,61,Female,Ahmedabad,New,2023-03-20
CUS107578,29,Male,Mumbai,New,2024-07-17
CUS106144,42,Female,Pune,Returning,2023-02-04
CUS103871,20,Female,Ahmedabad,New,2024-03-28
CUS103402,58,Female,Pune,New,2023-06-02
CUS100979,37,Female,Delhi,Loyal,2023-05-15
CUS102655,27,Female,Ahmedabad,Returning,2025-03-11
CUS101847,33,Male,Delhi,New,2025-04-18
CUS105361,31,Male,Pune,New,2023-01-14
CUS104823,55,Female,Chennai,Returning,2023-08-31
CUS106106,40,Female,Delhi,Loyal,2023-04-02
CUS104863,49,Male,Chennai,Returning,2024-11-20
CUS101102,47,Female,Bengaluru,Returning,2024-01-29
CUS103276,64,Female,Kolkata,New,2023-11-22
CUS104975,59,Female,Bengaluru,Returning,2023-06-30
CUS106100,39,Female,Mumbai,Loyal,2024-07-10
CUS105719,49,Female,Delhi,New,2025-06-05
CUS103996,33,Male,Hyderabad,Returning,2023-04-07
CUS100194,54,Female,Chennai,New,2024-12-29
CUS100643,53,Female,Kolkata,New,2023-08-23
CUS103285,58,Male,Hyderabad,Returning,2024-09-19
CUS103116,44,Female,Ahmedabad,Loyal,2024-07-13
CUS103575,27,Female,Pune,New,2024-03-01
CUS106726,29,Female,Mumbai,Returning,2024-01-21
CUS102207,27,Female,Pune,New,2024-04-30
CUS103718,36,Female,Bengaluru,New,2025-02-26
CUS100972,35,Male,Hyderabad,Returning,2024-02-09
CUS100719,43,Male,Kolkata,Returning,2024-11-04
CUS107341,51,Male,Chennai,New,2023-09-18
CUS103896,45,Male,Ahmedabad,Loyal,2023-05-29
CUS102803,39,Male,Delhi,Loyal,2024-07-15
CUS102566,48,Female,Mumbai,Returning,2023-03-04
CUS104025,48,Male,Bengaluru,New,2025-05-03
CUS100032,27,Male,Kolkata,Loyal,2023-03-09
CUS106459,48,Female,Chennai,Loyal,2023-07-02
CUS104063,44,Other,Delhi,High Value,2023-05-23
CUS106667,23,Female,Chennai,Loyal,2024-03-19
CUS101697,61,Female,Bengaluru,Returning,2024-09-05
CUS102792,59,Male,Bengaluru,Loyal,2024-03-26
CUS102222,46,Female,Bengaluru,Loyal,2024-06-04
CUS103764,54,Female,Chennai,Loyal,2023-08-06
CUS103866,35,Male,Bengaluru,Returning,2023-06-13
CUS106214,29,Female,Delhi,New,2023-08-30
CUS106606,21,Male,Delhi,New,2024-02-11
CUS104508,56,Other,Bengaluru,New,2023-10-10
CUS105931,45,Female,Ahmedabad,New,2025-04-08
CUS103758,58,Male,Bengaluru,High Value,2024-09-29
CUS105476,24,Female,Chennai,New,2025-05-31
CUS103227,56,Male,Mumbai,New,2024-12-07
CUS105255,27,Female,Kolkata,New,2025-02-19
CUS105769,25,Male,Kolkata,Returning,2023-09-25
CUS103904,27,Female,Bengaluru,New,2024-06-03
CUS102277,60,Male,Hyderabad,New,2024-06-11
CUS104602,36,Male,Bengaluru,High Value,2023-04-13
CUS101401,59,Female,Pune,New,2025-02-23
CUS100739,32,Female,Mumbai,New,2023-02-15
CUS104266,41,Male,Delhi,Returning,2025-03-16
CUS105025,49,Female,Hyderabad,Returning,2023-07-10
CUS107702,23,Female,Mumbai,New,2024-06-18
CUS105519,19,Other,Kolkata,Loyal,2024-11-12
CUS107893,55,Other,Hyderabad,New,2023-10-18
CUS104626,37,Female,Ahmedabad,New,2024-01-16
CUS100674,48,Male,Pune,New,2023-08-27
CUS104634,63,Female,Pune,New,2024-08-01
CUS103841,59,Female,Chennai,Loyal,2024-04-19
CUS101815,43,Female,Pune,New,2023-12-20
CUS105716,21,Female,Ahmedabad,Returning,2025-06-01
CUS107946,64,Male,Ahmedabad,Loyal,2023-03-25
CUS107009,41,Female,Ahmedabad,New,2023-08-19
CUS107661,31,Female,Delhi,Returning,2024-10-03
CUS102100,28,Male,Ahmedabad,New,2023-09-06
CUS106906,58,Female,Bengaluru,New,2023-04-09
CUS102101,27,Female,Mumbai,New,2025-02-09
CUS104213,53,Female,Delhi,Returning,2023-05-19
CUS106017,23,Male,Chennai,High Value,2024-01-29
CUS101548,47,Male,Bengaluru,Returning,2023-06-22
CUS104328,44,Male,Hyderabad,New,2025-04-14
CUS103323,62,Female,Kolkata,High Value,2023-06-14
CUS104897,25,Female,Bengaluru,New,2025-02-20
CUS100355,22,Female,Chennai,Loyal,2024-03-01
CUS101461,64,Male,Delhi,Loyal,2025-05-29
CUS107582,49,Male,Ahmedabad,New,2023-10-20
CUS103220,31,Male,Hyderabad,Loyal,2023-02-06
CUS105866,40,Female,Hyderabad,Loyal,2023-11-16
CUS105309,49,Male,Hyderabad,New,2023-08-16
CUS101751,56,Female,Delhi,New,2024-10-19
CUS105389,25,Female,Mumbai,Returning,2023-11-06
CUS105117,30,Male,Ahmedabad,Returning,2025-04-19
CUS101772,23,Female,Mumbai,Returning,2024-09-03
CUS101196,28,Female,Mumbai,New,2025-03-25
CUS101878,42,Female,Pune,Loyal,2023-10-31
CUS102668,62,Male,Delhi,New,2023-07-13
CUS102016,26,Female,Mumbai,Returning,2025-03-30
CUS102005,35,Female,Pune,Returning,2023-08-26
CUS103893,55,Female,Pune,Loyal,2024-10-26
CUS103237,37,Female,Chennai,New,2023-02-01
CUS102078,50,Male,Bengaluru,Returning,2025-01-10
CUS100396,41,Male,Bengaluru,Loyal,2023-07-09
CUS102788,28,Male,Hyderabad,New,2025-02-23
CUS106862,45,Male,Pune,New,2024-06-02
CUS104072,30,Female,Delhi,New,2023-05-10
CUS105763,34,Female,Pune,Returning,2024-02-28
CUS104881,47,Male,Mumbai,Returning,2023-01-24
CUS101519,36,Female,Chennai,Loyal,2024-03-21
CUS105508,29,Other,Mumbai,Loyal,2023-08-26
CUS101378,40,Female,Mumbai,Returning,2024-08-18
CUS101023,24,Male,Ahmedabad,Returning,2025-05-23
CUS102587,26,Male,Ahmedabad,New,2023-08-19
CUS105146,46,Female,Hyderabad,Loyal,2023-09-15
CUS102857,40,Male,Pune,New,2023-08-21
CUS105692,64,Male,Mumbai,Loyal,2025-01-20
CUS101629,59,Female,Ahmedabad,Loyal,2024-02-18
CUS103523,54,Male,Chennai,New,2023-02-05
CUS105242,23,Female,Kolkata,Returning,2023-05-29
CUS103607,31,Male,Bengaluru,Returning,2024-07-31
CUS107322,21,Female,Hyderabad,Loyal,2023-02-06
CUS100234,61,Male,Mumbai,Returning,2024-02-17
CUS107616,52,Female,Hyderabad,Loyal,2024-05-28
CUS103796,37,Female,Kolkata,Returning,2023-03-26
CUS104118,45,Female,Hyderabad,New,2024-01-20
CUS103800,36,Male,Delhi,New,2025-01-27
CUS105081,28,Female,Delhi,New,2023-10-24
CUS106048,32,Male,Hyderabad,New,2025-05-07
CUS101948,28,Male,Chennai,Returning,2023-04-12
CUS107288,41,Male,Kolkata,New,2023-02-20
CUS106708,58,Male,Pune,New,2025-05-31
CUS103492,41,Female,Bengaluru,Loyal,2025-01-27
CUS102671,56,Female,Delhi,New,2023-09-02
CUS102224,23,Male,Mumbai,Returning,2023-05-12
CUS101106,32,Female,Delhi,Returning,2023-02-05
CUS106760,41,Female,Delhi,New,2023-08-29
CUS100818,53,Male,Bengaluru,Returning,2024-11-05
CUS106394,40,Male,Kolkata,Returning,2023-03-12
CUS106325,45,Male,Delhi,Returning,2024-07-09
CUS107279,61,Male,Kolkata,Loyal,2025-02-18
CUS100888,58,Female,Kolkata,Returning,2024-12-23
CUS102437,61,Male,Pune,Loyal,2023-02-08
CUS100817,59,Male,Kolkata,Returning,2025-04-29
CUS103414,32,Female,Mumbai,Loyal,2024-10-19
CUS102341,55,Female,Pune,Returning,2025-05-30
CUS103167,27,Male,Hyderabad,Loyal,2024-01-02
CUS106067,39,Female,Ahmedabad,High Value,2024-04-29
CUS105405,62,Male,Mumbai,Loyal,2024-03-10
CUS101264,46,Female,Delhi,New,2024-07-31
CUS107568,57,Male,Pune,Returning,2023-10-15
CUS105928,64,Male,Ahmedabad,New,2023-05-17
CUS105785,65,Male,Kolkata,High Value,2024-02-17
CUS101228,32,Male,Delhi,New,2025-04-21
CUS104905,32,Male,Pune,Loyal,2024-08-16
CUS100052,56,Female,Mumbai,New,2025-01-21
CUS104937,21,Female,Bengaluru,New,2024-08-23
CUS107791,45,Female,Chennai,High Value,2024-05-06
CUS100159,19,Female,Kolkata,High Value,2023-11-29
CUS105082,28,Female,Hyderabad,New,2024-10-06
CUS101587,64,Male,Delhi,New,2024-01-30
CUS101589,64,Male,Bengaluru,Returning,2025-02-10
CUS104684,33,Male,Hyderabad,Loyal,2023-10-27
CUS104456,20,Female,Chennai,High Value,2023-12-25
CUS106988,56,Female,Mumbai,Returning,2023-11-06
CUS103858,32,Other,Ahmedabad,New,2025-06-06
CUS104520,34,Female,Delhi,High Value,2023-03-18
CUS102828,27,Female,Ahmedabad,Loyal,2024-07-04
CUS100436,41,Male,Hyderabad,New,2025-05-03
CUS107423,25,Male,Chennai,Loyal,2025-01-03
CUS103878,62,Male,Chennai,New,2025-04-19
CUS101588,21,Female,Pune,High Value,2024-07-20
CUS102780,44,Male,Hyderabad,New,2024-03-09
CUS106669,65,Male,Kolkata,Loyal,2024-02-02
CUS106055,41,Male,Hyderabad,New,2023-01-12
CUS106041,52,Male,Mumbai,Loyal,2023-09-09
CUS100973,63,Male,Delhi,New,2025-01-28
CUS101238,58,Female,Chennai,New,2024-08-07
CUS102951,43,Other,Bengaluru,Loyal,2024-08-10
CUS102342,46,Male,Ahmedabad,New,2024-02-09
CUS104927,53,Female,Ahmedabad,Loyal,2023-09-21
CUS107001,39,Male,Kolkata,New,2023-05-13
CUS101497,39,Male,Hyderabad,Returning,2023-01-25
CUS104257,45,Female,Mumbai,New,2023-04-11
CUS102422,32,Female,Hyderabad,Loyal,2024-03-22
CUS107281,52,Male,Kolkata,Returning,2024-08-19
CUS106066,60,Male,Chennai,New,2025-05-11
CUS107165,60,Male,Mumbai,Loyal,2023-04-30
CUS102092,38,Female,Bengaluru,Loyal,2024-06-10
CUS102015,54,Male,Delhi,Loyal,2024-11-24
CUS106783,46,Female,Bengaluru,Returning,2023-05-27
CUS107209,40,Female,Chennai,Returning,2023-02-20
CUS100187,35,Male,Bengaluru,New,2025-01-26
CUS104635,38,Other,Pune,High Value,2023-07-31
CUS103655,38,Female,Kolkata,Loyal,2024-03-22
CUS103426,31,Female,Hyderabad,Returning,2025-04-08
CUS104855,31,Female,Delhi,New,2023-06-09
CUS101381,28,Male,Bengaluru,High Value,2025-03-28
CUS107260,60,Female,Kolkata,Loyal,2024-05-24
CUS100413,33,Other,Ahmedabad,Loyal,2023-02-04
CUS103336,40,Female,Mumbai,High Value,2024-11-08
CUS103606,63,Male,Pune,Returning,2025-02-28
CUS107692,42,Male,Mumbai,Returning,2023-11-11
CUS106210,50,Male,Pune,Loyal,2024-04-06
CUS105251,51,Male,Pune,Returning,2023-03-28
CUS100256,48,Male,Pune,Returning,2023-12-22
CUS104767,50,Female,Pune,New,2025-01-30
CUS102235,58,Male,Bengaluru,Returning,2024-01-20
CUS101767,36,Female,Hyderabad,New,2023-11-14
CUS104236,43,Male,Delhi,Returning,2025-03-14
CUS105874,38,Male,Kolkata,New,2023-09-03
CUS101572,65,Male,Mumbai,Returning,2024-10-08
CUS100024,32,Male,Kolkata,High Value,2023-11-04
CUS106488,35,Female,Pune,Returning,2025-04-16
CUS101088,62,Male,Mumbai,High Value,2023-03-13
CUS102694,38,Female,Hyderabad,High Value,2023-10-15
CUS105107,64,Female,Ahmedabad,New,2023-07-25
CUS103398,59,Male,Kolkata,New,2023-09-25
CUS103559,62,Female,Hyderabad,New,2023-06-16
CUS106926,37,Male,Kolkata,Returning,2023-11-20
CUS102841,47,Male,Kolkata,Loyal,2023-09-23
CUS102311,43,Male,Delhi,Returning,2023-07-19
CUS105712,58,Female,Mumbai,Returning,2023-08-26
CUS107794,36,Male,Delhi,Returning,2024-09-07
CUS104152,32,Male,Delhi,New,2023-01-22
CUS101309,59,Female,Delhi,Returning,2025-01-02
CUS100695,24,Female,Pune,New,2024-12-23
CUS104506,28,Male,Kolkata,Returning,2025-05-02
CUS103752,36,Male,Ahmedabad,New,2025-02-20
CUS101227,25,Female,Kolkata,Returning,2023-09-17
CUS101999,39,Female,Kolkata,New,2025-02-17
CUS100276,34,Male,Ahmedabad,Loyal,2023-12-01
CUS107562,61,Male,Pune,Returning,2023-02-07
CUS107088,40,Male,Delhi,New,2024-05-30
CUS106504,18,Female,Chennai,Loyal,2024-09-09
CUS107291,56,Male,Pune,Returning,2023-08-02
CUS105561,18,Female,Chennai,New,2025-01-20
CUS107730,61,Female,Mumbai,High Value,2024-10-09
CUS104746,25,Female,Delhi,Loyal,2023-07-06
CUS101137,65,Female,Ahmedabad,Returning,2024-01-20
CUS102767,35,Female,Kolkata,New,2025-05-05
CUS105509,41,Female,Kolkata,High Value,2024-05-24
CUS105542,56,Male,Ahmedabad,Loyal,2024-08-14
CUS100942,49,Male,Kolkata,New,2023-09-16
CUS106611,42,Male,Delhi,High Value,2025-04-27
CUS103935,62,Male,Mumbai,Loyal,2023-12-30
CUS102384,35,Male,Bengaluru,New,2023-06-23
CUS100115,48,Female,Bengaluru,Loyal,2024-10-19
CUS105741,49,Female,Kolkata,High Value,2023-09-28
CUS103119,29,Female,Hyderabad,New,2023-03-07
CUS104258,36,Male,Mumbai,Returning,2023-06-16
CUS104529,23,Male,Hyderabad,Returning,2023-09-28
CUS105909,24,Male,Delhi,Returning,2024-06-12
CUS102819,62,Female,Bengaluru,Returning,2023-08-06
CUS103822,47,Female,Mumbai,High Value,2025-03-31
CUS106827,52,Female,Pune,Returning,2024-10-31
CUS106578,48,Male,Ahmedabad,New,2023-05-02
CUS103802,41,Female,Kolkata,Loyal,2024-08-28
CUS103536,32,Male,Ahmedabad,New,2024-05-10
CUS103825,48,Other,Mumbai,Loyal,2023-08-03
CUS106186,55,Female,Bengaluru,New,2024-11-09
CUS101946,23,Male,Delhi,Loyal,2025-05-31
CUS104816,19,Other,Delhi,Loyal,2024-03-07
CUS103488,32,Other,Kolkata,Returning,2025-03-14
CUS101610,53,Female,Kolkata,Loyal,2023-07-30
CUS107082,34,Female,Mumbai,New,2025-03-14
CUS102194,29,Male,Pune,High Value,2023-12-27
CUS105965,23,Female,Bengaluru,Loyal,2023-01-30
CUS100557,47,Female,Delhi,Returning,2023-10-29
CUS105422,42,Male,Ahmedabad,New,2024-07-17
CUS101207,57,Female,Ahmedabad,Loyal,2024-06-05
CUS106921,52,Male,Chennai,High Value,2024-08-27
CUS106634,24,Female,Pune,Returning,2025-04-16
CUS101510,21,Male,Kolkata,High Value,2025-04-25
CUS103829,47,Male,Chennai,Returning,2024-01-21
CUS103732,43,Other,Ahmedabad,New,2025-01-23
CUS105357,31,Female,Mumbai,High Value,2024-11-21
CUS103211,62,Male,Ahmedabad,Loyal,2023-12-29
CUS103630,31,Other,Hyderabad,Returning,2023-02-17
CUS105609,42,Female,Hyderabad,Loyal,2025-06-04
CUS105613,56,Male,Bengaluru,Loyal,2025-04-15
CUS100266,59,Male,Delhi,Returning,2024-10-11
CUS101140,63,Female,Ahmedabad,High Value,2025-02-26
CUS103162,57,Female,Pune,Returning,2025-01-13
CUS105839,56,Male,Bengaluru,Returning,2024-04-19
CUS107537,63,Other,Kolkata,New,2023-01-03
CUS101909,38,Female,Hyderabad,New,2023-01-01
CUS104925,29,Male,Delhi,New,2023-12-26
CUS100656,42,Male,Bengaluru,Returning,2024-06-05
CUS105817,33,Female,Kolkata,New,2023-04-12
CUS100998,30,Male,Chennai,Returning,2025-01-12
CUS105002,29,Male,Delhi,New,2024-07-14
CUS102834,55,Female,Pune,Returning,2024-06-17
CUS101237,38,Female,Kolkata,New,2023-02-07
CUS106830,20,Male,Pune,New,2023-10-21
CUS107399,49,Female,Kolkata,New,2024-06-29
CUS106274,62,Male,Bengaluru,High Value,2024-09-22
CUS102186,53,Male,Ahmedabad,Loyal,2024-03-09
CUS101134,23,Female,Bengaluru,Loyal,2024-03-09
CUS101303,36,Female,Kolkata,Returning,2023-01-20
CUS101627,32,Male,Chennai,Loyal,2023-11-10
CUS106620,43,Male,Chennai,New,2025-01-08
CUS101522,55,Male,Bengaluru,Loyal,2023-11-20
CUS100358,33,Female,Hyderabad,High Value,2023-11-12
CUS100138,56,Male,Pune,Loyal,2024-03-28
CUS100299,43,Male,Chennai,Loyal,2024-10-06
CUS101556,34,Male,Bengaluru,New,2024-06-04
CUS100382,20,Male,Hyderabad,Loyal,2023-12-06
CUS105683,59,Female,Delhi,New,2025-02-12
CUS104696,37,Male,Bengaluru,New,2023-05-13
CUS107331,54,Female,Hyderabad,Loyal,2024-01-12
CUS105968,56,Male,Delhi,Loyal,2024-08-16
CUS104813,33,Female,Mumbai,Returning,2023-12-28
CUS106635,39,Female,Kolkata,High Value,2024-01-06
CUS105664,59,Female,Ahmedabad,New,2025-02-24
CUS102721,45,Female,Delhi,Returning,2024-05-11
CUS101932,20,Other,Pune,Loyal,2023-11-14
CUS104997,26,Male,Bengaluru,New,2023-08-12
CUS107374,60,Other,Bengaluru,New,2024-07-10
CUS107498,61,Female,Delhi,Loyal,2023-01-27
CUS104163,64,Male,Hyderabad,Returning,2025-06-08
CUS106535,48,Male,Mumbai,High Value,2024-02-12
CUS103807,43,Male,Pune,High Value,2023-03-19
CUS107003,54,Female,Bengaluru,Loyal,2025-02-22
CUS104714,37,Female,Mumbai,Returning,2023-12-16
CUS104154,36,Female,Hyderabad,Returning,2024-12-22
CUS104172,52,Female,Chennai,Returning,2025-01-01
CUS100796,29,Female,Bengaluru,High Value,2023-01-29
CUS102416,22,Male,Ahmedabad,Returning,2024-05-02
CUS100785,37,Male,Bengaluru,Returning,2023-01-25
CUS103158,54,Male,Delhi,New,2023-06-14
CUS100123,54,Male,Kolkata,Returning,2023-03-31
CUS102172,25,Male,Kolkata,New,2023-04-02
CUS105935,56,Male,Chennai,Returning,2024-11-30
CUS105884,21,Female,Mumbai,Loyal,2025-01-19
CUS104340,56,Female,Kolkata,Returning,2024-01-04
CUS100910,43,Male,Bengaluru,New,2024-12-04
CUS102309,50,Female,Pune,New,2023-08-29
CUS107682,55,Female,Delhi,Loyal,2023-05-01
CUS103634,19,Male,Hyderabad,Returning,2023-05-08
CUS101257,57,Female,Bengaluru,New,2023-11-11
CUS104458,57,Other,Ahmedabad,Loyal,2024-08-17
CUS101178,18,Male,Ahmedabad,New,2023-11-26
CUS103650,62,Female,Hyderabad,New,2025-05-12
CUS100442,27,Male,Hyderabad,New,2025-01-28
CUS106299,36,Female,Kolkata,Returning,2024-02-21
CUS101399,24,Female,Mumbai,Loyal,2025-05-11
CUS101457,41,Female,Bengaluru,Returning,2024-10-12
CUS105064,21,Male,Kolkata,Returning,2025-02-25
CUS101054,39,Female,Chennai,High Value,2024-07-28
CUS103275,57,Male,Ahmedabad,New,2023-12-17
CUS106301,19,Female,Mumbai,Loyal,2023-08-24
CUS103699,21,Male,Mumbai,Returning,2025-05-04
CUS103759,62,Male,Pune,New,2023-02-11
CUS100929,48,Male,Bengaluru,New,2024-05-07
CUS105818,63,Female,Delhi,Returning,2024-05-05
CUS101829,34,Female,Pune,New,2023-01-07
CUS107059,26,Male,Mumbai,Returning,2025-06-02
CUS104221,65,Male,Hyderabad,Loyal,2023-11-06
CUS107522,30,Female,Bengaluru,New,2023-05-09
CUS106605,49,Female,Bengaluru,New,2024-05-03
CUS105457,63,Male,Mumbai,Returning,2025-04-12
CUS102011,36,Male,Ahmedabad,New,2024-09-07
CUS106623,31,Female,Delhi,Returning,2025-02-19
CUS105589,35,Male,Pune,Loyal,2025-01-23
CUS107866,21,Male,Pune,New,2025-04-01
CUS102606,23,Male,Mumbai,Returning,2024-10-04
CUS103264,35,Male,Ahmedabad,New,2024-11-01
CUS106470,35,Female,Delhi,New,2024-10-08
CUS105460,63,Female,Kolkata,Returning,2023-05-09
CUS100006,56,Other,Hyderabad,New,2024-05-04
CUS102980,24,Male,Mumbai,New,2024-06-18
CUS103361,35,Female,Bengaluru,New,2024-09-22
CUS101943,27,Female,Delhi,Returning,2024-02-22
CUS105014,33,Male,Chennai,New,2023-08-26
CUS107551,47,Male,Kolkata,Loyal,2023-03-13
CUS106931,26,Male,Kolkata,New,2025-02-15
CUS106308,29,Female,Chennai,Loyal,2025-02-11
CUS107311,42,Male,Hyderabad,Returning,2023-05-10
CUS107546,55,Female,Chennai,New,2024-09-10
CUS103134,50,Male,Hyderabad,Loyal,2023-09-20
CUS105229,26,Male,Hyderabad,Returning,2024-03-06
CUS102242,55,Female,Mumbai,New,2024-07-07
CUS101474,65,Male,Ahmedabad,New,2025-02-22
CUS106098,36,Female,Chennai,New,2025-03-25
CUS101889,48,Male,Bengaluru,Returning,2023-01-23
CUS103435,56,Female,Bengaluru,New,2023-01-14
CUS107205,19,Female,Pune,Returning,2024-08-16
CUS103705,35,Male,Bengaluru,New,2025-04-25
CUS102021,24,Male,Pune,Loyal,2023-01-12
CUS104020,44,Male,Ahmedabad,High Value,2025-04-14
CUS106458,32,Female,Pune,Returning,2024-03-26
CUS105863,39,Female,Bengaluru,Returning,2023-01-30
CUS106322,22,Male,Delhi,Loyal,2025-04-03
CUS102658,50,Female,Ahmedabad,Loyal,2024-05-25
CUS101130,51,Female,Hyderabad,Returning,2024-03-01
CUS105593,43,Female,Hyderabad,New,2024-05-28
CUS107428,18,Female,Mumbai,Returning,2024-09-02
CUS105039,30,Male,Mumbai,New,2024-08-30
CUS104318,62,Male,Pune,New,2025-04-03
CUS107601,24,Female,Hyderabad,High Value,2024-09-02
CUS104144,43,Male,Chennai,New,2023-01-07
CUS101236,22,Female,Bengaluru,Returning,2023-08-13
CUS107368,57,Male,Hyderabad,New,2025-03-02
CUS102282,20,Female,Pune,Loyal,2023-10-13
CUS105574,22,Male,Ahmedabad,Returning,2024-08-31
CUS107177,56,Female,Bengaluru,Loyal,2023-08-31
CUS104093,34,Female,Chennai,High Value,2024-05-31
CUS105579,28,Male,Delhi,Returning,2024-05-29
CUS107225,39,Male,Bengaluru,Loyal,2025-05-17
CUS100386,48,Male,Chennai,High Value,2025-04-22
CUS101628,53,Male,Pune,Loyal,2024-01-10
CUS103585,57,Male,Mumbai,High Value,2024-04-08
CUS102714,60,Female,Bengaluru,New,2024-10-12
CUS104838,50,Male,Chennai,Returning,2023-06-20
CUS106953,30,Male,Mumbai,High Value,2024-06-08
CUS107179,61,Other,Bengaluru,Returning,2024-09-30
CUS103189,42,Male,Chennai,Loyal,2024-02-12
CUS104305,60,Female,Chennai,Returning,2024-07-22
CUS100909,62,Male,Ahmedabad,New,2023-05-30
CUS106207,26,Female,Mumbai,Returning,2025-02-04
CUS101866,46,Other,Kolkata,New,2024-02-22
CUS101842,23,Female,Pune,New,2025-03-12
CUS102497,59,Female,Pune,New,2024-11-12
CUS106714,19,Male,Bengaluru,New,2024-03-08
CUS105325,62,Male,Hyderabad,New,2023-10-15
CUS104006,57,Female,Chennai,Returning,2024-04-20
CUS102702,23,Female,Hyderabad,Loyal,2023-04-28
CUS106743,40,Male,Chennai,Loyal,2024-04-13
CUS100331,44,Male,Ahmedabad,Returning,2023-02-06
CUS104818,49,Female,Mumbai,New,2023-01-29
CUS106337,39,Female,Delhi,New,2023-07-27
CUS102459,57,Female,Delhi,Returning,2023-09-01
CUS101774,52,Female,Pune,New,2024-12-27
CUS106805,27,Female,Delhi,Loyal,2023-06-07
CUS102686,50,Male,Chennai,New,2025-04-06
CUS106913,22,Male,Kolkata,Loyal,2023-03-03
CUS106659,40,Male,Kolkata,New,2023-12-15
CUS107847,64,Female,Mumbai,Returning,2024-07-16
CUS107994,38,Male,Chennai,Returning,2023-12-13
CUS106324,38,Female,Ahmedabad,New,2024-01-18
CUS106277,31,Female,Chennai,Returning,2023-10-19
CUS105860,57,Female,Chennai,Returning,2023-10-13
CUS107766,29,Male,Chennai,New,2023-09-10
CUS100173,56,Female,Hyderabad,Returning,2024-05-30
CUS104615,21,Female,Bengaluru,New,2025-05-28
CUS103321,23,Male,Hyderabad,Returning,2025-01-27
CUS104769,20,Female,Mumbai,New,2023-04-14
CUS103372,40,Male,Ahmedabad,New,2024-12-05
CUS103311,57,Female,Ahmedabad,Loyal,2023-11-15
CUS104919,22,Other,Ahmedabad,New,2025-04-06
CUS105108,24,Male,Hyderabad,Returning,2024-08-13
CUS106435,31,Male,Mumbai,Returning,2025-05-11
CUS105608,51,Male,Kolkata,Returning,2024-09-02
CUS103403,20,Female,Mumbai,New,2025-04-16
CUS100018,19,Male,Chennai,New,2024-06-20
CUS103691,54,Male,Chennai,Loyal,2025-02-16
CUS106201,31,Female,Mumbai,Returning,2024-03-12
CUS104096,27,Male,Delhi,New,2023-08-01
CUS103628,54,Male,Mumbai,Returning,2024-12-29
CUS106497,34,Male,Bengaluru,Returning,2023-12-29
CUS102174,29,Female,Hyderabad,Returning,2023-06-09
CUS101356,48,Male,Delhi,High Value,2024-06-23
CUS104977,46,Male,Chennai,Loyal,2024-04-29
CUS107439,31,Female,Ahmedabad,Loyal,2023-07-31
CUS103112,53,Female,Delhi,Returning,2025-04-22
CUS100182,39,Male,Chennai,New,2025-03-20
CUS106412,27,Male,Delhi,Loyal,2023-08-26
CUS107981,54,Female,Hyderabad,New,2025-02-27
CUS101812,35,Female,Mumbai,Returning,2024-11-11
CUS105304,29,Male,Ahmedabad,Loyal,2024-12-10
CUS105859,64,Female,Pune,New,2024-08-14
CUS101800,19,Female,Pune,New,2024-11-30
CUS102429,34,Female,Delhi,New,2024-09-13
CUS106339,53,Female,Mumbai,Returning,2024-12-27
CUS105055,26,Female,Ahmedabad,New,2025-01-07
CUS107077,25,Male,Mumbai,Loyal,2025-01-21
CUS107275,65,Female,Chennai,New,2024-08-17
CUS107821,58,Female,Ahmedabad,Loyal,2023-11-25
CUS104650,58,Male,Chennai,High Value,2023-07-14
CUS101159,60,Male,Chennai,Returning,2023-07-07
CUS101213,53,Female,Kolkata,New,2023-07-01
CUS101325,57,Male,Hyderabad,Returning,2024-10-05
CUS101455,64,Male,Bengaluru,New,2024-09-29
CUS106127,28,Male,Mumbai,Loyal,2023-11-08
CUS106925,58,Female,Pune,Loyal,2024-09-05
CUS101644,55,Male,Mumbai,Returning,2023-10-28
CUS102140,51,Female,Kolkata,High Value,2024-12-05
CUS104536,56,Female,Ahmedabad,New,2024-09-24
CUS104457,58,Male,Pune,Loyal,2023-08-28
CUS106625,35,Female,Ahmedabad,New,2024-04-30
CUS104378,42,Female,Mumbai,New,2024-04-12
CUS100729,64,Female,Pune,Loyal,2023-05-17
CUS104357,18,Male,Mumbai,Returning,2025-03-10
CUS101936,43,Female,Bengaluru,High Value,2023-11-27
CUS103793,46,Female,Pune,New,2023-01-25
CUS107655,46,Male,Hyderabad,Returning,2025-03-04
CUS107069,19,Male,Chennai,Loyal,2024-04-22
CUS105861,39,Male,Pune,Returning,2023-05-20
CUS101110,35,Female,Bengaluru,New,2024-03-20
CUS106662,58,Female,Kolkata,New,2024-05-11
CUS102998,29,Male,Delhi,New,2024-06-30
CUS102394,32,Female,Bengaluru,Loyal,2025-01-05
CUS101185,22,Female,Delhi,Returning,2023-10-06
CUS102007,26,Female,Delhi,Loyal,2023-06-18
CUS100193,50,Male,Mumbai,Returning,2023-12-06
CUS106556,24,Male,Chennai,Loyal,2024-09-02
CUS100578,58,Male,Hyderabad,High Value,2023-02-01
CUS100771,30,Male,Mumbai,New,2024-11-14
CUS102395,28,Female,Delhi,Returning,2024-03-09
CUS101846,47,Male,Chennai,High Value,2024-10-19
CUS106857,38,Female,Mumbai,Returning,2023-11-07
CUS104274,55,Female,Bengaluru,Returning,2023-09-06
CUS103740,43,Male,Mumbai,New,2025-03-22
CUS104600,27,Male,Bengaluru,Returning,2025-05-08
CUS105636,45,Male,Kolkata,Loyal,2023-03-24
CUS105456,34,Male,Kolkata,New,2023-04-18
CUS102073,56,Male,Bengaluru,Loyal,2024-11-07
CUS101896,41,Female,Mumbai,New,2023-05-11
CUS106045,61,Female,Hyderabad,Returning,2024-07-05
CUS103659,43,Male,Kolkata,Loyal,2023-05-28
CUS102379,37,Female,Kolkata,Returning,2025-02-03
CUS101447,63,Male,Delhi,New,2025-04-24
CUS100342,46,Female,Bengaluru,Returning,2024-10-01
CUS107235,21,Male,Kolkata,New,2025-04-21
CUS102527,51,Female,Hyderabad,Loyal,2025-03-09
CUS100727,41,Female,Kolkata,New,2025-01-03
CUS104577,57,Female,Bengaluru,New,2023-04-19
CUS100976,53,Male,Pune,Returning,2025-03-11
CUS105793,33,Male,Delhi,Returning,2023-07-16
CUS103516,61,Female,Ahmedabad,Loyal,2025-01-15
CUS105488,25,Female,Delhi,Loyal,2023-09-27
CUS103940,60,Male,Delhi,Returning,2024-12-08
CUS101299,49,Male,Ahmedabad,Loyal,2023-06-04
CUS107532,36,Male,Pune,New,2024-01-12
CUS100660,38,Male,Hyderabad,Loyal,2024-03-20
CUS101492,53,Male,Pune,New,2023-02-19
CUS106932,21,Male,Ahmedabad,High Value,2023-10-16
CUS105715,23,Male,Delhi,Loyal,2024-01-24
CUS106008,24,Female,Ahmedabad,Loyal,2023-10-11
CUS102315,56,Male,Delhi,Returning,2024-10-22
CUS107615,60,Male,Kolkata,New,2023-11-02
CUS107926,55,Male,Delhi,New,2024-07-09
CUS101085,62,Female,Delhi,Loyal,2024-06-22
CUS107738,54,Female,Pune,High Value,2023-10-22
CUS103198,53,Male,Ahmedabad,New,2023-05-28
CUS105559,32,Male,Mumbai,New,2023-09-26
CUS105573,37,Female,Delhi,New,2023-05-21
CUS100067,54,Male,Pune,New,2024-02-06
CUS106521,18,Female,Chennai,Returning,2023-08-15
CUS102269,55,Female,Hyderabad,Returning,2023-08-18
CUS105799,46,Female,Kolkata,Returning,2023-04-05
CUS107425,26,Male,Bengaluru,Returning,2023-06-15
CUS106466,49,Female,Ahmedabad,Loyal,2023-02-07
CUS103447,22,Female,Mumbai,Returning,2024-01-03
CUS102367,45,Female,Chennai,New,2024-08-03
CUS104879,60,Other,Hyderabad,High Value,2024-07-10
CUS105485,31,Male,Kolkata,New,2024-01-23
CUS102512,65,Male,Delhi,Returning,2024-03-28
CUS102723,19,Male,Chennai,New,2023-04-21
CUS106978,49,Male,Mumbai,Returning,2024-01-21
CUS106075,30,Male,Mumbai,Loyal,2023-09-11
CUS101143,38,Female,Mumbai,Loyal,2023-10-17
CUS107786,22,Female,Chennai,New,2025-03-04
CUS105220,34,Female,Hyderabad,New,2023-04-06
CUS107029,57,Female,Bengaluru,New,2024-09-22
CUS104728,41,Female,Kolkata,High Value,2023-04-22
CUS105091,33,Other,Ahmedabad,New,2024-08-05
CUS103789,51,Male,Mumbai,Loyal,2025-06-12
CUS102220,48,Male,Hyderabad,Returning,2024-06-23
CUS102331,65,Female,Ahmedabad,New,2025-06-03
CUS105007,39,Female,Hyderabad,Returning,2024-02-23
CUS105976,36,Male,Delhi,Returning,2023-02-05
CUS107201,36,Male,Hyderabad,Loyal,2023-04-28
CUS104088,34,Male,Bengaluru,Loyal,2024-12-08
CUS101967,54,Male,Pune,New,2024-05-15
CUS106680,35,Male,Pune,New,2024-02-18
CUS107575,53,Male,Chennai,Loyal,2025-03-19
CUS104365,35,Male,Chennai,New,2024-01-29
CUS100423,33,Male,Pune,Loyal,2023-03-11
CUS107262,27,Female,Ahmedabad,Returning,2023-09-04
CUS101904,52,Male,Hyderabad,Loyal,2023-04-01
CUS107443,60,Male,Kolkata,High Value,2025-05-23
CUS103917,57,Female,Bengaluru,Loyal,2024-10-28
CUS103618,32,Male,Mumbai,New,2023-01-22
CUS100839,43,Female,Ahmedabad,Returning,2023-01-25
CUS104596,43,Female,Kolkata,New,2023-10-20
CUS105046,25,Male,Ahmedabad,Returning,2023-07-28
CUS100141,44,Male,Chennai,Returning,2023-06-02
CUS106770,33,Male,Delhi,New,2023-08-07
CUS101377,62,Female,Pune,New,2025-02-17
CUS103674,28,Male,Pune,Loyal,2023-03-14
CUS106382,28,Female,Delhi,Loyal,2025-02-07
CUS104741,51,Other,Delhi,Returning,2024-06-02
CUS103808,34,Male,Pune,New,2023-11-25
CUS101138,31,Female,Chennai,Returning,2024-11-19
CUS102257,20,Male,Chennai,New,2025-01-30
CUS101787,25,Female,Chennai,Returning,2024-09-26
CUS103938,55,Male,Ahmedabad,Returning,2025-03-10
CUS105322,32,Male,Kolkata,New,2024-04-03
CUS107552,39,Male,Chennai,Returning,2024-10-31
CUS100459,47,Female,Pune,Returning,2023-02-23
CUS107500,27,Male,Hyderabad,New,2024-09-02
CUS100948,43,Male,Ahmedabad,Returning,2024-05-17
CUS103700,58,Male,Chennai,Loyal,2024-10-31
CUS101336,47,Female,Mumbai,New,2023-10-17
CUS104628,43,Male,Bengaluru,Loyal,2024-03-10
CUS106532,39,Female,Chennai,New,2024-09-14
CUS101602,36,Male,Delhi,High Value,2024-08-25
CUS102238,30,Male,Bengaluru,New,2023-10-20
CUS100639,42,Female,Hyderabad,New,2023-07-28
CUS107914,19,Female,Bengaluru,Loyal,2023-06-04
CUS103830,63,Male,Hyderabad,Returning,2023-01-29
CUS105395,31,Male,Hyderabad,Loyal,2023-01-27
CUS105677,39,Male,Delhi,New,2025-03-04
CUS107333,27,Male,Kolkata,New,2025-03-15
CUS101070,33,Male,Chennai,New,2024-11-11
CUS100155,34,Female,Bengaluru,Returning,2024-07-30
CUS102295,42,Male,Delhi,Loyal,2025-02-02
CUS107754,63,Female,Delhi,Returning,2024-07-03
CUS104578,43,Female,Mumbai,New,2024-11-05
CUS101089,64,Male,Bengaluru,Loyal,2024-08-08
CUS102940,24,Female,Pune,Loyal,2024-08-26
CUS106929,43,Female,Mumbai,Returning,2025-05-22
CUS104384,27,Male,Kolkata,Returning,2023-03-25
CUS100930,41,Female,Ahmedabad,High Value,2023-07-21
CUS102909,40,Female,Bengaluru,High Value,2024-04-09
CUS105286,57,Female,Kolkata,New,2024-02-24
CUS107524,26,Male,Kolkata,Loyal,2025-01-08
CUS103247,38,Female,Chennai,High Value,2025-03-14
CUS107451,42,Male,Delhi,Returning,2024-05-04
CUS106099,32,Male,Ahmedabad,Loyal,2023-07-15
CUS106020,40,Male,Ahmedabad,Loyal,2023-06-24
CUS107542,60,Male,Bengaluru,Returning,2023-05-28
CUS107078,62,Male,Chennai,Returning,2025-06-11
CUS107645,49,Male,Kolkata,New,2023-07-08
CUS101698,36,Female,Delhi,New,2023-08-08
CUS107719,55,Male,Hyderabad,New,2024-02-29
CUS106955,39,Male,Chennai,New,2023-02-24
CUS105553,53,Female,Chennai,Returning,2024-03-21
CUS103831,43,Female,Pune,New,2023-07-03
CUS107475,59,Male,Kolkata,High Value,2025-02-19
CUS107464,24,Male,Mumbai,New,2023-02-19
CUS100985,42,Female,Mumbai,Returning,2024-09-03
CUS101821,56,Female,Bengaluru,Returning,2023-03-04
CUS107213,19,Female,Mumbai,Returning,2024-04-15
CUS100587,50,Male,Pune,Loyal,2023-07-11
CUS107822,45,Male,Bengaluru,Loyal,2025-01-20
CUS105701,24,Male,Bengaluru,New,2024-12-14
CUS107469,28,Male,Delhi,Loyal,2024-09-05
CUS105388,42,Female,Kolkata,Returning,2025-01-17
CUS106512,44,Female,Bengaluru,Loyal,2024-01-10
CUS103557,41,Female,Hyderabad,New,2023-04-06
CUS101395,38,Female,Chennai,Returning,2023-03-28
CUS100264,26,Female,Delhi,New,2024-12-16
CUS103547,26,Male,Bengaluru,New,2023-01-07
CUS106273,33,Female,Ahmedabad,New,2025-01-25
CUS107487,24,Male,Bengaluru,Returning,2023-06-27
CUS107686,28,Male,Mumbai,New,2024-05-25
CUS103864,19,Female,Hyderabad,New,2025-01-03
CUS106804,57,Female,Mumbai,New,2024-02-11
CUS102400,56,Female,Kolkata,New,2025-01-07
CUS105938,40,Male,Hyderabad,New,2024-01-07
CUS103711,65,Male,Pune,High Value,2024-05-14
CUS100246,50,Male,Mumbai,New,2024-07-28
CUS101594,62,Male,Kolkata,High Value,2025-01-18
CUS107968,37,Female,Chennai,Loyal,2023-12-13
CUS105552,27,Male,Bengaluru,Loyal,2025-04-27
CUS100923,39,Female,Chennai,New,2025-06-10
CUS107729,40,Male,Bengaluru,Returning,2024-12-25
CUS107619,57,Other,Delhi,Loyal,2023-12-03
CUS100669,52,Male,Delhi,Loyal,2025-06-08
CUS103604,42,Female,Hyderabad,New,2023-03-06
CUS101910,39,Male,Chennai,New,2025-05-28
CUS106347,54,Female,Chennai,New,2025-02-16
CUS103958,65,Female,Delhi,New,2024-04-10
CUS102696,43,Male,Delhi,Returning,2024-02-17
CUS102591,22,Female,Ahmedabad,Loyal,2024-08-31
CUS101781,62,Male,Kolkata,Returning,2023-11-26
CUS103013,39,Male,Kolkata,New,2023-02-17
CUS102307,53,Male,Pune,Loyal,2025-02-26
CUS107975,50,Female,Mumbai,New,2024-05-08
CUS103690,32,Male,Delhi,New,2024-10-08
CUS100687,40,Male,Ahmedabad,Returning,2025-01-19
CUS100612,49,Male,Hyderabad,Returning,2023-03-18
CUS103200,40,Female,Delhi,New,2024-11-25
CUS102267,24,Female,Pune,New,2025-05-16
CUS107861,61,Female,Bengaluru,New,2023-09-08
CUS107152,59,Male,Mumbai,Returning,2025-03-05
CUS101898,31,Female,Mumbai,New,2023-09-08
CUS100258,55,Female,Delhi,Returning,2023-05-28
CUS102924,56,Female,Delhi,New,2025-04-04
CUS102822,42,Female,Pune,Returning,2024-11-03
CUS103339,22,Female,Pune,Returning,2024-12-02
CUS103525,40,Male,Chennai,Returning,2023-01-04
CUS104563,50,Female,Kolkata,New,2024-08-16
CUS102285,53,Female,Mumbai,Returning,2024-06-11
CUS106924,63,Female,Ahmedabad,New,2024-06-02
CUS100484,44,Female,Chennai,New,2024-08-03
CUS102211,40,Male,Ahmedabad,Loyal,2024-06-20
CUS107572,33,Female,Mumbai,Loyal,2023-05-15
CUS102555,40,Male,Ahmedabad,Returning,2024-11-22
CUS100007,65,Male,Hyderabad,Returning,2024-02-25
CUS103657,35,Male,Kolkata,New,2023-01-23
CUS106945,62,Female,Chennai,Returning,2024-09-20
CUS104874,50,Female,Chennai,Loyal,2023-09-08
CUS104402,32,Male,Pune,High Value,2024-01-27
CUS102426,58,Female,Ahmedabad,Loyal,2023-12-01
CUS101814,30,Male,Kolkata,New,2025-05-18
CUS102274,64,Female,Hyderabad,Returning,2023-11-19
CUS101011,33,Male,Ahmedabad,New,2025-06-02
CUS107151,30,Female,Bengaluru,Loyal,2023-04-12
CUS101067,62,Female,Pune,New,2024-04-27
CUS101991,41,Other,Bengaluru,High Value,2023-12-13
CUS103970,38,Male,Hyderabad,New,2023-11-14
CUS105842,40,Male,Pune,Returning,2024-06-10
CUS107147,42,Male,Kolkata,New,2024-04-28
CUS103867,42,Female,Mumbai,Loyal,2023-11-27
CUS107318,60,Female,Hyderabad,Loyal,2024-10-29
CUS103048,44,Female,Hyderabad,New,2023-09-05
CUS100781,32,Female,Hyderabad,Loyal,2025-06-08
CUS107956,47,Male,Mumbai,New,2024-07-30
CUS101749,24,Male,Pune,Loyal,2025-01-21
CUS102791,22,Female,Bengaluru,Returning,2023-09-06
CUS101091,53,Male,Chennai,Loyal,2024-12-09
CUS106927,29,Male,Mumbai,Loyal,2023-12-16
CUS106976,46,Other,Ahmedabad,New,2024-12-08
CUS106653,45,Female,Bengaluru,Returning,2023-12-12
CUS102608,64,Female,Hyderabad,New,2024-03-29
CUS106723,56,Male,Delhi,New,2024-02-12
CUS102290,65,Female,Kolkata,Loyal,2025-03-24
CUS101727,32,Female,Chennai,Returning,2024-10-19
CUS100610,55,Female,Bengaluru,Loyal,2023-09-29
CUS104666,38,Female,Kolkata,New,2023-03-12
CUS100343,50,Male,Pune,New,2025-04-20
CUS105743,24,Female,Chennai,Returning,2023-07-20
CUS106400,48,Female,Chennai,New,2023-10-04
CUS103750,34,Female,Kolkata,Loyal,2025-01-12
CUS105879,45,Female,Delhi,New,2023-11-09
CUS107829,43,Male,Mumbai,Returning,2023-04-28
CUS103215,65,Female,Kolkata,Returning,2023-04-07
CUS100097,27,Female,Hyderabad,Loyal,2023-01-26
CUS105164,56,Male,Pune,New,2025-02-25
CUS101537,20,Male,Pune,Returning,2024-11-01
CUS103588,53,Female,Ahmedabad,New,2023-05-16
CUS104994,61,Female,Chennai,Returning,2023-09-28
CUS103648,23,Female,Bengaluru,Returning,2023-07-14
CUS106529,18,Male,Chennai,Returning,2024-05-11
CUS106145,47,Female,Hyderabad,Loyal,2023-04-30
CUS101517,52,Female,Hyderabad,Returning,2023-04-11
CUS107220,65,Male,Chennai,Returning,2024-12-13
CUS104624,32,Female,Kolkata,New,2024-10-16
CUS104272,23,Female,Ahmedabad,New,2023-05-27
CUS103669,35,Other,Pune,Returning,2024-11-10
CUS102090,48,Female,Kolkata,New,2024-06-19
CUS100572,20,Female,Bengaluru,New,2024-01-14
CUS107459,54,Female,Ahmedabad,Returning,2025-04-13
CUS106221,32,Female,Hyderabad,High Value,2023-10-31
CUS107458,19,Female,Mumbai,New,2024-01-17
CUS103062,25,Female,Mumbai,High Value,2024-07-09
CUS105209,57,Male,Delhi,Returning,2025-04-27
CUS106864,65,Female,Mumbai,New,2025-03-25
CUS105338,65,Male,Chennai,Loyal,2023-11-20
CUS105321,54,Female,Mumbai,Loyal,2024-07-18
CUS106518,18,Female,Pune,New,2024-05-26
CUS104479,24,Female,Mumbai,New,2023-04-18
CUS107229,45,Male,Bengaluru,High Value,2024-01-09
CUS100370,32,Male,Kolkata,Returning,2025-04-21
CUS101938,46,Male,Delhi,Loyal,2024-01-20
CUS105812,18,Female,Bengaluru,New,2025-03-03
CUS107075,45,Male,Delhi,Loyal,2023-03-22
CUS103670,19,Male,Hyderabad,High Value,2024-03-22
CUS103652,54,Male,Mumbai,Returning,2025-02-13
CUS102361,19,Female,Hyderabad,New,2023-09-05
CUS104260,32,Male,Mumbai,New,2023-05-27
CUS104991,51,Female,Mumbai,New,2023-04-28
CUS105120,63,Male,Pune,Returning,2024-09-08
CUS107539,48,Male,Kolkata,Returning,2025-01-19
CUS103737,33,Female,Bengaluru,New,2024-09-09
CUS105061,18,Male,Mumbai,New,2023-10-28
CUS105665,59,Female,Kolkata,Loyal,2024-05-21
CUS105700,60,Male,Kolkata,Returning,2023-03-28
CUS101171,44,Female,Kolkata,Returning,2023-05-04
CUS107305,44,Female,Kolkata,Returning,2024-09-16
CUS101422,54,Female,Hyderabad,New,2023-12-27
CUS107359,50,Female,Hyderabad,New,2024-11-14
CUS107221,29,Male,Kolkata,New,2024-05-05
CUS105396,29,Male,Delhi,New,2024-05-16
CUS100874,64,Female,Ahmedabad,Returning,2025-02-19
CUS102297,45,Female,Bengaluru,Returning,2024-01-23
CUS102643,65,Male,Ahmedabad,Returning,2024-10-03
CUS107103,54,Female,Kolkata,New,2024-07-09
CUS100840,36,Male,Kolkata,High Value,2024-12-06
CUS100581,47,Male,Delhi,New,2023-10-03
CUS100204,36,Male,Hyderabad,New,2024-01-29
CUS101641,50,Female,Pune,New,2024-10-06
CUS102014,61,Male,Kolkata,Loyal,2023-08-06
CUS103253,60,Male,Hyderabad,New,2025-04-26
CUS105074,18,Male,Chennai,Returning,2023-01-06
CUS100905,56,Male,Bengaluru,Returning,2023-12-20
CUS100631,40,Female,Chennai,Loyal,2025-01-21
CUS105828,25,Female,Chennai,Returning,2023-01-19
CUS105272,24,Female,Kolkata,Loyal,2024-08-04
CUS101974,55,Male,Hyderabad,New,2024-08-23
CUS100162,64,Male,Ahmedabad,New,2024-06-20
CUS104998,45,Female,Kolkata,New,2025-03-24
CUS105605,25,Male,Hyderabad,New,2024-03-11
CUS107367,25,Female,Ahmedabad,Loyal,2024-05-21
CUS105230,41,Male,Ahmedabad,High Value,2024-09-07
CUS104713,64,Female,Mumbai,Returning,2024-11-23
CUS100875,37,Male,Bengaluru,Returning,2023-05-05
CUS101431,58,Male,Mumbai,Returning,2023-05-19
CUS104643,43,Other,Chennai,New,2025-02-10
CUS106901,65,Male,Pune,New,2024-04-15
CUS105162,62,Other,Pune,Returning,2023-04-25
CUS105227,23,Female,Pune,New,2023-10-05
CUS102856,43,Male,Mumbai,Returning,2023-01-05
CUS101861,62,Male,Chennai,Returning,2025-03-19
CUS102659,57,Female,Kolkata,New,2024-06-19
CUS103384,39,Female,Bengaluru,New,2025-01-04
CUS107529,18,Female,Kolkata,Loyal,2024-05-30
CUS107855,49,Male,Kolkata,Returning,2024-11-30
CUS105434,56,Female,Pune,Loyal,2024-07-01
CUS104733,64,Female,Chennai,New,2024-12-20
CUS103331,46,Male,Mumbai,Returning,2023-08-01
CUS106706,52,Male,Hyderabad,Loyal,2024-11-27
CUS106997,36,Male,Hyderabad,New,2025-03-17
CUS105728,20,Female,Delhi,Returning,2023-12-29
CUS102096,47,Male,Kolkata,Loyal,2023-03-17
CUS102003,29,Female,Kolkata,Returning,2024-12-13
CUS105584,51,Male,Bengaluru,Returning,2023-10-10
CUS105017,62,Female,Chennai,New,2025-06-05
CUS100546,45,Female,Ahmedabad,Returning,2024-07-05
CUS101449,45,Female,Pune,Loyal,2024-01-03
CUS105694,63,Female,Delhi,Returning,2023-02-02
CUS102610,37,Female,Bengaluru,New,2023-05-31
CUS101900,52,Female,Kolkata,High Value,2023-11-12
CUS106465,50,Male,Chennai,High Value,2023-07-29
CUS102757,46,Male,Delhi,Returning,2025-02-25
CUS101885,46,Male,Delhi,New,2023-05-11
CUS107923,39,Male,Pune,New,2024-11-12
CUS106222,63,Male,Pune,Loyal,2024-08-10
CUS102097,32,Female,Chennai,Loyal,2024-04-30
CUS107132,64,Male,Chennai,Loyal,2023-04-20
CUS107366,41,Female,Pune,Loyal,2024-06-13
CUS100836,31,Male,Ahmedabad,High Value,2025-04-09
CUS103471,19,Female,Chennai,Loyal,2025-03-27
CUS104697,23,Female,Ahmedabad,Returning,2024-02-25
CUS106526,42,Female,Hyderabad,Returning,2024-07-11
CUS102171,53,Female,Hyderabad,Returning,2023-01-28
CUS107044,54,Female,Chennai,New,2023-04-02
CUS100398,29,Female,Chennai,Loyal,2024-10-29
CUS102010,34,Female,Chennai,Returning,2024-06-27
CUS107875,29,Other,Bengaluru,Returning,2023-04-08
CUS101283,23,Male,Kolkata,Loyal,2023-07-30
CUS105792,65,Female,Bengaluru,Returning,2023-01-18
CUS106003,44,Female,Hyderabad,New,2023-08-28
CUS104256,53,Male,Kolkata,Loyal,2023-04-05
CUS101836,47,Male,Kolkata,Returning,2025-01-21
CUS101019,29,Male,Mumbai,Returning,2024-08-10
CUS105942,46,Female,Ahmedabad,Returning,2024-09-27
CUS101326,35,Female,Chennai,New,2024-06-03
CUS105106,36,Male,Chennai,Loyal,2024-08-10
CUS100475,25,Male,Mumbai,New,2025-04-29
CUS102810,45,Male,Bengaluru,New,2024-09-14
CUS106972,38,Female,Delhi,Returning,2024-12-14
CUS101651,43,Male,Pune,New,2024-07-30
CUS107611,63,Female,Mumbai,New,2023-07-29
CUS107149,54,Female,Mumbai,Returning,2023-09-01
CUS102528,47,Male,Chennai,Loyal,2024-11-23
CUS101206,61,Male,Chennai,High Value,2023-11-27
CUS105339,22,Male,Ahmedabad,Loyal,2024-02-14
CUS107419,56,Male,Ahmedabad,New,2023-02-24
CUS106315,20,Male,Mumbai,New,2023-12-17
CUS106795,49,Male,Hyderabad,New,2024-01-24
CUS100867,62,Male,Ahmedabad,New,2023-12-11
CUS102974,18,Female,Kolkata,New,2024-07-24
CUS105093,27,Male,Pune,Returning,2025-03-22
CUS100541,18,Female,Chennai,New,2025-03-26
CUS101132,47,Male,Bengaluru,New,2024-02-06
CUS107942,55,Male,Hyderabad,New,2023-07-27
CUS106471,41,Female,Ahmedabad,New,2025-02-11
CUS103390,37,Male,Bengaluru,High Value,2024-11-03
CUS105907,47,Male,Bengaluru,Loyal,2024-01-21
CUS102962,54,Male,Mumbai,Returning,2023-08-06
CUS104155,59,Female,Chennai,Returning,2025-06-11
CUS103259,42,Male,Ahmedabad,New,2024-10-25
CUS105333,18,Male,Chennai,Loyal,2023-05-22
CUS102583,64,Female,Mumbai,New,2024-09-29
CUS102813,27,Female,Ahmedabad,New,2023-10-14
CUS106367,38,Male,Ahmedabad,New,2023-04-19
CUS107104,45,Female,Mumbai,Returning,2023-10-10
CUS106049,64,Female,Kolkata,Returning,2024-01-02
CUS103586,32,Male,Chennai,New,2024-11-19
CUS107837,20,Female,Kolkata,Loyal,2025-03-27
CUS105375,27,Male,Chennai,New,2023-07-14
CUS102630,35,Female,Mumbai,Loyal,2023-02-22
CUS106569,52,Male,Delhi,New,2025-05-05
CUS105239,32,Female,Pune,Returning,2024-01-24
CUS101080,56,Male,Kolkata,New,2024-09-05
CUS104283,58,Female,Ahmedabad,Returning,2023-09-12
CUS102085,37,Female,Chennai,New,2024-03-10
CUS102452,20,Female,Mumbai,Returning,2025-01-14
CUS104966,23,Female,Delhi,New,2023-11-28
CUS102023,39,Female,Ahmedabad,New,2023-07-30
CUS105426,63,Male,Ahmedabad,Returning,2024-05-24
CUS106307,44,Male,Ahmedabad,Returning,2025-06-15
CUS100226,30,Female,Delhi,New,2024-03-08
CUS101013,27,Male,Hyderabad,Returning,2023-04-08
CUS101929,56,Female,Pune,Returning,2024-01-26
CUS106519,31,Male,Kolkata,Loyal,2024-09-18
CUS101404,34,Male,Kolkata,Loyal,2023-12-15
CUS102179,37,Male,Bengaluru,New,2024-07-15
CUS100697,25,Male,Kolkata,Returning,2023-07-23
CUS101124,39,Male,Kolkata,New,2023-02-07
CUS103895,56,Female,Ahmedabad,Returning,2024-09-10
CUS105110,61,Female,Pune,Loyal,2023-01-22
CUS101778,52,Female,Bengaluru,New,2025-02-13
CUS105245,24,Female,Chennai,Loyal,2023-03-01
CUS102634,52,Male,Kolkata,Loyal,2025-05-07
CUS103489,27,Female,Hyderabad,New,2023-03-21
CUS101037,44,Female,Bengaluru,New,2023-02-09
CUS102256,43,Female,Bengaluru,New,2023-02-19
CUS105499,38,Female,Bengaluru,High Value,2023-02-11
CUS100313,53,Male,Chennai,Returning,2025-06-18
CUS102649,48,Female,Pune,Returning,2023-12-01
CUS102281,53,Female,Pune,Returning,2023-09-21
CUS105887,45,Female,Pune,Loyal,2023-05-02
CUS102547,29,Male,Chennai,Returning,2024-12-15
CUS105132,45,Female,Delhi,New,2023-03-27
CUS102159,19,Female,Chennai,Returning,2023-08-03
CUS103137,34,Other,Bengaluru,Returning,2024-07-01
CUS106813,28,Male,Mumbai,New,2024-09-19
CUS103967,48,Male,Ahmedabad,Returning,2024-12-11
CUS101428,37,Female,Kolkata,New,2023-08-09
CUS105831,55,Male,Kolkata,New,2025-02-23
CUS102520,39,Male,Mumbai,Returning,2025-03-24
CUS105281,62,Female,Bengaluru,Returning,2023-01-07
CUS105944,23,Male,Kolkata,Returning,2023-07-04
CUS106071,36,Male,Delhi,New,2024-12-30
CUS100448,18,Female,Kolkata,Returning,2025-01-30
CUS105186,51,Male,Chennai,Loyal,2024-02-03
CUS101284,54,Male,Mumbai,Returning,2023-08-10
CUS103727,60,Male,Chennai,Loyal,2024-02-14
CUS100361,42,Male,Delhi,New,2024-10-02
CUS106607,47,Male,Mumbai,Loyal,2025-06-18
CUS106538,30,Male,Delhi,Returning,2023-10-07
CUS105149,39,Male,Mumbai,Returning,2024-10-28
CUS102460,53,Female,Kolkata,New,2025-03-15
CUS100022,62,Male,Mumbai,New,2024-10-02
CUS102066,48,Female,Pune,Loyal,2023-08-05
CUS101653,28,Female,Bengaluru,New,2025-04-23
CUS100702,19,Male,Bengaluru,New,2023-01-01
CUS105946,29,Male,Ahmedabad,New,2023-02-22
CUS102743,26,Male,Kolkata,New,2024-04-21
CUS101376,58,Female,Mumbai,Returning,2024-09-09
CUS107544,29,Female,Hyderabad,New,2025-01-29
CUS102468,32,Male,Chennai,New,2023-11-05
CUS103754,64,Female,Delhi,New,2023-07-15
CUS102325,34,Male,Mumbai,New,2024-11-09
CUS100460,40,Male,Hyderabad,Returning,2024-02-01
CUS105163,33,Male,Hyderabad,Returning,2024-10-11
CUS104183,41,Female,Mumbai,New,2023-07-23
CUS104082,31,Male,Delhi,Returning,2023-01-21
CUS101486,56,Male,Delhi,Returning,2024-05-27
CUS103678,39,Male,Mumbai,Loyal,2024-04-08
CUS100282,34,Female,Kolkata,Returning,2023-09-22
CUS104558,23,Female,Pune,Loyal,2023-10-06
CUS104308,41,Female,Ahmedabad,New,2025-01-27
CUS104865,24,Female,Bengaluru,New,2025-06-13
CUS103537,46,Male,Bengaluru,Returning,2023-12-11
CUS105775,60,Female,Chennai,New,2023-09-02
CUS102581,40,Male,Pune,New,2025-05-28
CUS101368,55,Male,Ahmedabad,Loyal,2024-03-07
CUS107397,43,Other,Mumbai,New,2025-05-08
CUS105513,54,Male,Mumbai,New,2024-08-25
CUS100597,38,Male,Hyderabad,New,2024-05-21
CUS104351,28,Female,Mumbai,New,2023-07-24
CUS106661,35,Male,Pune,Returning,2023-02-11
CUS104758,31,Female,Chennai,Loyal,2023-12-08
CUS106040,43,Female,Hyderabad,New,2025-05-05
CUS103468,43,Female,Pune,Loyal,2023-06-03
CUS105672,47,Male,Kolkata,New,2024-03-12
CUS102990,22,Male,Hyderabad,New,2023-06-08
CUS107298,63,Female,Bengaluru,Returning,2024-04-13
CUS102544,57,Female,Kolkata,Loyal,2024-07-04
CUS106104,29,Female,Chennai,Returning,2024-10-15
CUS107781,32,Male,Ahmedabad,Returning,2023-08-03
CUS104066,40,Male,Pune,Returning,2024-03-02
CUS103988,19,Female,Kolkata,New,2024-07-02
CUS107919,54,Male,Delhi,Loyal,2024-06-30
CUS100685,62,Male,Delhi,New,2024-11-29
CUS105652,46,Male,Chennai,New,2023-01-16
CUS103243,30,Male,Hyderabad,New,2024-03-15
CUS106353,53,Male,Kolkata,Returning,2025-04-24
CUS104083,58,Female,Delhi,Returning,2024-03-24
CUS102837,58,Female,Ahmedabad,High Value,2023-02-19
CUS103697,53,Female,Delhi,High Value,2024-03-27
CUS104941,32,Male,Pune,Loyal,2024-06-20
CUS107688,23,Female,Mumbai,New,2024-11-20
CUS104040,57,Female,Hyderabad,New,2023-12-01
CUS102230,42,Male,Hyderabad,Returning,2024-01-06
CUS105994,52,Male,Chennai,Loyal,2023-03-31
CUS102320,57,Male,Mumbai,Loyal,2024-11-16
CUS104878,47,Female,Bengaluru,Returning,2023-12-31
CUS100521,53,Male,Kolkata,New,2023-09-29
CUS100522,57,Male,Pune,Loyal,2023-10-15
CUS107636,51,Male,Delhi,New,2024-03-10
CUS106601,50,Male,Hyderabad,Returning,2024-12-20
CUS106598,38,Male,Mumbai,New,2023-01-04
CUS107122,46,Male,Hyderabad,Returning,2024-01-03
CUS100780,53,Male,Hyderabad,New,2025-06-15
CUS106418,45,Female,Delhi,New,2023-12-14
CUS107193,42,Male,Ahmedabad,Returning,2023-09-06
CUS100651,61,Male,Kolkata,Returning,2024-08-16
CUS106126,65,Male,Kolkata,Returning,2024-11-23
CUS102196,21,Male,Delhi,New,2023-12-11
CUS100369,22,Male,Mumbai,Loyal,2023-12-13
CUS105385,42,Other,Delhi,New,2025-06-17
CUS104214,62,Male,Delhi,Returning,2023-08-08
CUS100377,39,Female,Bengaluru,New,2024-06-15
CUS106060,26,Female,Chennai,Loyal,2024-01-29
CUS102216,28,Female,Kolkata,Returning,2023-04-17
CUS106251,38,Female,Ahmedabad,Loyal,2025-05-14
CUS101613,38,Male,Ahmedabad,New,2023-05-25
CUS107360,40,Male,Ahmedabad,New,2023-04-12
CUS103632,60,Female,Hyderabad,Returning,2024-06-25
CUS100962,53,Male,Chennai,New,2024-06-23
CUS107380,53,Female,Kolkata,New,2024-12-13
CUS107698,25,Other,Hyderabad,Returning,2024-09-29
CUS106257,36,Male,Pune,Loyal,2024-07-14
CUS105566,24,Male,Delhi,Returning,2025-03-29
CUS100359,63,Female,Pune,Returning,2023-09-05
CUS103839,43,Male,Delhi,Returning,2024-11-27
CUS107960,53,Female,Hyderabad,Returning,2023-06-13
CUS101246,34,Female,Pune,New,2024-07-21
CUS107435,40,Male,Mumbai,New,2023-06-06
CUS105087,55,Male,Ahmedabad,Loyal,2023-02-26
CUS103694,30,Female,Bengaluru,New,2025-04-01
CUS106919,26,Male,Bengaluru,High Value,2023-08-20
CUS102567,46,Female,Ahmedabad,Returning,2025-03-06
CUS103423,55,Female,Pune,High Value,2023-04-28
CUS102037,48,Female,Ahmedabad,New,2023-05-14
CUS100772,39,Male,Kolkata,New,2023-06-20
CUS107536,55,Male,Kolkata,Returning,2025-03-15
CUS103562,63,Female,Kolkata,New,2024-04-28
CUS107763,26,Male,Chennai,New,2023-07-29
CUS107497,65,Female,Mumbai,Loyal,2024-08-07
CUS105436,31,Female,Delhi,New,2024-09-02
CUS104531,29,Male,Chennai,New,2023-01-20
CUS101674,65,Male,Kolkata,Loyal,2023-06-04
CUS100365,19,Female,Mumbai,New,2023-08-07
CUS105394,29,Female,Pune,New,2023-12-15
CUS105316,45,Female,Bengaluru,High Value,2024-02-27
CUS104327,56,Male,Mumbai,New,2023-11-16
CUS100147,65,Male,Chennai,New,2023-09-14
CUS107210,38,Female,Kolkata,High Value,2023-10-26
CUS103088,42,Male,Ahmedabad,New,2023-06-25
CUS106473,51,Male,Mumbai,Loyal,2025-05-02
CUS100407,18,Female,Hyderabad,New,2024-05-04
CUS107573,20,Male,Hyderabad,New,2025-05-15
CUS103456,21,Male,Delhi,Returning,2024-09-05
CUS104182,46,Male,Ahmedabad,New,2023-09-19
CUS103576,24,Female,Ahmedabad,New,2024-01-17
CUS103271,45,Female,Bengaluru,High Value,2023-07-19
CUS104940,30,Other,Ahmedabad,Returning,2025-05-19
CUS101031,50,Male,Pune,New,2025-04-26
CUS105379,41,Female,Ahmedabad,High Value,2023-08-09
CUS100855,25,Male,Pune,High Value,2025-03-22
CUS103926,41,Male,Kolkata,Loyal,2024-03-04
CUS100078,36,Male,Mumbai,Returning,2023-05-08
CUS102247,28,Female,Bengaluru,New,2025-01-28
CUS106083,56,Female,Pune,New,2024-07-10
CUS107491,25,Female,Chennai,New,2023-11-21
CUS107541,42,Female,Chennai,High Value,2023-10-24
CUS106351,57,Male,Delhi,New,2024-09-26
CUS107301,21,Female,Delhi,Returning,2024-12-21
CUS100788,19,Male,Pune,New,2024-07-04
CUS102279,43,Other,Mumbai,Loyal,2023-10-21
CUS104095,25,Male,Delhi,Returning,2023-05-07
CUS103897,23,Female,Delhi,Loyal,2023-09-07
CUS105351,53,Female,Bengaluru,Loyal,2023-10-17
CUS103631,56,Female,Ahmedabad,High Value,2023-11-28
CUS106149,46,Other,Hyderabad,Loyal,2025-01-13
CUS100424,46,Male,Hyderabad,Returning,2023-04-22
CUS100392,39,Female,Chennai,New,2023-06-29
CUS106240,28,Male,Pune,New,2025-01-04
CUS104200,52,Male,Ahmedabad,New,2024-03-03
CUS102672,64,Female,Hyderabad,High Value,2023-06-26
CUS107503,21,Male,Delhi,New,2023-01-13
CUS105551,21,Male,Hyderabad,High Value,2023-07-23
CUS103493,60,Male,Hyderabad,New,2024-02-12
CUS101459,41,Female,Ahmedabad,New,2024-07-08
CUS105929,52,Male,Pune,Returning,2024-06-16
CUS105547,47,Female,Chennai,New,2025-05-02
CUS105446,18,Female,Hyderabad,New,2025-02-19
CUS103835,22,Female,Delhi,New,2024-04-24
CUS107168,38,Male,Pune,New,2024-01-20
CUS106354,37,Female,Mumbai,Returning,2024-12-05
CUS107805,60,Male,Pune,Returning,2025-01-26
CUS104724,32,Male,Pune,Returning,2025-06-14
CUS106370,55,Female,Delhi,Returning,2025-06-15
CUS102355,47,Male,Delhi,Returning,2024-06-18
CUS102442,57,Male,Pune,New,2024-11-10
CUS105556,22,Male,Ahmedabad,New,2024-02-28
CUS107525,65,Male,Bengaluru,Loyal,2023-11-11
CUS106384,39,Male,Mumbai,Returning,2023-05-08
CUS100464,29,Male,Pune,Returning,2023-05-29
CUS100163,41,Male,Ahmedabad,New,2023-07-27
CUS107096,25,Female,Pune,New,2024-07-03
CUS107345,39,Male,Pune,Returning,2024-01-19
CUS107857,65,Male,Delhi,New,2023-12-26
CUS102009,40,Male,Mumbai,Loyal,2023-03-07
CUS103084,52,Male,Chennai,New,2023-07-09
CUS100900,49,Male,Chennai,New,2024-09-23
CUS106422,53,Other,Pune,Returning,2024-01-23
CUS104837,29,Male,Kolkata,New,2025-02-21
CUS102293,42,Other,Hyderabad,Returning,2025-04-26
CUS104481,23,Other,Hyderabad,High Value,2023-11-18
CUS105302,47,Male,Delhi,Returning,2025-02-06
CUS104605,39,Female,Delhi,New,2024-12-18
CUS103716,42,Female,Ahmedabad,Loyal,2024-07-08
CUS106803,26,Male,Chennai,Loyal,2023-10-28
CUS101764,39,Female,Mumbai,Loyal,2023-10-30
CUS101549,19,Female,Pune,New,2024-07-22
CUS103029,33,Other,Bengaluru,Loyal,2024-04-01
CUS106200,48,Female,Pune,Returning,2025-01-06
CUS102044,39,Male,Delhi,Returning,2024-01-02
CUS100767,44,Male,Pune,High Value,2023-03-17
CUS101508,64,Male,Delhi,Returning,2024-12-12
CUS107964,64,Female,Pune,New,2024-02-07
CUS104517,50,Other,Ahmedabad,New,2023-04-24
CUS104219,58,Male,Chennai,New,2023-08-27
CUS106812,33,Male,Chennai,New,2023-06-16
CUS107058,60,Female,Kolkata,Loyal,2023-05-11
CUS103292,28,Male,Delhi,Returning,2023-02-12
CUS100819,34,Female,Ahmedabad,Loyal,2023-04-05
CUS101403,33,Female,Delhi,New,2024-07-17
CUS101382,40,Female,Chennai,High Value,2023-07-06
CUS102148,53,Female,Kolkata,Returning,2023-04-30
CUS101638,45,Male,Bengaluru,Loyal,2023-10-17
CUS107883,48,Male,Ahmedabad,Returning,2024-11-27
CUS100399,37,Male,Chennai,New,2023-09-20
CUS100882,24,Female,Mumbai,New,2024-12-30
CUS103565,37,Male,Ahmedabad,Returning,2024-01-22
CUS107328,19,Male,Chennai,New,2023-03-04
CUS101179,65,Male,Mumbai,New,2024-10-21
CUS104244,61,Female,Chennai,Returning,2024-11-18
CUS105218,32,Male,Bengaluru,Returning,2025-05-07
CUS106419,27,Other,Delhi,High Value,2025-05-03
CUS102130,64,Male,Ahmedabad,High Value,2023-09-06
CUS105078,55,Female,Kolkata,Returning,2025-05-12
CUS100456,25,Male,Delhi,High Value,2023-03-14
CUS107067,26,Male,Delhi,New,2023-05-09
CUS101950,53,Male,Pune,New,2024-04-19
CUS105372,65,Female,Chennai,Returning,2023-05-02
CUS100689,27,Male,Kolkata,Loyal,2025-03-02
CUS106483,58,Female,Hyderabad,Returning,2024-10-29
CUS107917,59,Male,Kolkata,Returning,2023-03-03
CUS101953,23,Male,Delhi,High Value,2025-02-26
CUS102710,23,Female,Delhi,Returning,2024-02-14
CUS106062,65,Female,Ahmedabad,Returning,2023-05-17
CUS106590,21,Male,Ahmedabad,Loyal,2024-02-10
CUS104349,59,Male,Chennai,Returning,2024-06-22
CUS107117,50,Female,Bengaluru,Returning,2025-01-06
CUS101884,53,Male,Ahmedabad,Returning,2023-01-01
CUS106209,20,Male,Ahmedabad,New,2025-01-01
CUS107251,29,Female,Mumbai,New,2023-04-17
CUS102494,63,Male,Hyderabad,High Value,2024-11-30
CUS103036,18,Female,Pune,Loyal,2024-01-23
CUS103603,21,Male,Delhi,Loyal,2025-04-06
CUS100845,24,Female,Ahmedabad,New,2024-08-30
CUS100542,62,Male,Mumbai,Returning,2025-04-01
CUS103724,51,Female,Ahmedabad,Returning,2024-05-10
CUS104187,48,Male,Ahmedabad,New,2025-05-12
CUS103679,51,Female,Bengaluru,High Value,2025-05-29
CUS106549,38,Female,Mumbai,New,2023-09-29
CUS106707,43,Female,Chennai,Loyal,2024-10-22
CUS105642,26,Male,Ahmedabad,Loyal,2025-04-02
CUS102964,37,Female,Pune,High Value,2024-07-10
CUS102529,50,Female,Hyderabad,Returning,2024-04-27
CUS101048,21,Female,Kolkata,Returning,2025-03-06
CUS101960,36,Female,Hyderabad,New,2024-02-28
CUS102530,44,Female,Bengaluru,Returning,2023-07-07
CUS106046,60,Female,Bengaluru,Loyal,2023-02-28
CUS100237,46,Male,Kolkata,Returning,2023-10-09
CUS104917,65,Male,Delhi,High Value,2023-03-20
CUS101133,23,Female,Ahmedabad,New,2025-01-30
CUS106781,43,Male,Chennai,New,2024-08-04
CUS104259,40,Male,Pune,New,2023-10-31
CUS107579,62,Male,Mumbai,Loyal,2024-04-06
CUS106069,33,Female,Hyderabad,New,2024-05-07
CUS106171,44,Male,Hyderabad,High Value,2025-01-09
CUS106330,21,Male,Kolkata,High Value,2024-12-20
CUS102978,27,Male,Mumbai,High Value,2023-11-28
CUS106495,24,Female,Delhi,New,2023-06-11
CUS106311,38,Male,Ahmedabad,Returning,2025-04-03
CUS107450,51,Female,Kolkata,Loyal,2023-05-14
CUS106123,24,Female,Pune,Returning,2024-10-13
CUS103919,41,Female,Kolkata,Loyal,2024-05-25
CUS103138,43,Female,Pune,Returning,2023-02-19
CUS107319,22,Female,Delhi,High Value,2024-04-01
CUS104073,51,Male,Chennai,New,2024-01-28
CUS107133,52,Female,Pune,High Value,2024-02-02
CUS103229,46,Female,Bengaluru,New,2024-03-31
CUS101826,47,Male,Delhi,High Value,2023-11-07
CUS100593,54,Male,Kolkata,New,2023-01-07
CUS102725,58,Male,Chennai,High Value,2024-10-25
CUS104137,49,Female,Chennai,Returning,2024-03-29
CUS100560,52,Female,Delhi,New,2023-04-11
CUS106429,40,Male,Bengaluru,Returning,2024-09-30
CUS105784,61,Male,Kolkata,Returning,2025-05-21
CUS100243,60,Female,Delhi,New,2024-09-18
CUS105435,32,Male,Pune,Loyal,2023-12-05
CUS104437,50,Female,Mumbai,Returning,2024-11-29
CUS105696,43,Female,Hyderabad,Returning,2023-08-18
CUS100405,59,Female,Pune,Loyal,2025-01-05
CUS101442,28,Female,Chennai,High Value,2023-07-07
CUS100261,24,Male,Delhi,Returning,2024-11-04
CUS106079,21,Female,Bengaluru,Returning,2024-10-17
CUS107482,64,Male,Bengaluru,Returning,2024-03-04
CUS101689,64,Male,Chennai,Loyal,2024-08-30
CUS101725,64,Female,Delhi,Loyal,2023-12-03
CUS106689,64,Female,Chennai,New,2024-10-04
CUS104930,37,Female,Ahmedabad,New,2024-10-20
CUS102496,49,Male,Pune,New,2024-11-27
CUS105520,24,Female,Bengaluru,New,2023-07-24
CUS100340,63,Male,Pune,New,2024-06-14
CUS105733,42,Male,Pune,New,2023-11-29
CUS101601,22,Male,Mumbai,Returning,2024-12-15
CUS104576,57,Male,Bengaluru,Returning,2023-11-07
CUS103725,54,Other,Kolkata,High Value,2024-07-26
CUS102785,55,Male,Hyderabad,New,2024-01-31
CUS101523,45,Male,Kolkata,New,2024-05-28
CUS106121,31,Female,Delhi,Returning,2023-06-30
CUS107283,24,Female,Chennai,New,2023-05-19
CUS107598,45,Female,Delhi,New,2025-05-14
CUS106818,59,Male,Bengaluru,Returning,2024-12-20
CUS106630,30,Male,Delhi,New,2024-05-20
CUS101766,59,Female,Pune,Returning,2024-06-06
CUS104037,40,Male,Pune,Returning,2025-02-13
CUS105617,55,Female,Bengaluru,New,2025-04-02
CUS107553,62,Male,Chennai,Returning,2024-05-04
CUS106647,34,Female,Kolkata,Loyal,2024-05-02
CUS107672,38,Female,Hyderabad,New,2024-08-08
CUS100363,38,Female,Mumbai,Loyal,2023-05-24
CUS105367,51,Female,Hyderabad,Returning,2024-07-04
CUS107376,64,Female,Hyderabad,New,2025-02-05
CUS104725,25,Female,Mumbai,Returning,2023-02-17
CUS104443,62,Female,Hyderabad,Returning,2025-04-08
CUS106539,56,Female,Pune,New,2024-03-13
CUS107996,51,Male,Ahmedabad,Returning,2024-07-06
CUS102562,62,Female,Mumbai,Returning,2023-10-18
CUS105746,43,Female,Delhi,Loyal,2023-04-02
CUS107519,51,Female,Bengaluru,High Value,2024-02-06
CUS107613,54,Female,Bengaluru,Loyal,2023-05-11
CUS103083,27,Male,Mumbai,New,2024-08-05
CUS107557,58,Male,Bengaluru,New,2023-09-15
CUS102102,53,Male,Hyderabad,Loyal,2023-12-19
CUS100632,60,Female,Pune,New,2023-05-14
CUS102493,33,Male,Hyderabad,Loyal,2025-03-22
CUS102665,65,Male,Kolkata,Loyal,2023-08-25
CUS105953,47,Male,Hyderabad,Returning,2023-12-24
CUS104406,28,Male,Delhi,Returning,2024-02-15
CUS106575,33,Female,Kolkata,High Value,2023-09-25
CUS107984,47,Female,Kolkata,Loyal,2025-06-08
CUS102334,46,Male,Hyderabad,New,2023-09-02
CUS106296,47,Male,Kolkata,High Value,2025-03-16
CUS103619,19,Male,Ahmedabad,Loyal,2023-02-16
CUS103883,29,Other,Chennai,New,2024-04-25
CUS105577,42,Female,Hyderabad,High Value,2024-08-02
CUS104211,60,Male,Kolkata,High Value,2024-09-26
CUS101494,55,Other,Pune,Returning,2023-02-21
CUS102401,29,Female,Hyderabad,New,2023-04-17
CUS103874,36,Male,Bengaluru,New,2024-01-11
CUS101232,42,Male,Bengaluru,Returning,2023-03-05
CUS102661,32,Male,Delhi,Returning,2025-05-09
CUS102817,18,Male,Kolkata,New,2023-05-25
CUS107494,65,Male,Delhi,Returning,2025-06-09
CUS107908,18,Female,Bengaluru,Loyal,2023-12-22
CUS106515,55,Female,Chennai,Returning,2023-04-26
CUS104153,27,Male,Delhi,Loyal,2024-07-31
CUS106463,64,Other,Mumbai,New,2023-01-02
CUS103061,59,Other,Chennai,High Value,2025-02-14
CUS107005,24,Female,Pune,Returning,2024-08-01
CUS101735,22,Female,Hyderabad,New,2025-04-14
CUS102823,18,Female,Ahmedabad,New,2025-03-01
CUS106263,47,Male,Mumbai,High Value,2025-02-12
CUS105638,26,Male,Ahmedabad,New,2023-06-02
CUS102475,39,Other,Ahmedabad,Returning,2023-09-03
CUS102564,64,Male,Chennai,New,2024-02-04
CUS106688,31,Female,Hyderabad,High Value,2024-05-18
CUS106902,44,Male,Chennai,High Value,2023-02-18
CUS106350,61,Male,Chennai,Returning,2024-03-09
CUS100707,22,Male,Mumbai,New,2025-03-13
CUS103046,20,Male,Hyderabad,New,2024-10-31
CUS106992,49,Male,Chennai,New,2024-10-17
CUS105189,52,Female,Hyderabad,Returning,2024-08-18
CUS107119,61,Other,Kolkata,Returning,2025-04-15
CUS105472,26,Male,Delhi,Returning,2024-02-02
CUS100072,38,Female,Chennai,New,2023-08-26
CUS104448,19,Male,Chennai,Returning,2024-06-03
CUS104839,61,Male,Delhi,High Value,2025-01-08
CUS107675,27,Male,Delhi,New,2023-08-11
CUS105101,59,Male,Delhi,New,2024-09-21
CUS101190,33,Male,Hyderabad,Returning,2023-04-06
CUS102601,19,Female,Mumbai,High Value,2024-07-24
CUS101125,56,Female,Bengaluru,New,2023-04-13
CUS101241,19,Other,Mumbai,Loyal,2025-03-26
CUS107349,45,Male,Chennai,New,2024-08-12
CUS106764,26,Female,Ahmedabad,New,2023-12-07
CUS106162,29,Male,Pune,New,2024-02-08
CUS103351,22,Female,Delhi,Loyal,2023-07-14
CUS105094,40,Female,Bengaluru,New,2024-12-17
CUS104008,24,Female,Pune,Returning,2024-01-27
CUS101577,30,Male,Mumbai,New,2023-05-03
CUS103906,64,Male,Pune,New,2024-02-29
CUS103729,56,Male,Kolkata,New,2025-02-06
CUS104358,38,Male,Ahmedabad,Returning,2024-09-23
CUS101343,57,Female,Delhi,New,2025-05-30
CUS106246,29,Female,Kolkata,New,2024-09-21
CUS100440,59,Female,Bengaluru,Loyal,2023-04-26
CUS101100,51,Male,Hyderabad,Loyal,2024-12-02
CUS102637,30,Other,Hyderabad,New,2023-09-11
CUS105798,46,Male,Kolkata,New,2025-05-24
CUS100649,23,Female,Kolkata,New,2023-12-14
CUS101546,64,Female,Hyderabad,New,2025-02-15
CUS106248,36,Male,Pune,Loyal,2025-02-05
CUS106268,62,Male,Pune,New,2024-10-26
CUS102852,51,Male,Ahmedabad,Returning,2023-06-03
CUS103503,51,Male,Bengaluru,New,2023-08-23
CUS105921,37,Female,Hyderabad,Returning,2024-03-13
CUS100630,34,Female,Delhi,Returning,2025-05-11
CUS104768,46,Male,Mumbai,High Value,2024-01-17
CUS101249,25,Male,Delhi,New,2025-03-19
CUS105624,60,Male,Kolkata,New,2025-03-18
CUS100482,29,Female,Bengaluru,New,2025-03-21
CUS101584,28,Male,Bengaluru,Returning,2023-02-25
CUS104676,33,Other,Pune,New,2025-01-19
CUS101462,63,Female,Hyderabad,High Value,2024-09-22
CUS103040,52,Male,Bengaluru,New,2024-09-03
CUS105010,28,Female,Pune,New,2024-11-12
CUS106318,19,Female,Mumbai,Loyal,2024-12-25
CUS103273,37,Male,Hyderabad,New,2025-01-18
CUS103683,29,Female,Bengaluru,Loyal,2023-08-13
CUS104145,41,Male,Delhi,New,2023-06-03
CUS106036,42,Female,Pune,Returning,2025-05-01
CUS104954,29,Male,Delhi,New,2024-01-12
CUS103225,54,Male,Kolkata,Loyal,2023-09-24
CUS101072,59,Male,Mumbai,New,2023-06-08
CUS104815,56,Male,Bengaluru,New,2024-06-25
CUS102631,65,Female,Hyderabad,Loyal,2023-01-15
CUS101660,26,Female,Chennai,Loyal,2024-12-08
CUS102425,60,Female,Kolkata,High Value,2024-07-07
CUS105079,30,Female,Mumbai,New,2023-10-14
CUS106909,29,Female,Bengaluru,Returning,2025-01-10
CUS106243,61,Male,Hyderabad,New,2023-10-13
CUS103097,52,Female,Bengaluru,Loyal,2023-09-24
CUS103976,63,Female,Delhi,New,2023-04-22
CUS107342,29,Female,Kolkata,New,2024-08-10
CUS107785,57,Male,Ahmedabad,Loyal,2024-09-01
CUS105846,36,Female,Pune,Returning,2023-07-15
CUS105481,49,Male,Ahmedabad,New,2023-07-08
CUS106503,33,Male,Kolkata,Loyal,2024-03-08
CUS105495,38,Female,Pune,Returning,2024-04-07
CUS105291,21,Male,Bengaluru,New,2025-02-10
CUS101408,43,Male,Chennai,New,2023-01-23
CUS101845,26,Female,Hyderabad,New,2023-05-26
CUS101798,59,Male,Chennai,Loyal,2024-07-14
CUS103957,44,Female,Mumbai,Loyal,2025-06-01
CUS101475,22,Male,Kolkata,Returning,2025-02-16
CUS107665,42,Female,Kolkata,High Value,2024-01-08
CUS100035,41,Male,Delhi,New,2023-04-03
CUS106250,30,Female,Bengaluru,Returning,2024-11-05
CUS100444,46,Male,Ahmedabad,Returning,2025-06-07
CUS102359,57,Female,Mumbai,Returning,2024-11-13
CUS103654,57,Female,Pune,Returning,2023-05-30
CUS107646,60,Male,Delhi,High Value,2024-04-14
CUS103179,19,Male,Delhi,New,2024-01-29
CUS101286,34,Female,Chennai,New,2025-03-09
CUS106092,65,Other,Hyderabad,New,2024-08-17
CUS104445,22,Female,Hyderabad,Returning,2025-03-02
CUS103416,33,Male,Delhi,New,2025-06-01
CUS102137,38,Female,Bengaluru,New,2025-06-08
CUS102636,34,Male,Delhi,Returning,2024-07-26
CUS104016,47,Female,Delhi,New,2023-02-12
CUS107918,22,Female,Bengaluru,Loyal,2023-01-11
CUS101681,38,Male,Delhi,Loyal,2025-05-23
CUS107812,50,Male,Kolkata,Returning,2023-11-22
CUS105979,41,Female,Delhi,New,2025-05-11
CUS105275,35,Male,Mumbai,Loyal,2023-05-31
CUS101692,27,Female,Hyderabad,Loyal,2023-07-12
CUS106064,29,Male,Kolkata,New,2024-12-13
CUS106823,64,Male,Pune,High Value,2023-10-15
CUS103635,42,Female,Kolkata,High Value,2023-09-29
CUS100372,20,Male,Bengaluru,Returning,2024-12-28
CUS105453,27,Male,Delhi,New,2023-07-25
CUS104882,57,Female,Bengaluru,New,2023-01-29
CUS107771,36,Female,Pune,High Value,2023-05-26
CUS100140,49,Female,Hyderabad,New,2025-02-09
CUS104884,53,Female,Delhi,New,2024-06-02
CUS104419,19,Female,Kolkata,Loyal,2023-05-02
CUS107642,54,Female,Kolkata,New,2024-07-27
CUS106740,25,Male,Ahmedabad,Returning,2023-03-01
CUS100714,40,Female,Mumbai,Returning,2025-05-31
CUS105243,64,Male,Pune,Loyal,2023-05-13
CUS103188,20,Female,Pune,New,2023-11-24
CUS107246,33,Female,Kolkata,Returning,2024-05-27
CUS104431,56,Male,Ahmedabad,Returning,2024-12-31
CUS105758,21,Female,Mumbai,New,2025-05-26
CUS100406,25,Female,Chennai,High Value,2023-07-10
CUS100020,41,Other,Delhi,New,2024-05-27
CUS101004,24,Female,Delhi,Returning,2023-11-06
CUS104986,36,Female,Kolkata,Returning,2024-04-27
CUS102411,48,Other,Kolkata,New,2024-12-08
CUS102545,53,Female,Chennai,New,2024-07-08
CUS106790,21,Female,Chennai,New,2025-01-16
CUS102390,28,Male,Mumbai,Loyal,2023-02-17
CUS106591,39,Male,Chennai,Loyal,2023-05-15
CUS100042,30,Female,Bengaluru,New,2023-08-25
CUS102830,29,Male,Delhi,Returning,2023-10-05
CUS103371,30,Male,Kolkata,Returning,2023-05-26
CUS103022,27,Male,Bengaluru,New,2024-11-30
CUS103364,53,Female,Delhi,Returning,2023-07-28
CUS104399,45,Female,Ahmedabad,New,2023-02-19
CUS105252,29,Male,Pune,Loyal,2024-01-04
CUS100011,39,Female,Ahmedabad,Returning,2024-09-06
CUS104760,55,Female,Ahmedabad,New,2023-12-21
CUS101177,49,Other,Hyderabad,Returning,2024-04-14
CUS101947,53,Female,Hyderabad,New,2023-10-27
CUS102501,54,Male,Bengaluru,New,2025-02-02
CUS107121,32,Male,Chennai,Loyal,2024-04-15
CUS102863,64,Female,Delhi,Returning,2023-08-16
CUS103865,52,Female,Pune,High Value,2023-08-13
CUS101026,54,Female,Mumbai,New,2024-04-25
CUS103848,26,Male,Mumbai,New,2025-01-07
CUS102989,22,Male,Hyderabad,Returning,2023-12-03
CUS100961,60,Female,Kolkata,High Value,2025-04-16
CUS102889,47,Female,Kolkata,High Value,2023-07-06
CUS103015,44,Female,Kolkata,New,2024-12-28
CUS103338,52,Other,Kolkata,New,2024-09-14
CUS107053,31,Female,Pune,Returning,2023-10-18
CUS100735,23,Female,Chennai,Returning,2024-05-02
CUS104400,65,Male,Bengaluru,Loyal,2023-06-05
CUS101440,39,Female,Pune,High Value,2023-06-21
CUS107804,25,Female,Pune,New,2024-08-08
CUS102875,63,Female,Kolkata,Returning,2024-03-30
CUS103986,43,Female,Pune,Loyal,2024-06-26
CUS100916,44,Male,Bengaluru,Loyal,2025-06-09
CUS106841,33,Male,Ahmedabad,Loyal,2023-07-23
CUS106566,44,Female,Pune,New,2023-01-09
CUS104089,18,Female,Ahmedabad,High Value,2023-06-18
CUS107576,36,Male,Pune,New,2023-05-07
CUS106865,43,Male,Chennai,New,2025-04-27
CUS102772,23,Male,Kolkata,Loyal,2024-03-03
CUS101624,21,Female,Chennai,New,2024-04-15
CUS106505,19,Female,Kolkata,High Value,2023-05-17
CUS100821,43,Male,Bengaluru,New,2023-09-04
CUS101367,49,Female,Pune,Returning,2023-07-16
CUS103712,64,Female,Hyderabad,New,2024-04-22
CUS107970,19,Male,Delhi,Loyal,2023-03-16
CUS107369,28,Female,Bengaluru,Loyal,2023-04-04
CUS100850,22,Female,Chennai,Returning,2024-05-30
CUS101000,57,Other,Bengaluru,High Value,2023-09-06
CUS106110,40,Female,Ahmedabad,Loyal,2023-08-30
CUS104114,35,Male,Kolkata,Returning,2023-10-24
CUS101637,51,Male,Bengaluru,Returning,2024-07-25
CUS101667,56,Male,Chennai,High Value,2023-07-16
CUS104589,50,Female,Kolkata,New,2023-09-23
CUS103173,34,Male,Delhi,New,2024-04-22
CUS106253,28,Other,Chennai,Returning,2024-08-12
CUS101347,36,Male,Bengaluru,Loyal,2023-10-15
CUS106410,23,Male,Chennai,Loyal,2025-05-18
CUS103230,42,Male,Ahmedabad,New,2024-03-14
CUS105790,25,Male,Mumbai,New,2023-05-24
CUS106312,31,Female,Kolkata,Returning,2023-06-28
CUS104783,27,Female,Pune,New,2024-10-15
CUS106415,60,Other,Chennai,Returning,2023-08-16
CUS103232,34,Male,Hyderabad,Returning,2023-03-02
CUS105704,29,Male,Mumbai,Loyal,2024-05-13
CUS100703,63,Male,Ahmedabad,Returning,2024-10-29
CUS105105,58,Female,Pune,Returning,2025-05-25
CUS106540,62,Female,Kolkata,Returning,2024-09-02
CUS103291,26,Female,Pune,High Value,2023-04-25
CUS103673,59,Female,Delhi,High Value,2024-02-09
CUS102408,39,Female,Ahmedabad,Returning,2024-06-25
CUS107566,50,Male,Kolkata,New,2024-12-16
CUS101327,52,Female,Delhi,New,2024-07-16
CUS107635,33,Male,Delhi,New,2023-01-26
CUS105406,55,Female,Delhi,High Value,2023-02-13
CUS106724,54,Male,Ahmedabad,New,2024-05-16
CUS104909,45,Male,Ahmedabad,Returning,2023-06-20
CUS104440,38,Female,Kolkata,High Value,2024-08-23
CUS106850,34,Male,Delhi,Returning,2025-03-12
CUS100986,52,Male,Kolkata,High Value,2023-08-31
CUS106517,37,Male,Mumbai,Returning,2024-06-13
CUS107445,31,Male,Kolkata,New,2023-05-30
CUS107051,55,Male,Kolkata,Returning,2025-03-02
CUS107083,31,Female,Chennai,Returning,2024-07-23
CUS104049,46,Female,Chennai,New,2024-08-26
CUS103485,34,Female,Chennai,New,2025-01-06
CUS102474,37,Male,Hyderabad,New,2024-04-12
CUS105238,40,Female,Pune,Loyal,2024-05-01
CUS103873,24,Male,Bengaluru,High Value,2024-08-12
CUS101198,35,Female,Chennai,Returning,2025-02-07
CUS104181,21,Male,Pune,Returning,2023-06-16
CUS101518,64,Female,Bengaluru,Loyal,2025-01-11
CUS107396,40,Male,Pune,Returning,2024-12-06
CUS105477,33,Female,Ahmedabad,New,2023-09-25
CUS101799,64,Female,Mumbai,Returning,2024-07-05
CUS101014,25,Female,Mumbai,New,2024-03-01
CUS100128,31,Female,Mumbai,Returning,2025-03-01
CUS101364,46,Male,Bengaluru,Loyal,2024-07-24
CUS104470,46,Male,Kolkata,Returning,2023-11-15
CUS100891,62,Male,Chennai,New,2024-04-01
CUS102793,40,Female,Ahmedabad,Returning,2023-12-27
CUS106883,39,Male,Pune,Returning,2024-03-02
CUS105455,54,Male,Mumbai,New,2023-01-19
CUS104403,58,Female,Hyderabad,Loyal,2025-01-01
CUS107909,31,Male,Mumbai,High Value,2023-03-09
CUS107809,23,Male,Pune,New,2023-05-30
CUS105413,34,Female,Ahmedabad,New,2023-07-24
CUS107033,32,Female,Kolkata,Returning,2023-07-17
CUS103249,60,Male,Mumbai,Returning,2024-09-02
CUS106956,64,Male,Chennai,New,2023-09-10
CUS101208,62,Other,Ahmedabad,Returning,2024-01-08
CUS103868,30,Female,Pune,Returning,2023-01-21
CUS107363,18,Male,Hyderabad,Loyal,2023-08-18
CUS104065,54,Male,Pune,Returning,2023-02-02
CUS107013,29,Male,Bengaluru,Returning,2025-03-19
CUS106234,60,Male,Pune,Returning,2023-09-20
CUS101239,55,Male,Mumbai,New,2025-01-02
CUS102289,23,Female,Delhi,Returning,2023-07-21
CUS102740,24,Female,Bengaluru,Returning,2023-09-20
CUS100275,41,Male,Chennai,Returning,2024-10-11
CUS104585,40,Female,Ahmedabad,Loyal,2023-01-29
CUS101035,27,Male,Hyderabad,Returning,2024-12-31
CUS101229,43,Female,Kolkata,Returning,2024-09-10
CUS101008,32,Female,Bengaluru,Returning,2024-03-25
CUS106685,52,Male,Delhi,New,2023-03-16
CUS105178,53,Female,Mumbai,Returning,2023-09-22
CUS103828,56,Male,Bengaluru,High Value,2024-09-17
CUS102532,47,Male,Pune,High Value,2024-01-24
CUS104293,29,Female,Pune,Returning,2024-08-05
CUS101058,43,Female,Pune,New,2025-05-26
CUS106101,56,Female,Hyderabad,Returning,2024-10-21
CUS100281,21,Male,Kolkata,High Value,2024-06-22
CUS101043,47,Female,Kolkata,New,2025-06-13
CUS101316,63,Female,Bengaluru,Loyal,2025-02-15
CUS100968,54,Female,Hyderabad,Loyal,2025-03-11
CUS102381,63,Female,Hyderabad,New,2023-12-10
CUS107871,49,Female,Ahmedabad,New,2024-03-13
CUS101939,53,Male,Ahmedabad,New,2023-12-28
CUS105903,18,Female,Mumbai,Loyal,2023-08-04
CUS101274,32,Female,Kolkata,Loyal,2024-06-11
CUS100619,64,Male,Hyderabad,Returning,2023-06-16
CUS105972,50,Male,Delhi,Returning,2023-09-26
CUS101742,24,Male,Delhi,High Value,2023-11-09
CUS101390,60,Other,Kolkata,Returning,2024-07-21
CUS106678,57,Female,Kolkata,High Value,2023-08-31
CUS101579,25,Male,Hyderabad,Loyal,2024-09-28
CUS101655,24,Male,Delhi,Returning,2024-11-19
CUS103568,32,Female,Kolkata,Returning,2023-06-27
CUS102352,27,Male,Mumbai,Loyal,2023-09-09
CUS102212,29,Female,Kolkata,High Value,2023-06-01
CUS103178,47,Female,Bengaluru,High Value,2025-06-09
CUS103192,62,Male,Bengaluru,New,2023-02-28
CUS101307,64,Male,Delhi,New,2025-01-02
CUS100575,29,Female,Pune,Loyal,2023-09-03
CUS102360,63,Male,Chennai,Loyal,2024-02-03
CUS105802,54,Male,Kolkata,New,2023-10-19
CUS101280,49,Female,Chennai,Returning,2023-03-06
CUS106672,27,Male,Delhi,Returning,2025-01-16
CUS104957,33,Male,Mumbai,New,2025-02-05
CUS106784,29,Male,Bengaluru,Returning,2023-04-13
CUS105724,39,Male,Mumbai,Returning,2024-01-21
CUS101993,55,Male,Chennai,Loyal,2024-04-28
CUS102639,30,Male,Ahmedabad,New,2024-08-14
CUS100269,46,Female,Delhi,New,2023-08-20
CUS100629,28,Male,Kolkata,New,2025-04-06
CUS107109,28,Female,Kolkata,New,2023-12-01
CUS103081,36,Female,Bengaluru,Loyal,2023-08-02
CUS103466,46,Female,Mumbai,Returning,2024-02-20
CUS107166,37,Female,Ahmedabad,New,2025-05-02
CUS104396,30,Male,Ahmedabad,New,2024-05-26
CUS104023,41,Male,Mumbai,High Value,2024-07-20
CUS107773,26,Female,Delhi,Returning,2024-07-06
CUS105543,62,Female,Ahmedabad,New,2023-01-14
CUS105568,44,Female,Kolkata,Loyal,2024-05-18
CUS102046,57,Male,Bengaluru,New,2023-08-14
CUS104356,37,Male,Kolkata,Returning,2023-10-03
CUS106445,22,Male,Bengaluru,Loyal,2025-03-17
CUS102113,27,Female,Delhi,New,2024-08-18
CUS100027,61,Male,Hyderabad,Returning,2023-05-14
CUS102040,47,Female,Mumbai,New,2024-10-05
CUS103928,52,Female,Pune,High Value,2025-04-04
CUS107415,18,Female,Mumbai,New,2023-06-12
CUS103216,39,Male,Ahmedabad,New,2023-06-30
CUS103814,41,Female,Hyderabad,New,2025-03-19
CUS100129,64,Male,Pune,New,2023-04-18
CUS107382,51,Female,Kolkata,Returning,2024-05-15
CUS104599,20,Male,Mumbai,High Value,2023-12-20
CUS100013,36,Female,Ahmedabad,High Value,2023-05-09
CUS107034,32,Female,Bengaluru,New,2024-09-28
CUS104476,22,Female,Delhi,Returning,2024-12-29
CUS101525,54,Female,Kolkata,Loyal,2024-10-03
CUS102365,52,Female,Chennai,New,2024-09-07
CUS104648,37,Female,Hyderabad,Returning,2023-04-25
CUS103052,53,Female,Delhi,New,2025-01-07
CUS104005,34,Female,Hyderabad,Returning,2024-03-27
CUS102340,42,Male,Chennai,New,2024-01-27
CUS100374,45,Male,Pune,Loyal,2024-07-04
CUS105992,47,Male,Hyderabad,Loyal,2024-11-03
CUS107047,46,Male,Delhi,Returning,2023-07-21
CUS100939,40,Other,Bengaluru,Returning,2024-07-28
CUS107848,49,Female,Hyderabad,New,2024-04-13
CUS105718,40,Male,Kolkata,New,2024-11-01
CUS104573,40,Male,Ahmedabad,Returning,2024-12-28
CUS102147,36,Female,Kolkata,Loyal,2024-08-07
CUS103591,51,Female,Mumbai,Returning,2023-11-28
CUS106486,38,Male,Hyderabad,New,2024-07-19
CUS107449,50,Female,Kolkata,Loyal,2023-02-15
CUS107768,35,Female,Ahmedabad,Loyal,2024-10-15
CUS103623,58,Male,Ahmedabad,Loyal,2023-09-29
CUS100529,24,Female,Chennai,New,2023-01-03
CUS103714,37,Female,Chennai,New,2023-10-16
CUS106414,59,Female,Mumbai,Returning,2024-05-30
CUS104732,32,Female,Chennai,Loyal,2024-10-24
CUS101269,42,Female,Pune,Loyal,2023-02-03
CUS104281,56,Male,Ahmedabad,New,2025-04-28
CUS101394,23,Male,Bengaluru,New,2023-08-05
CUS104850,62,Female,Mumbai,New,2023-02-16
CUS104009,43,Female,Mumbai,High Value,2023-12-09
CUS104390,46,Female,Delhi,Loyal,2023-07-28
CUS101797,62,Male,Delhi,Returning,2023-03-11
CUS102979,46,Male,Ahmedabad,Returning,2023-01-23
CUS101441,20,Female,Delhi,Returning,2023-02-18
CUS106861,63,Female,Delhi,Loyal,2023-06-10
CUS107983,33,Male,Pune,High Value,2024-04-08
CUS103811,45,Female,Delhi,Returning,2023-08-03
CUS105631,35,Male,Bengaluru,Returning,2024-03-27
CUS101273,40,Female,Hyderabad,Returning,2024-04-17
CUS104703,65,Male,Delhi,New,2023-03-05
CUS101712,52,Male,Mumbai,Returning,2024-03-01
CUS100955,58,Male,Bengaluru,New,2023-04-18
CUS106088,37,Female,Mumbai,Returning,2025-05-02
CUS106555,31,Female,Bengaluru,Loyal,2023-01-09
CUS107257,43,Male,Delhi,Returning,2023-07-27
CUS107531,24,Male,Ahmedabad,Returning,2024-06-15
CUS100403,23,Other,Pune,High Value,2023-04-09
CUS102071,28,Male,Ahmedabad,Returning,2023-06-15
CUS107792,56,Female,Mumbai,High Value,2024-05-07
CUS101977,25,Female,Hyderabad,High Value,2023-07-17
CUS100158,32,Female,Hyderabad,Loyal,2024-07-20
CUS105844,34,Female,Ahmedabad,High Value,2023-02-15
CUS103888,19,Other,Pune,Returning,2023-12-05
CUS105451,28,Male,Mumbai,New,2023-12-29
CUS100902,20,Female,Chennai,Returning,2023-12-08
CUS100352,26,Male,Mumbai,New,2024-11-28
CUS105326,53,Male,Chennai,Loyal,2023-04-19
CUS104540,19,Male,Ahmedabad,Returning,2025-04-23
CUS104130,22,Male,Chennai,Returning,2024-03-01
CUS100754,37,Female,Hyderabad,New,2024-12-06
CUS105833,63,Male,Ahmedabad,New,2023-12-19
CUS102971,36,Female,Delhi,New,2024-05-21
CUS102920,33,Female,Delhi,New,2023-07-13
CUS100311,43,Female,Ahmedabad,Returning,2023-05-16
CUS104644,28,Female,Kolkata,Returning,2023-11-03
CUS100661,53,Male,Kolkata,New,2023-07-23
CUS101989,21,Male,Hyderabad,New,2023-08-26
CUS103665,32,Male,Kolkata,Loyal,2024-09-25
CUS100306,44,Male,Pune,New,2024-02-06
CUS102335,37,Female,Bengaluru,Returning,2023-01-29
CUS104790,55,Female,Hyderabad,Loyal,2023-10-24
CUS102356,32,Female,Pune,Loyal,2025-02-22
CUS103702,34,Other,Chennai,New,2023-11-11
CUS103804,18,Female,Mumbai,Loyal,2024-12-30
CUS101927,38,Female,Pune,New,2025-02-27
CUS107195,59,Female,Pune,Returning,2023-08-18
CUS103427,46,Female,Mumbai,New,2024-04-26
CUS100749,65,Female,Pune,Returning,2023-10-10
CUS103638,37,Female,Delhi,New,2023-10-07
CUS105982,64,Male,Mumbai,Returning,2023-03-27
CUS101266,33,Female,Pune,New,2025-06-02
CUS106014,64,Female,Kolkata,New,2024-07-17
CUS107254,65,Female,Chennai,New,2024-11-18
CUS103595,35,Male,Ahmedabad,New,2024-03-31
CUS102134,44,Female,Chennai,High Value,2024-11-08
CUS105066,43,Female,Ahmedabad,Returning,2025-05-16
CUS104109,32,Female,Pune,New,2024-03-05
CUS104969,33,Male,Ahmedabad,Loyal,2025-03-13
CUS104904,24,Female,Hyderabad,Loyal,2025-04-06
CUS100514,51,Female,Mumbai,Returning,2023-10-24
CUS107335,20,Male,Delhi,Loyal,2025-05-21
CUS100409,42,Female,Ahmedabad,New,2023-07-09
CUS106134,29,Female,Ahmedabad,New,2024-10-27
CUS107106,38,Female,Kolkata,New,2024-03-07
CUS100207,29,Female,Delhi,High Value,2024-08-01
CUS106673,18,Male,Kolkata,New,2023-10-01
CUS100458,51,Male,Bengaluru,New,2024-05-15
CUS102054,52,Other,Mumbai,New,2024-01-31
CUS102430,64,Female,Pune,Returning,2023-12-15
CUS100250,39,Female,Chennai,Returning,2024-08-22
CUS105437,45,Female,Pune,New,2024-10-20
CUS101107,30,Male,Ahmedabad,New,2023-06-26
CUS101713,43,Male,Pune,New,2023-12-19
CUS103911,43,Male,Chennai,Returning,2024-11-30
CUS106604,42,Male,Mumbai,Loyal,2025-03-05
CUS100715,27,Female,Hyderabad,Returning,2025-04-21
CUS100552,22,Male,Kolkata,Loyal,2024-03-06
CUS101439,65,Female,Kolkata,New,2023-10-30
CUS102270,25,Male,Ahmedabad,Loyal,2024-05-15
CUS103144,55,Male,Hyderabad,Returning,2024-11-02
CUS107828,33,Female,Ahmedabad,High Value,2024-08-07
CUS101925,35,Female,Hyderabad,Returning,2024-01-02
CUS100634,48,Male,Pune,New,2023-11-19
CUS100316,47,Male,Kolkata,New,2025-03-26
CUS107706,29,Female,Kolkata,Returning,2025-02-03
CUS105424,37,Male,Kolkata,Returning,2024-10-16
CUS100427,41,Male,Pune,New,2024-09-27
CUS106112,45,Female,Ahmedabad,Returning,2023-01-23
CUS100105,32,Other,Ahmedabad,New,2024-05-24
CUS103041,63,Female,Pune,Returning,2024-02-16
CUS104238,54,Female,Ahmedabad,New,2024-03-24
CUS102169,36,Male,Mumbai,Loyal,2024-05-11
CUS101709,58,Male,Mumbai,New,2024-01-25
CUS100089,62,Male,Chennai,New,2024-04-07
CUS102241,25,Male,Hyderabad,High Value,2023-05-10
CUS103174,34,Male,Mumbai,New,2023-04-13
CUS106137,27,Female,Pune,Returning,2023-04-16
CUS101949,60,Other,Pune,New,2023-06-25
CUS104044,23,Female,Chennai,Returning,2025-04-27
CUS107733,62,Male,Delhi,Returning,2024-12-12
CUS102848,49,Male,Hyderabad,New,2023-05-09
CUS100001,65,Male,Delhi,Returning,2023-08-30
CUS104337,26,Female,Hyderabad,High Value,2025-05-27
CUS100935,33,Male,Bengaluru,Returning,2025-02-07
CUS107019,52,Female,Ahmedabad,New,2025-04-22
CUS102720,62,Female,Chennai,Returning,2024-11-28
CUS105205,65,Female,Mumbai,High Value,2024-12-02
CUS106292,46,Male,Kolkata,New,2024-04-14
CUS100591,45,Male,Pune,New,2024-08-24
CUS107904,28,Female,Hyderabad,Loyal,2024-12-26
CUS107007,62,Male,Delhi,Returning,2024-03-20
CUS102936,30,Female,Kolkata,Returning,2024-01-22
CUS102448,26,Male,Delhi,Returning,2024-03-31
CUS101576,20,Male,Kolkata,New,2025-04-28
CUS106602,59,Female,Ahmedabad,Returning,2023-03-27
CUS106846,65,Male,Chennai,Returning,2024-08-04
CUS100213,18,Female,Pune,Returning,2023-06-20
CUS100778,43,Male,Hyderabad,New,2023-07-10
CUS103496,21,Male,Bengaluru,Returning,2023-05-11
CUS106440,25,Male,Delhi,High Value,2025-05-26
CUS102043,47,Male,Mumbai,High Value,2023-08-05
CUS107441,64,Male,Mumbai,Returning,2023-06-20
CUS105420,23,Male,Pune,New,2025-02-05
CUS101567,55,Male,Kolkata,Returning,2023-02-25
CUS100165,65,Male,Ahmedabad,Returning,2023-07-30
CUS104702,60,Male,Bengaluru,New,2023-11-08
CUS103566,53,Male,Bengaluru,Returning,2024-03-07
CUS106289,26,Male,Pune,New,2023-09-20
CUS107797,32,Female,Bengaluru,Returning,2025-05-25
CUS105439,20,Male,Pune,New,2025-05-10
CUS102013,29,Male,Kolkata,Returning,2024-01-06
CUS100273,61,Female,Mumbai,Returning,2023-03-02
CUS103860,52,Female,Pune,New,2024-06-24
CUS104167,62,Male,Chennai,New,2025-01-08
CUS106547,20,Female,Kolkata,Loyal,2024-02-26
CUS103788,62,Female,Bengaluru,Loyal,2023-06-23
CUS105183,61,Male,Mumbai,High Value,2023-05-21
CUS100394,64,Female,Pune,Returning,2024-08-23
CUS100583,44,Female,Hyderabad,High Value,2023-05-09
CUS107604,50,Male,Pune,Returning,2023-08-10
CUS106741,42,Female,Kolkata,Returning,2024-01-14
CUS107841,38,Male,Delhi,New,2024-03-18
CUS106636,50,Male,Mumbai,New,2023-07-21
CUS100520,32,Male,Delhi,High Value,2024-10-12
CUS101763,41,Male,Ahmedabad,Returning,2024-10-27
CUS101875,65,Male,Chennai,Returning,2023-05-11
CUS105355,18,Female,Ahmedabad,New,2024-09-23
CUS103965,35,Male,Pune,Loyal,2024-11-26
CUS103344,33,Male,Kolkata,New,2025-04-26
CUS102253,58,Female,Hyderabad,High Value,2024-09-21
CUS103224,50,Female,Delhi,Returning,2023-12-09
CUS100526,25,Female,Hyderabad,New,2024-12-25
CUS102946,28,Male,Chennai,Returning,2024-05-13
CUS104473,49,Male,Ahmedabad,New,2024-04-10
CUS103899,47,Male,Mumbai,New,2023-04-27
CUS105655,49,Female,Hyderabad,High Value,2025-02-23
CUS100692,35,Male,Mumbai,Loyal,2023-10-11
CUS107753,43,Female,Kolkata,New,2024-09-13
CUS104444,47,Female,Pune,New,2024-06-12
CUS103633,41,Female,Pune,Returning,2024-11-12
CUS105805,19,Female,Chennai,Loyal,2023-05-23
CUS101050,52,Male,Mumbai,Loyal,2023-12-02
CUS100590,54,Male,Chennai,High Value,2023-11-09
CUS100519,51,Male,Chennai,Returning,2023-03-18
CUS103380,22,Female,Ahmedabad,New,2025-05-21
CUS103676,45,Female,Pune,High Value,2024-01-03
CUS105776,51,Male,Mumbai,Loyal,2023-04-17
CUS106757,49,Female,Pune,New,2024-06-17
CUS105179,63,Male,Bengaluru,Returning,2023-08-18
CUS101607,45,Male,Mumbai,Loyal,2023-07-07
CUS103610,18,Female,Kolkata,Returning,2024-02-21
CUS107823,64,Female,Chennai,New,2023-09-01
CUS101809,27,Female,Bengaluru,New,2024-05-04
CUS100791,27,Female,Delhi,New,2024-05-08
CUS100792,46,Male,Delhi,New,2025-05-03
CUS106745,59,Male,Delhi,New,2025-01-28
CUS101855,28,Female,Chennai,Loyal,2024-08-26
CUS101980,29,Other,Mumbai,New,2023-01-01
CUS103233,22,Female,Chennai,Returning,2024-05-06
CUS103598,49,Female,Kolkata,Returning,2024-02-08
CUS100933,62,Male,Hyderabad,Returning,2023-05-21
CUS103963,45,Female,Delhi,High Value,2024-10-18
CUS106113,59,Male,Mumbai,Returning,2024-02-02
CUS105626,19,Female,Pune,Returning,2023-03-05
CUS105506,44,Female,Mumbai,New,2023-06-25
CUS106072,24,Female,Hyderabad,Returning,2024-01-13
CUS107614,39,Female,Delhi,New,2024-06-27
CUS104179,29,Male,Bengaluru,New,2025-03-10
CUS104026,54,Female,Ahmedabad,Returning,2024-06-12
CUS107268,52,Male,Pune,New,2023-12-21
CUS104116,62,Male,Hyderabad,Loyal,2023-01-03
CUS100988,33,Female,Chennai,Returning,2023-03-12
CUS106334,29,Other,Mumbai,New,2024-08-17
CUS103453,54,Female,Ahmedabad,New,2025-02-14
CUS107493,61,Male,Bengaluru,Returning,2024-08-24
CUS103778,30,Male,Delhi,Returning,2025-05-18
CUS105658,35,Female,Hyderabad,New,2024-10-26
CUS106879,49,Female,Kolkata,Loyal,2025-04-14
CUS103093,35,Female,Mumbai,New,2023-04-27
CUS103155,19,Female,Mumbai,New,2023-09-05
CUS105069,59,Male,Hyderabad,Returning,2025-03-31
CUS105806,60,Female,Bengaluru,Loyal,2025-01-26
CUS103201,60,Male,Hyderabad,Loyal,2023-06-18
CUS106621,38,Female,Delhi,New,2023-09-17
CUS101098,48,Male,Delhi,High Value,2024-01-03
CUS106811,60,Male,Pune,New,2025-03-22
CUS102844,48,Male,Hyderabad,New,2023-07-03
CUS100886,35,Female,Kolkata,Returning,2024-04-07
CUS106368,52,Female,Delhi,New,2025-05-01
CUS106096,53,Other,Hyderabad,New,2023-07-27
CUS100515,25,Male,Mumbai,New,2024-07-01
CUS107569,27,Male,Pune,New,2024-07-16
CUS104833,25,Other,Pune,New,2024-11-29
CUS101453,26,Female,Chennai,New,2025-05-26
CUS103553,26,Other,Hyderabad,New,2024-12-07
CUS103609,52,Male,Delhi,High Value,2024-07-19
CUS106612,35,Male,Chennai,Returning,2025-04-09
CUS104665,18,Female,Ahmedabad,Returning,2024-04-12
CUS102506,39,Male,Delhi,Returning,2023-07-29
CUS102994,33,Male,Ahmedabad,High Value,2024-12-26
CUS103999,42,Male,Ahmedabad,New,2023-08-02
CUS107775,24,Male,Mumbai,High Value,2025-03-26
CUS100906,57,Female,Pune,New,2025-03-05
CUS100028,63,Female,Bengaluru,High Value,2025-06-05
CUS107036,23,Male,Hyderabad,Returning,2023-09-03
CUS102507,51,Male,Chennai,New,2023-03-05
CUS102428,20,Female,Hyderabad,Returning,2025-01-23
CUS105043,39,Female,Kolkata,Returning,2024-11-08
CUS105346,64,Female,Mumbai,Loyal,2025-02-01
CUS100762,57,Female,Mumbai,Returning,2024-01-29
CUS103747,43,Female,Ahmedabad,Loyal,2025-04-23
CUS104811,38,Female,Bengaluru,Returning,2025-01-18
CUS100284,44,Male,Kolkata,New,2024-09-11
CUS100686,42,Male,Bengaluru,Returning,2023-10-10
CUS102353,34,Male,Chennai,New,2023-10-24
CUS107199,56,Female,Kolkata,New,2024-12-25
CUS107046,39,Female,Bengaluru,New,2023-04-01
CUS100021,40,Male,Hyderabad,New,2023-02-10
CUS102752,56,Female,Ahmedabad,Returning,2023-09-28
CUS100885,53,Female,Chennai,High Value,2024-07-18
CUS100917,65,Female,Ahmedabad,Returning,2023-05-25
CUS101040,54,Female,Delhi,New,2024-08-03
CUS106511,49,Male,Chennai,High Value,2025-03-02
CUS101265,30,Female,Ahmedabad,High Value,2024-03-20
CUS104579,53,Female,Kolkata,Loyal,2024-08-25
CUS107100,40,Female,Chennai,New,2023-01-13
CUS107630,29,Female,Hyderabad,New,2025-05-30
CUS100277,24,Female,Pune,New,2023-05-26
CUS105084,29,Female,Kolkata,High Value,2024-08-01
CUS102084,24,Male,Kolkata,New,2023-04-30
CUS101245,57,Female,Ahmedabad,New,2025-02-17
CUS102382,59,Male,Delhi,High Value,2023-02-22
CUS100571,18,Female,Ahmedabad,Loyal,2024-01-19
CUS101435,57,Male,Chennai,Loyal,2023-02-07
CUS103902,26,Male,Mumbai,Returning,2023-12-31
CUS105089,54,Female,Delhi,New,2023-10-06
CUS101247,26,Female,Pune,New,2023-03-19
CUS106165,39,Female,Delhi,High Value,2024-09-24
CUS104681,25,Male,Mumbai,New,2023-04-12
CUS103526,29,Male,Hyderabad,Returning,2023-07-22
CUS102514,29,Male,Ahmedabad,New,2024-03-10
CUS105445,21,Female,Bengaluru,New,2024-04-03
CUS101007,49,Female,Chennai,Loyal,2023-11-23
CUS104770,26,Male,Mumbai,High Value,2025-02-05
CUS104543,59,Male,Delhi,Loyal,2024-05-18
CUS106786,51,Female,Ahmedabad,High Value,2025-02-02
CUS107105,58,Male,Pune,Returning,2023-11-30
CUS102064,54,Female,Delhi,Returning,2023-06-17
CUS105352,30,Male,Kolkata,Returning,2023-09-08
CUS106480,49,Male,Hyderabad,Loyal,2023-02-27
CUS101690,49,Female,Delhi,New,2024-05-26
CUS107621,26,Female,Mumbai,New,2024-02-24
CUS107452,33,Female,Bengaluru,Loyal,2025-05-22
CUS105343,51,Male,Pune,Loyal,2024-01-14
CUS101985,44,Other,Pune,Returning,2023-02-14
CUS100294,60,Male,Mumbai,Loyal,2024-03-08
CUS101547,18,Male,Ahmedabad,Loyal,2023-01-13
CUS102012,52,Female,Pune,New,2024-02-07
CUS100588,43,Female,Kolkata,New,2023-10-27
CUS103329,33,Female,Kolkata,Returning,2024-12-25
CUS102403,29,Female,Hyderabad,Returning,2023-03-31
CUS102129,29,Female,Pune,New,2023-11-11
CUS103998,56,Male,Ahmedabad,Returning,2024-01-25
CUS107185,38,Male,Delhi,New,2024-11-14
CUS103741,50,Female,Delhi,Returning,2023-10-07
CUS103508,47,Female,Bengaluru,New,2024-10-21
CUS102719,20,Male,Hyderabad,New,2024-03-06
CUS104521,65,Female,Mumbai,Returning,2025-03-26
CUS105150,40,Male,Ahmedabad,New,2023-12-24
CUS107473,37,Male,Pune,New,2024-09-06
CUS107481,18,Male,Kolkata,New,2024-03-15
CUS100556,25,Female,Ahmedabad,New,2023-10-23
CUS106589,31,Female,Mumbai,New,2024-02-01
CUS104795,22,Female,Mumbai,Loyal,2024-09-03
CUS102469,48,Female,Kolkata,Returning,2024-05-11
CUS103738,43,Female,Pune,New,2023-08-16
CUS104286,22,Female,Bengaluru,Loyal,2024-01-20
CUS106752,37,Male,Delhi,Loyal,2024-11-27
CUS105289,20,Female,Kolkata,Returning,2023-05-20
CUS101716,59,Female,Mumbai,Returning,2025-01-14
CUS102604,64,Female,Mumbai,Returning,2023-07-16
CUS106763,59,Female,Chennai,New,2024-11-17
CUS101704,61,Male,Hyderabad,New,2025-04-21
CUS102139,38,Male,Delhi,Returning,2024-03-02
CUS103239,20,Female,Kolkata,New,2023-05-23
CUS102383,20,Female,Bengaluru,New,2024-12-15
CUS104311,25,Male,Chennai,Loyal,2025-04-28
CUS101285,22,Male,Pune,Loyal,2023-01-31
CUS106979,61,Female,Bengaluru,Returning,2025-02-21
CUS106507,25,Male,Pune,New,2024-05-14
CUS107432,58,Female,Chennai,Returning,2024-05-04
CUS103930,58,Male,Ahmedabad,Loyal,2023-06-14
CUS106183,64,Male,Hyderabad,Returning,2023-11-30
CUS105985,40,Male,Mumbai,Returning,2024-09-26
CUS106219,59,Female,Pune,Returning,2024-05-16
CUS101591,59,Female,Bengaluru,New,2024-11-27
CUS107707,49,Female,Kolkata,Loyal,2024-02-27
CUS107271,44,Male,Chennai,Loyal,2023-01-19
CUS102162,61,Other,Hyderabad,High Value,2023-12-31
CUS102396,44,Female,Delhi,New,2023-09-21
CUS100317,49,Female,Ahmedabad,Loyal,2023-01-27
CUS107362,32,Male,Delhi,New,2024-11-25
CUS103111,34,Male,Bengaluru,New,2024-06-23
CUS105233,21,Female,Delhi,New,2024-10-21
CUS106553,38,Male,Bengaluru,New,2024-04-04
CUS107955,32,Female,Hyderabad,Loyal,2024-12-25
CUS104036,30,Male,Bengaluru,New,2025-03-13
CUS100795,23,Female,Delhi,Loyal,2024-12-03
CUS103020,22,Female,Ahmedabad,New,2024-07-12
CUS101711,25,Male,Kolkata,New,2024-05-01
CUS103387,63,Male,Pune,Returning,2025-05-22
CUS100036,65,Female,Chennai,New,2023-08-14
CUS104549,19,Male,Mumbai,Returning,2025-03-04
CUS100913,48,Male,Kolkata,New,2023-12-23
CUS105721,21,Other,Delhi,High Value,2024-03-08
CUS105295,59,Male,Ahmedabad,Returning,2024-05-22
CUS103972,64,Female,Hyderabad,Returning,2025-02-15
CUS105370,55,Male,Delhi,Returning,2023-03-05
CUS104133,47,Male,Kolkata,New,2023-07-08
CUS100974,52,Male,Pune,Returning,2024-07-04
CUS100983,52,Female,Delhi,Returning,2023-01-30
CUS106821,38,Male,Hyderabad,High Value,2023-12-30
CUS101418,19,Female,Hyderabad,Loyal,2024-09-17
CUS101560,29,Female,Mumbai,New,2025-01-01
CUS104135,29,Female,Hyderabad,Returning,2024-09-08
CUS105582,41,Male,Bengaluru,Loyal,2024-05-26
CUS106542,58,Male,Mumbai,New,2024-03-22
CUS104265,37,Female,Hyderabad,High Value,2025-03-14
CUS101355,45,Female,Hyderabad,High Value,2024-07-05
CUS107681,43,Female,Kolkata,Loyal,2024-07-07
CUS107778,31,Male,Mumbai,Loyal,2024-09-24
CUS100987,61,Male,Pune,Loyal,2024-03-04
CUS102682,45,Female,Ahmedabad,New,2024-07-29
CUS105047,60,Female,Pune,New,2025-04-19
CUS101640,48,Male,Hyderabad,Returning,2023-08-16
CUS101290,20,Female,Mumbai,Returning,2024-02-16
CUS103681,58,Female,Hyderabad,Loyal,2024-03-19
CUS101380,34,Male,Ahmedabad,New,2023-12-06
CUS101933,53,Female,Pune,Returning,2024-05-08
CUS104675,37,Female,Bengaluru,Loyal,2023-10-24
CUS106897,65,Male,Mumbai,New,2025-01-06
CUS103160,34,Male,Kolkata,New,2024-11-03
CUS102030,43,Female,Ahmedabad,Loyal,2023-12-21
CUS100892,50,Female,Pune,New,2024-12-05
CUS104876,28,Male,Pune,Returning,2023-07-01
CUS104069,44,Male,Bengaluru,High Value,2023-11-01
CUS104255,21,Female,Ahmedabad,New,2024-11-24
CUS100002,63,Other,Pune,New,2023-02-06
CUS102109,58,Male,Ahmedabad,New,2023-05-13
CUS100849,63,Female,Bengaluru,High Value,2024-10-08
CUS102737,56,Female,Bengaluru,Returning,2023-06-12
CUS102466,37,Female,Ahmedabad,High Value,2023-07-03
CUS101914,54,Female,Hyderabad,High Value,2023-09-23
CUS101596,64,Female,Mumbai,New,2024-07-15
CUS105872,56,Male,Pune,Loyal,2023-10-31
CUS101913,59,Male,Delhi,Loyal,2023-03-29
CUS105139,63,Male,Ahmedabad,Returning,2024-01-12
CUS107725,18,Male,Ahmedabad,New,2024-11-23
CUS105640,59,Female,Kolkata,High Value,2025-02-11
CUS102736,39,Male,Kolkata,New,2023-03-29
CUS100726,18,Male,Hyderabad,New,2024-05-22
CUS100053,54,Male,Bengaluru,New,2024-06-19
CUS101796,49,Male,Delhi,New,2024-01-17
CUS103845,22,Male,Chennai,High Value,2023-06-12
CUS106007,28,Male,Hyderabad,New,2024-07-02
CUS102553,54,Female,Hyderabad,Loyal,2024-01-01
CUS102800,59,Female,Ahmedabad,Returning,2023-07-19
CUS100936,37,Male,Delhi,Loyal,2023-02-01
CUS106761,28,Other,Mumbai,High Value,2023-10-05
CUS100824,33,Female,Hyderabad,Loyal,2024-07-27
CUS104321,51,Male,Kolkata,Loyal,2023-02-25
CUS103401,32,Male,Mumbai,Returning,2024-03-06
CUS101389,28,Male,Chennai,Loyal,2023-08-07
CUS103564,19,Female,Ahmedabad,Returning,2023-11-01
CUS100884,57,Female,Delhi,Loyal,2024-12-12
CUS105429,19,Female,Pune,New,2023-08-06
CUS105703,51,Male,Delhi,New,2023-10-02
CUS105690,44,Female,Chennai,Loyal,2025-03-24
CUS104867,62,Male,Ahmedabad,High Value,2024-08-25
CUS101868,43,Female,Delhi,New,2023-06-13
CUS105181,38,Other,Ahmedabad,Returning,2025-01-25
CUS100010,42,Male,Bengaluru,New,2023-05-28
CUS103415,48,Female,Bengaluru,High Value,2024-03-29
CUS105421,64,Male,Ahmedabad,High Value,2024-04-30
CUS101463,36,Male,Hyderabad,New,2023-09-27
CUS100806,49,Female,Mumbai,Returning,2023-08-26
CUS106452,58,Female,Bengaluru,Loyal,2024-11-29
CUS104068,35,Male,Pune,New,2024-08-08
CUS102108,20,Female,Hyderabad,New,2025-06-06
CUS106918,24,Female,Hyderabad,New,2023-11-04
CUS102234,37,Female,Delhi,Returning,2024-05-16
CUS100963,53,Female,Bengaluru,Returning,2024-03-04
CUS104494,52,Male,Mumbai,Returning,2023-08-27
CUS102632,56,Female,Pune,New,2025-05-28
CUS106094,23,Female,Hyderabad,Returning,2024-12-09
CUS100704,52,Male,Pune,Loyal,2023-05-18
CUS100431,28,Male,Ahmedabad,High Value,2023-04-09
CUS104388,44,Male,Pune,Returning,2025-06-11
CUS106077,53,Female,Hyderabad,Returning,2024-07-01
CUS100145,64,Male,Pune,Loyal,2023-03-02
CUS102033,62,Female,Hyderabad,Returning,2024-10-16
CUS106880,35,Female,Hyderabad,New,2025-06-09
CUS101165,57,Male,Bengaluru,Returning,2025-03-08
CUS103500,27,Male,Bengaluru,Loyal,2024-09-16
CUS102050,35,Male,Kolkata,New,2023-04-21
CUS103760,54,Female,Pune,High Value,2025-05-18
CUS102624,63,Female,Hyderabad,Returning,2025-04-05
CUS104484,22,Female,Chennai,Returning,2024-12-22
CUS104435,51,Male,Kolkata,Loyal,2025-04-01
CUS106537,62,Female,Mumbai,High Value,2024-10-12
CUS106364,50,Male,Pune,Returning,2024-05-27
CUS104361,42,Female,Kolkata,Returning,2025-05-23
CUS102424,18,Male,Hyderabad,Returning,2025-04-06
CUS101262,44,Female,Mumbai,Returning,2024-04-12
CUS101771,36,Female,Delhi,New,2023-08-18
CUS103511,19,Female,Kolkata,Returning,2024-10-05
CUS100271,36,Female,Pune,High Value,2023-05-25
CUS104792,53,Male,Mumbai,High Value,2024-03-30
CUS107700,43,Female,Kolkata,Loyal,2023-09-24
CUS100244,59,Other,Chennai,Returning,2024-12-04
CUS107947,23,Male,Ahmedabad,Returning,2024-04-13
CUS104572,20,Female,Ahmedabad,New,2025-02-16
CUS102032,20,Female,Bengaluru,Returning,2023-07-25
CUS107561,57,Male,Ahmedabad,New,2024-08-31
CUS106485,62,Female,Bengaluru,New,2023-03-18
CUS100813,52,Female,Delhi,New,2023-02-26
CUS106010,49,Female,Ahmedabad,Loyal,2023-01-23
CUS103810,58,Female,Ahmedabad,Loyal,2023-12-05
CUS107938,23,Other,Hyderabad,Loyal,2024-05-04
CUS106660,24,Female,Delhi,Returning,2023-05-24
CUS101804,35,Male,Delhi,Loyal,2024-01-30
CUS106963,27,Female,Chennai,New,2024-03-26
CUS104346,57,Male,Chennai,Returning,2023-04-20
CUS102461,45,Female,Kolkata,New,2024-09-08
CUS100545,65,Male,Mumbai,New,2025-04-26
CUS103241,39,Male,Bengaluru,Loyal,2023-12-10
CUS100738,24,Male,Hyderabad,New,2024-04-30
CUS100310,32,Male,Mumbai,Loyal,2025-02-22
CUS103521,63,Male,Kolkata,New,2024-03-21
CUS101131,55,Female,Chennai,Returning,2024-09-20
CUS105545,44,Female,Delhi,Returning,2025-01-28
CUS104111,61,Female,Chennai,New,2024-02-23
CUS102769,28,Male,Chennai,Returning,2024-01-06
CUS100920,60,Female,Pune,Loyal,2023-03-26
CUS106869,21,Male,Hyderabad,High Value,2024-09-27
CUS103587,24,Female,Mumbai,Returning,2025-04-26
CUS103959,28,Male,Hyderabad,New,2024-02-08
CUS100038,52,Female,Bengaluru,Returning,2025-03-30
CUS104459,65,Female,Delhi,New,2025-03-21
CUS104278,21,Female,Ahmedabad,Returning,2024-01-09
CUS102983,42,Male,Chennai,Returning,2023-09-21
CUS105290,65,Female,Hyderabad,New,2024-07-25
CUS105217,59,Female,Delhi,Returning,2025-06-09
CUS102667,65,Male,Kolkata,Loyal,2025-04-05
CUS103223,19,Male,Bengaluru,Loyal,2023-07-26
CUS101182,19,Male,Bengaluru,New,2023-08-24
CUS107446,42,Male,Mumbai,Loyal,2023-11-05
CUS100614,25,Male,Bengaluru,High Value,2023-05-02
CUS101466,56,Female,Chennai,High Value,2024-03-15
CUS104497,62,Female,Bengaluru,Loyal,2023-03-22
CUS103042,65,Male,Kolkata,New,2025-01-27
CUS100934,49,Female,Pune,Returning,2024-12-14
CUS102419,39,Female,Hyderabad,New,2024-03-28
CUS105085,49,Female,Delhi,Returning,2023-11-10
CUS107403,57,Male,Kolkata,New,2023-04-18
CUS106648,28,Male,Kolkata,Returning,2024-09-25
CUS104822,22,Female,Hyderabad,Loyal,2025-01-01
CUS100826,32,Male,Ahmedabad,High Value,2024-11-02
CUS101521,28,Male,Chennai,New,2024-07-29
CUS102930,34,Male,Ahmedabad,New,2024-02-05
CUS104232,28,Female,Ahmedabad,Loyal,2024-08-25
CUS100628,29,Male,Kolkata,Loyal,2023-07-30
CUS104430,37,Female,Hyderabad,High Value,2025-01-12
CUS103853,57,Female,Pune,Returning,2024-11-14
CUS100390,61,Female,Kolkata,Loyal,2023-10-28
CUS104345,29,Male,Kolkata,New,2024-04-09
CUS107985,49,Male,Ahmedabad,Returning,2023-10-20
CUS105913,52,Male,Chennai,Returning,2023-07-09
CUS103990,61,Female,Mumbai,Returning,2023-10-11
CUS100400,25,Female,Ahmedabad,Loyal,2025-03-09
CUS104806,65,Male,Ahmedabad,Returning,2023-01-27
CUS105135,49,Male,Pune,New,2023-05-06
CUS106629,46,Female,Kolkata,Loyal,2024-08-29
CUS103359,33,Male,Mumbai,New,2025-04-24
CUS100046,58,Female,Pune,Loyal,2024-12-24
CUS105657,24,Female,Delhi,New,2024-05-16
CUS107862,62,Female,Kolkata,New,2024-03-10
CUS103642,63,Female,Kolkata,Loyal,2024-04-27
CUS103726,40,Female,Delhi,New,2023-02-23
CUS107647,64,Male,Bengaluru,Returning,2023-05-09
CUS105208,31,Female,Bengaluru,Returning,2023-02-22
CUS105319,62,Female,Hyderabad,High Value,2023-07-06
CUS107951,32,Male,Hyderabad,New,2024-07-29
CUS102421,48,Male,Hyderabad,New,2023-02-13
CUS105604,35,Female,Ahmedabad,High Value,2024-06-16
CUS101750,62,Female,Kolkata,Returning,2025-01-22
CUS107921,18,Male,Ahmedabad,New,2023-05-04
CUS106942,65,Male,Bengaluru,High Value,2025-02-02
CUS104062,49,Male,Hyderabad,New,2023-09-24
CUS107761,32,Male,Kolkata,New,2025-02-26
CUS100338,59,Male,Pune,New,2023-07-20
CUS100215,42,Female,Delhi,Returning,2024-10-13
CUS103663,33,Female,Delhi,Loyal,2023-01-03
CUS101341,54,Male,Chennai,New,2023-04-20
CUS107502,30,Female,Chennai,Returning,2023-06-05
CUS107932,56,Male,Kolkata,Returning,2024-12-23
CUS103894,56,Female,Bengaluru,New,2023-06-11
CUS103640,45,Male,Chennai,New,2024-12-22
CUS100329,31,Female,Bengaluru,Returning,2025-03-15
CUS106712,53,Male,Pune,New,2024-04-29
CUS103004,42,Female,Chennai,New,2023-07-17
CUS107830,29,Female,Ahmedabad,New,2024-05-05
CUS103115,41,Female,Delhi,Returning,2023-09-07
CUS107924,55,Female,Kolkata,New,2025-02-20
CUS102322,25,Male,Delhi,High Value,2024-05-17
CUS104197,57,Male,Delhi,Returning,2024-08-07
CUS103549,34,Male,Kolkata,New,2024-02-21
CUS101458,43,Female,Kolkata,Loyal,2024-06-15
CUS100171,37,Male,Hyderabad,Returning,2023-04-27
CUS104203,54,Female,Chennai,New,2024-12-03
CUS106866,52,Female,Kolkata,Loyal,2024-11-08
CUS103569,30,Female,Bengaluru,New,2024-12-11
CUS104226,36,Female,Ahmedabad,Loyal,2024-02-11
CUS105158,65,Male,Delhi,Returning,2025-03-08
CUS106691,19,Other,Hyderabad,Returning,2024-05-21
CUS106185,46,Other,Pune,Returning,2024-06-15
CUS100938,52,Female,Hyderabad,Returning,2024-03-12
CUS100060,60,Female,Mumbai,New,2024-07-27
CUS101240,22,Other,Mumbai,New,2024-04-21
CUS105760,31,Male,Kolkata,Loyal,2024-07-08
CUS105136,39,Female,Kolkata,Loyal,2024-04-17
CUS106851,22,Male,Ahmedabad,New,2023-03-01
CUS102120,62,Male,Kolkata,Returning,2023-07-28
CUS101524,54,Male,Kolkata,Loyal,2023-01-04
CUS100153,53,Female,Hyderabad,New,2024-06-29
CUS106344,63,Female,Chennai,New,2024-02-21
CUS100481,30,Female,Mumbai,New,2024-06-11
CUS106122,30,Other,Hyderabad,Loyal,2023-11-17
CUS104460,31,Female,Chennai,New,2024-02-20
CUS103920,27,Female,Pune,Loyal,2024-10-26
CUS101762,54,Female,Ahmedabad,New,2025-02-23
CUS100750,35,Male,Pune,Returning,2025-02-22
CUS101785,19,Male,Delhi,Returning,2023-09-15
CUS106817,60,Female,Pune,Returning,2024-05-19
CUS106212,31,Female,Ahmedabad,New,2023-06-21
CUS104501,58,Male,Ahmedabad,Returning,2024-07-07
CUS104853,33,Male,Ahmedabad,New,2023-12-24
CUS102711,26,Female,Ahmedabad,New,2025-05-22
CUS106631,28,Female,Kolkata,Returning,2024-03-25
CUS104193,40,Female,Chennai,Loyal,2024-12-21
CUS101333,46,Male,Kolkata,Returning,2023-12-13
CUS107303,52,Female,Mumbai,Loyal,2024-07-09
CUS102854,26,Female,Bengaluru,Returning,2023-07-22
CUS100186,20,Female,Ahmedabad,High Value,2024-12-28
CUS101136,39,Male,Delhi,Loyal,2025-06-18
CUS102058,40,Male,Kolkata,New,2023-12-26
CUS106874,49,Female,Mumbai,Loyal,2024-07-11
CUS106868,45,Female,Bengaluru,Returning,2024-09-25
CUS100148,25,Female,Ahmedabad,Returning,2025-05-28
CUS104124,43,Male,Delhi,High Value,2023-06-29
CUS104889,21,Female,Ahmedabad,New,2025-03-14
CUS106643,19,Female,Kolkata,Loyal,2023-07-30
CUS103363,39,Female,Delhi,New,2023-03-13
CUS104788,62,Male,Hyderabad,Returning,2024-02-27
CUS102866,19,Female,Delhi,Loyal,2023-09-19
CUS103776,58,Female,Ahmedabad,Loyal,2025-03-01
CUS101386,32,Female,Bengaluru,New,2025-02-21
CUS105941,64,Male,Mumbai,New,2025-03-31
CUS107750,63,Female,Chennai,Returning,2024-01-23
CUS106782,55,Female,Hyderabad,New,2024-08-31
CUS105695,63,Male,Pune,New,2024-02-13
CUS103629,38,Male,Kolkata,New,2023-11-22
CUS107378,37,Other,Bengaluru,New,2025-02-20
CUS104797,29,Male,Ahmedabad,New,2024-05-29
CUS103028,42,Female,Pune,High Value,2024-04-14
CUS102969,39,Female,Hyderabad,Returning,2023-03-10
CUS107130,50,Male,Delhi,New,2025-05-03
CUS101708,18,Female,Mumbai,High Value,2023-05-08
CUS102953,31,Male,Bengaluru,New,2023-11-25
CUS100454,57,Female,Chennai,New,2023-07-27
CUS106136,47,Female,Kolkata,New,2025-05-30
CUS106855,25,Female,Pune,Returning,2023-05-02
CUS106411,52,Female,Pune,Loyal,2023-11-17
CUS100609,22,Male,Pune,New,2024-11-25
CUS104263,39,Male,Pune,Loyal,2024-04-23
CUS104826,40,Female,Mumbai,New,2024-03-14
CUS107626,46,Male,Mumbai,High Value,2023-04-23
CUS102074,21,Other,Mumbai,Returning,2024-05-17
CUS104052,40,Female,Mumbai,Returning,2025-06-03
CUS101622,28,Male,Kolkata,High Value,2024-12-31
CUS104683,22,Female,Ahmedabad,High Value,2023-08-25
CUS105497,22,Female,Ahmedabad,Loyal,2025-01-01
CUS105796,39,Female,Bengaluru,New,2023-02-04
CUS107188,24,Female,Chennai,New,2023-08-03
CUS100040,18,Female,Hyderabad,Loyal,2024-04-29
CUS105475,43,Male,Ahmedabad,Returning,2023-07-15
CUS102089,47,Female,Hyderabad,Loyal,2024-05-09
CUS103924,55,Female,Mumbai,New,2023-06-06
CUS102175,27,Female,Delhi,Loyal,2024-12-20
CUS100074,32,Male,Pune,New,2024-09-08
CUS106845,51,Male,Hyderabad,New,2023-10-22
CUS102657,43,Female,Pune,Returning,2024-01-07
CUS103180,28,Male,Delhi,Returning,2025-02-22
CUS102076,54,Male,Kolkata,New,2023-08-24
CUS100441,52,Male,Ahmedabad,New,2023-02-24
CUS102051,40,Female,Chennai,New,2024-04-11
CUS102541,28,Female,Mumbai,New,2023-01-09
CUS101301,39,Male,Delhi,Returning,2023-04-26
CUS107543,56,Female,Ahmedabad,New,2024-10-04
CUS103430,32,Female,Ahmedabad,High Value,2023-09-15
CUS101304,26,Male,Chennai,Loyal,2023-10-21
CUS100236,52,Male,Bengaluru,Returning,2023-08-31
CUS106834,24,Male,Pune,Returning,2024-06-19
CUS102599,53,Male,Hyderabad,Returning,2023-11-11
CUS104616,21,Male,Kolkata,New,2023-11-21
CUS102573,42,Female,Delhi,Returning,2023-02-24
CUS103280,18,Female,Mumbai,High Value,2023-04-02
CUS103186,34,Male,Hyderabad,Returning,2024-09-08
CUS103953,24,Female,Hyderabad,High Value,2025-02-15
CUS102768,53,Male,Ahmedabad,Returning,2023-04-07
CUS104831,34,Male,Delhi,New,2024-08-15
CUS104223,38,Female,Mumbai,High Value,2023-10-10
CUS102106,54,Male,Kolkata,New,2025-03-13
CUS102679,44,Male,Delhi,New,2024-12-10
CUS102761,41,Female,Ahmedabad,High Value,2024-05-30
CUS104688,40,Female,Ahmedabad,New,2025-01-04
CUS105399,33,Female,Delhi,Returning,2023-10-01
CUS101387,50,Female,Chennai,High Value,2024-04-30
CUS107424,25,Male,Chennai,Returning,2024-03-10
CUS106596,54,Female,Ahmedabad,Loyal,2024-11-13
CUS107055,51,Male,Ahmedabad,New,2025-02-20
CUS107907,23,Female,Chennai,High Value,2024-12-15
CUS105000,61,Other,Ahmedabad,Loyal,2023-08-27
CUS105853,47,Female,Kolkata,New,2023-02-18
CUS101279,28,Male,Kolkata,New,2024-01-16
CUS107321,27,Other,Pune,New,2024-03-25
CUS106404,19,Female,Chennai,Returning,2024-06-27
CUS101555,19,Male,Delhi,New,2023-07-13
CUS107418,46,Female,Mumbai,Returning,2025-01-02
CUS103190,56,Female,Chennai,Returning,2023-02-14
CUS104566,60,Male,Bengaluru,High Value,2023-04-29
CUS104802,58,Female,Pune,Loyal,2025-01-17
CUS107695,25,Female,Delhi,Returning,2024-02-21
CUS104841,56,Male,Pune,Returning,2024-07-09
CUS103594,57,Male,Hyderabad,Loyal,2023-05-07
CUS106035,62,Female,Pune,Returning,2023-09-21
CUS101920,55,Male,Kolkata,New,2024-09-21
CUS100513,18,Male,Ahmedabad,New,2023-07-26
CUS104177,31,Male,Chennai,Loyal,2023-03-15
CUS101308,63,Male,Chennai,New,2023-09-06
CUS105667,25,Male,Delhi,Returning,2024-11-30
CUS100914,54,Female,Pune,New,2023-08-02
CUS103452,51,Male,Kolkata,Returning,2025-01-01
CUS103695,20,Male,Bengaluru,Returning,2025-05-18
CUS104242,51,Female,Delhi,High Value,2025-03-02
CUS103156,63,Male,Ahmedabad,Returning,2023-10-17
CUS102198,65,Female,Hyderabad,New,2025-02-11
CUS100774,23,Male,Hyderabad,Returning,2024-03-24
CUS104425,58,Male,Delhi,Returning,2024-06-15
CUS106150,45,Female,Delhi,Loyal,2024-03-01
CUS106097,55,Female,Pune,Returning,2024-05-19
CUS100943,46,Male,Hyderabad,Returning,2023-05-18
CUS100822,52,Male,Bengaluru,New,2024-07-02
CUS105005,54,Male,Mumbai,New,2023-12-02
CUS104277,53,Female,Pune,High Value,2023-05-19
CUS100164,60,Male,Bengaluru,New,2023-03-08
CUS105619,36,Female,Delhi,Returning,2025-04-21
CUS104547,19,Female,Mumbai,New,2023-01-21
CUS103983,48,Male,Mumbai,New,2023-10-08
CUS102538,38,Male,Delhi,New,2025-01-18
CUS107818,53,Female,Bengaluru,High Value,2023-04-11
CUS101311,27,Female,Hyderabad,Returning,2024-05-01
CUS105207,21,Female,Bengaluru,Loyal,2024-01-25
CUS107460,42,Female,Chennai,Loyal,2023-07-14
CUS105383,23,Male,Kolkata,High Value,2023-08-31
CUS106836,50,Female,Pune,Loyal,2024-06-12
CUS107609,53,Female,Hyderabad,Returning,2023-03-28
CUS103300,63,Female,Delhi,New,2023-12-30
CUS103310,26,Female,Delhi,Returning,2024-10-25
CUS100327,59,Male,Chennai,Returning,2025-01-17
CUS105886,61,Male,Kolkata,Loyal,2023-10-07
CUS102490,56,Male,Hyderabad,Returning,2025-02-20
CUS107717,25,Male,Hyderabad,Loyal,2024-08-17
CUS106103,33,Other,Mumbai,High Value,2024-08-08
CUS105954,58,Female,Pune,High Value,2025-03-04
CUS107685,28,Male,Ahmedabad,Returning,2024-07-07
CUS104408,59,Male,Hyderabad,New,2025-06-01
CUS100832,18,Male,Mumbai,Loyal,2023-08-09
CUS103079,19,Female,Hyderabad,Loyal,2023-03-05
CUS103462,62,Male,Kolkata,New,2024-12-08
CUS105297,24,Male,Pune,Loyal,2023-08-24
CUS107189,42,Male,Bengaluru,New,2025-03-15
CUS100054,47,Male,Ahmedabad,Returning,2024-10-08
CUS106230,59,Male,Delhi,New,2023-10-12
CUS104064,48,Female,Kolkata,Returning,2024-10-08
CUS103451,24,Female,Hyderabad,New,2025-05-30
CUS106305,22,Female,Bengaluru,Returning,2023-05-18
CUS101901,20,Female,Pune,New,2024-10-31
CUS101481,35,Female,Delhi,Loyal,2024-04-19
CUS104873,49,Other,Delhi,Returning,2025-01-15
CUS104895,44,Female,Delhi,Loyal,2024-11-30
CUS104150,24,Female,Delhi,High Value,2025-01-23
CUS103335,39,Male,Kolkata,Loyal,2024-08-13
CUS106016,25,Male,Kolkata,Returning,2023-12-10
CUS104926,31,Male,Hyderabad,Loyal,2023-03-08
CUS100946,47,Female,Delhi,Returning,2024-12-01
CUS105797,18,Female,Kolkata,New,2024-04-21
CUS103293,57,Female,Delhi,New,2024-07-11
CUS102161,27,Female,Hyderabad,Returning,2023-01-03
CUS107934,59,Female,Ahmedabad,Returning,2025-03-11
CUS105083,23,Female,Hyderabad,High Value,2023-11-20
CUS106940,31,Female,Chennai,New,2024-12-20
CUS103057,30,Female,Chennai,New,2023-08-10
CUS105490,58,Female,Chennai,Loyal,2024-08-21
CUS100768,43,Male,Chennai,Loyal,2023-03-13
CUS107712,47,Female,Delhi,Returning,2024-01-25
CUS103495,54,Female,Mumbai,Returning,2023-09-27
CUS100285,18,Male,Mumbai,Returning,2024-01-27
CUS104524,47,Male,Chennai,New,2025-02-15
CUS107297,21,Female,Kolkata,Loyal,2024-12-13
CUS102332,28,Male,Delhi,Loyal,2024-03-11
CUS102717,21,Female,Bengaluru,Returning,2023-03-30
CUS102079,59,Male,Delhi,Loyal,2025-03-01
CUS103389,53,Female,Kolkata,High Value,2023-08-29
CUS100722,39,Male,Mumbai,New,2023-10-04
CUS100951,26,Female,Pune,Loyal,2024-07-17
CUS107148,34,Female,Delhi,New,2023-09-07
CUS102262,22,Female,Delhi,New,2023-01-21
CUS100989,38,Female,Mumbai,New,2023-03-09
CUS103212,41,Female,Pune,New,2023-06-30
CUS101759,64,Other,Hyderabad,New,2024-08-20
CUS106734,40,Male,Mumbai,Returning,2024-11-27
CUS104422,19,Female,Pune,Returning,2025-04-28
CUS105479,23,Female,Kolkata,Returning,2024-07-31
CUS101724,26,Male,Mumbai,Returning,2024-01-13
CUS105182,29,Female,Chennai,New,2024-06-06
CUS107338,53,Male,Bengaluru,Returning,2025-04-11
CUS100341,65,Female,Chennai,New,2025-01-17
CUS103701,46,Female,Chennai,New,2025-03-08
CUS104243,37,Male,Bengaluru,Returning,2023-09-02
CUS100688,21,Male,Hyderabad,High Value,2023-09-17
CUS103432,23,Female,Ahmedabad,High Value,2024-03-20
CUS105203,26,Female,Kolkata,Loyal,2023-02-19
CUS104944,41,Female,Bengaluru,Returning,2024-05-07
CUS100966,39,Male,Hyderabad,Returning,2024-07-20
CUS107744,52,Female,Kolkata,New,2024-12-27
CUS107414,32,Female,Kolkata,Returning,2024-12-23
CUS102203,22,Male,Chennai,High Value,2024-06-29
CUS102713,49,Female,Bengaluru,New,2023-10-20
CUS104757,19,Female,Ahmedabad,New,2024-09-07
CUS105098,56,Female,Pune,Loyal,2024-01-08
CUS107228,52,Male,Hyderabad,Returning,2023-09-06
CUS107504,27,Male,Chennai,High Value,2024-08-23
CUS107231,18,Female,Ahmedabad,New,2025-02-10
CUS105280,47,Female,Delhi,New,2024-09-25
CUS105975,25,Male,Ahmedabad,New,2025-02-15
CUS103572,33,Female,Mumbai,New,2025-02-26
CUS104805,57,Female,Chennai,Returning,2023-08-02
CUS105299,31,Other,Pune,High Value,2024-02-17
CUS101990,38,Male,Mumbai,High Value,2023-05-03
CUS104120,38,Male,Kolkata,New,2024-04-12
CUS104759,52,Male,Bengaluru,New,2025-06-07
CUS106727,43,Female,Kolkata,Returning,2025-02-15
CUS105298,45,Female,Kolkata,Returning,2024-12-25
CUS107171,25,Male,Ahmedabad,New,2025-01-05
CUS104971,24,Male,Chennai,Returning,2025-04-04
CUS107772,44,Male,Ahmedabad,Returning,2024-01-17
CUS105034,27,Male,Delhi,Loyal,2024-10-13
CUS103600,33,Male,Mumbai,New,2024-04-05
CUS106490,51,Male,Chennai,High Value,2023-02-04
CUS107486,55,Female,Ahmedabad,New,2024-09-28
CUS106758,55,Female,Pune,Returning,2024-02-05
CUS100385,23,Male,Pune,High Value,2023-04-10
CUS107159,41,Female,Ahmedabad,New,2024-08-15
CUS107488,19,Male,Chennai,Returning,2024-12-26
CUS100536,56,Female,Kolkata,New,2025-01-15
CUS106387,45,Female,Chennai,Loyal,2023-10-06
CUS107653,40,Male,Bengaluru,Loyal,2024-09-26
CUS105032,40,Male,Mumbai,Loyal,2024-05-04
CUS104212,34,Female,Mumbai,New,2023-06-06
CUS106456,28,Male,Kolkata,New,2025-03-22
CUS103507,32,Other,Ahmedabad,New,2023-08-22
CUS100201,53,Male,Hyderabad,Returning,2023-10-11
CUS101332,62,Male,Kolkata,New,2024-07-23
CUS103502,25,Female,Bengaluru,High Value,2023-02-11
CUS102708,64,Female,Pune,Loyal,2023-06-23
CUS106030,19,Female,Bengaluru,Returning,2024-09-09
CUS105031,41,Female,Ahmedabad,Returning,2023-04-10
CUS106514,41,Male,Mumbai,Returning,2024-08-31
CUS104662,60,Male,Hyderabad,Loyal,2024-12-21
CUS104021,44,Male,Delhi,Loyal,2024-02-22
CUS101854,56,Female,Mumbai,New,2025-05-17
CUS107332,29,Female,Hyderabad,New,2025-05-26
CUS102872,52,Male,Pune,Returning,2025-04-05
CUS103030,18,Female,Pune,High Value,2023-09-20
CUS101205,57,Male,Pune,Returning,2024-12-24
CUS106563,48,Female,Delhi,Loyal,2025-06-07
CUS101645,47,Female,Delhi,New,2023-06-07
CUS103417,36,Male,Mumbai,New,2023-06-22
CUS103476,25,Female,Kolkata,Returning,2024-05-10
CUS106898,40,Female,Ahmedabad,Returning,2025-03-20
CUS102861,32,Male,Ahmedabad,High Value,2023-09-06
CUS101792,57,Female,Chennai,New,2023-08-02
CUS105526,59,Male,Chennai,Loyal,2023-05-28
CUS103797,38,Male,Delhi,New,2025-03-24
CUS103368,44,Female,Mumbai,High Value,2023-01-12
CUS103367,27,Female,Kolkata,New,2023-06-23
CUS103533,43,Male,Delhi,New,2024-05-31
CUS107196,54,Female,Delhi,High Value,2024-11-23
CUS105109,40,Male,Hyderabad,Loyal,2024-03-09
CUS106024,31,Female,Bengaluru,Returning,2024-10-08
CUS103449,44,Female,Chennai,Returning,2023-11-30
CUS100603,56,Female,Bengaluru,New,2023-08-25
CUS103056,64,Male,Pune,Returning,2024-12-10
CUS107137,61,Female,Ahmedabad,New,2024-05-19
CUS100126,42,Female,Ahmedabad,Loyal,2023-10-14
CUS103876,25,Female,Ahmedabad,Loyal,2023-11-29
CUS102935,24,Female,Kolkata,Loyal,2023-07-01
CUS105443,51,Female,Kolkata,Loyal,2023-10-25
CUS104451,63,Male,Ahmedabad,Loyal,2024-09-04
CUS103531,33,Female,Bengaluru,High Value,2024-05-18
CUS102730,28,Female,Mumbai,New,2023-12-20
CUS100827,25,Female,Hyderabad,New,2024-11-13
CUS101639,25,Male,Mumbai,Loyal,2023-03-22
CUS100984,46,Male,Chennai,Loyal,2023-01-02
CUS103281,55,Female,Bengaluru,New,2024-04-08
CUS102188,24,Female,Bengaluru,Returning,2023-05-09
CUS107556,18,Male,Mumbai,Loyal,2024-08-02
CUS102443,26,Female,Hyderabad,New,2023-02-08
CUS100362,62,Male,Pune,Returning,2024-04-28
CUS102349,32,Female,Chennai,Loyal,2024-08-03
CUS100345,57,Female,Chennai,New,2023-12-29
CUS100814,24,Female,Ahmedabad,Returning,2024-12-20
CUS106166,25,Other,Hyderabad,Returning,2024-08-25
CUS104807,26,Female,Pune,High Value,2024-01-10
CUS103205,54,Female,Chennai,Returning,2023-04-24
CUS106810,28,Male,Pune,Returning,2023-08-03
CUS107856,65,Male,Chennai,New,2023-11-15
CUS105961,43,Male,Mumbai,New,2024-04-06
CUS103325,60,Male,Ahmedabad,Returning,2024-07-24
CUS104106,59,Female,Pune,Loyal,2025-06-08
CUS107741,35,Female,Pune,New,2024-09-25
CUS102116,28,Female,Bengaluru,Loyal,2024-07-30
CUS101834,37,Male,Mumbai,New,2025-03-09
CUS100793,63,Male,Delhi,Loyal,2024-09-27
CUS102674,19,Female,Kolkata,Returning,2024-07-17
CUS100094,18,Female,Bengaluru,Returning,2024-09-04
CUS104225,57,Male,Bengaluru,High Value,2025-06-12
CUS103756,24,Female,Chennai,New,2025-01-14
CUS102891,62,Female,Bengaluru,High Value,2025-04-12
CUS102371,20,Female,Kolkata,New,2023-03-09
CUS107071,37,Female,Bengaluru,New,2023-12-25
CUS106789,41,Other,Delhi,Loyal,2024-11-10
CUS107272,34,Female,Mumbai,New,2025-05-25
CUS103228,56,Other,Kolkata,Loyal,2024-12-26
CUS106158,31,Female,Kolkata,New,2024-07-06
CUS106359,40,Male,Chennai,Returning,2024-06-28
CUS105996,56,Female,Mumbai,Returning,2023-01-21
CUS107000,60,Female,Mumbai,High Value,2023-06-18
CUS107312,62,Male,Delhi,New,2023-11-12
CUS106028,31,Male,Kolkata,High Value,2023-02-06
CUS102853,53,Female,Bengaluru,Returning,2025-03-02
CUS107591,21,Male,Delhi,New,2024-04-04
CUS102912,24,Male,Hyderabad,Loyal,2023-04-16
CUS101865,23,Female,Mumbai,Loyal,2023-05-21
CUS105754,21,Male,Ahmedabad,New,2023-10-18
CUS104612,60,Female,Ahmedabad,Loyal,2025-02-08
CUS101857,52,Male,Pune,Returning,2023-07-10
CUS102645,65,Male,Bengaluru,Returning,2024-07-13
CUS102243,48,Male,Hyderabad,New,2024-12-01
CUS105373,50,Male,Delhi,Loyal,2023-06-20
CUS102336,47,Male,Kolkata,New,2024-02-18
CUS100950,44,Male,Ahmedabad,Loyal,2023-02-23
CUS103068,59,Male,Ahmedabad,New,2023-06-05
CUS101120,35,Male,Kolkata,New,2024-04-24
CUS102597,54,Male,Hyderabad,Loyal,2024-01-10
CUS102204,37,Male,Mumbai,Returning,2024-01-13
CUS100419,58,Female,Delhi,New,2023-02-05
CUS100922,37,Male,Mumbai,High Value,2024-04-16
CUS101254,44,Female,Hyderabad,Returning,2023-01-25
CUS100477,55,Female,Bengaluru,Returning,2024-07-04
CUS102035,41,Female,Kolkata,Returning,2024-09-27
CUS107550,39,Female,Bengaluru,New,2024-02-15
CUS105788,53,Male,Hyderabad,Returning,2023-12-25
CUS105742,65,Male,Chennai,Returning,2025-03-03
CUS105567,56,Female,Mumbai,New,2025-05-22
CUS106697,62,Female,Kolkata,Loyal,2023-05-28
CUS101202,33,Female,Ahmedabad,New,2023-10-30
CUS106534,55,Female,Mumbai,New,2024-07-12
CUS102626,25,Female,Chennai,Loyal,2024-11-08
CUS105765,49,Female,Hyderabad,New,2023-12-01
CUS107889,59,Male,Kolkata,Loyal,2023-09-15
CUS101970,58,Female,Ahmedabad,Returning,2024-05-26
CUS103110,38,Female,Hyderabad,Returning,2023-08-02
CUS104018,63,Male,Bengaluru,Returning,2023-01-28
CUS102151,28,Male,Pune,New,2025-06-16
CUS103687,18,Male,Mumbai,Loyal,2025-04-10
CUS104916,59,Male,Kolkata,Loyal,2025-03-26
CUS101997,57,Female,Delhi,Loyal,2024-03-06
CUS104033,19,Male,Mumbai,Loyal,2024-03-23
CUS103054,65,Female,Bengaluru,Returning,2023-09-01
CUS101248,19,Female,Mumbai,Loyal,2023-03-16
CUS102192,49,Female,Mumbai,Loyal,2023-05-06
CUS102712,30,Female,Bengaluru,Returning,2023-03-04
CUS100992,37,Female,Ahmedabad,New,2025-03-08
CUS102190,25,Female,Bengaluru,Loyal,2023-08-31
CUS104670,60,Female,Mumbai,Returning,2023-01-07
CUS105142,50,Female,Ahmedabad,Returning,2024-05-10
CUS105984,19,Female,Mumbai,Loyal,2024-08-08
CUS106565,43,Male,Hyderabad,Returning,2025-02-11
CUS103762,22,Male,Kolkata,Returning,2024-06-06
CUS103597,45,Male,Delhi,New,2024-04-30
CUS104711,22,Male,Ahmedabad,Returning,2024-07-19
CUS101318,30,Female,Delhi,New,2024-09-09
CUS101863,27,Female,Chennai,New,2024-03-14
CUS102343,36,Female,Hyderabad,Returning,2023-04-17
CUS102449,23,Male,Chennai,New,2024-12-19
CUS102136,18,Male,Kolkata,Returning,2024-05-10
CUS101065,39,Female,Hyderabad,Returning,2023-05-05
CUS105868,36,Female,Pune,New,2023-03-14
CUS104227,53,Other,Hyderabad,New,2023-06-15
CUS102621,29,Male,Bengaluru,Loyal,2023-04-10
CUS100077,58,Female,Delhi,Loyal,2023-09-26
CUS102898,44,Male,Chennai,New,2023-03-14
CUS106148,61,Female,Kolkata,New,2025-05-21
CUS104820,62,Male,Pune,New,2024-02-27
CUS101314,40,Male,Bengaluru,Loyal,2024-08-23
CUS105947,64,Male,Delhi,Returning,2024-07-09
CUS107163,56,Female,Kolkata,New,2024-03-25
CUS100872,21,Male,Ahmedabad,New,2024-02-06
CUS103850,18,Male,Kolkata,Returning,2024-01-04
CUS105468,45,Male,Kolkata,Returning,2023-10-04
CUS105951,54,Male,Delhi,New,2023-05-02
CUS107840,53,Female,Delhi,Returning,2024-09-06
CUS102965,18,Female,Chennai,Returning,2023-01-05
CUS103391,60,Female,Bengaluru,Returning,2024-01-03
CUS105415,56,Male,Delhi,Returning,2024-01-11
CUS102560,52,Male,Pune,New,2023-12-05
CUS102635,31,Male,Delhi,New,2023-01-29
CUS105256,43,Male,Bengaluru,Loyal,2023-03-12
CUS103530,22,Male,Hyderabad,New,2024-05-04
CUS100375,21,Female,Chennai,Returning,2025-02-13
CUS101908,61,Female,Delhi,Returning,2023-07-30
CUS104429,60,Female,Kolkata,New,2023-04-06
CUS107095,47,Female,Mumbai,Loyal,2024-02-29
CUS107174,56,Female,Pune,New,2025-01-19
CUS104027,63,Male,Ahmedabad,New,2024-02-06
CUS106461,63,Male,Kolkata,New,2024-04-11
CUS101604,42,Female,Pune,Loyal,2025-06-18
CUS101118,45,Male,Pune,New,2024-08-17
CUS103677,24,Female,Kolkata,Loyal,2024-09-04
CUS103490,51,Female,Kolkata,New,2024-02-14
CUS107967,58,Female,Mumbai,New,2024-01-28
CUS106039,42,Male,Kolkata,Loyal,2023-10-31
CUS102958,32,Female,Delhi,New,2024-02-05
CUS101994,45,Male,Mumbai,New,2023-06-30
CUS107128,33,Male,Bengaluru,Returning,2023-09-07
CUS102376,54,Male,Ahmedabad,New,2025-04-06
CUS107510,37,Female,Ahmedabad,New,2024-07-10
CUS101342,22,Female,Ahmedabad,Returning,2023-09-11
CUS100320,59,Female,Mumbai,Loyal,2024-01-13
CUS101619,23,Female,Chennai,Returning,2025-01-10
CUS103713,30,Female,Chennai,New,2024-11-29
CUS107507,46,Male,Chennai,New,2024-05-06
CUS102060,41,Male,Mumbai,High Value,2025-03-11
CUS102219,56,Male,Bengaluru,New,2023-12-22
CUS101673,49,Female,Pune,New,2023-11-03
CUS106038,38,Male,Chennai,New,2025-03-28
CUS100260,43,Male,Kolkata,Returning,2025-06-09
CUS107243,31,Female,Pune,High Value,2023-10-22
CUS102039,59,Female,Chennai,New,2023-03-09
CUS104785,45,Female,Ahmedabad,Loyal,2025-02-02
CUS100901,47,Female,Bengaluru,New,2025-05-25
CUS103744,41,Male,Mumbai,Returning,2025-03-31
CUS106402,40,Male,Kolkata,New,2024-08-07
CUS102026,59,Female,Delhi,Returning,2023-08-18
CUS104234,37,Female,Kolkata,Loyal,2023-03-10
CUS101917,34,Female,Mumbai,New,2024-05-28
CUS101828,24,Female,Delhi,New,2024-04-22
CUS101573,35,Female,Kolkata,New,2023-09-07
CUS104415,26,Male,Bengaluru,High Value,2024-12-11
CUS104749,39,Male,Mumbai,Returning,2025-05-08
CUS106233,25,Female,Pune,New,2024-01-14
CUS107197,52,Female,Pune,New,2023-12-25
CUS104654,49,Female,Chennai,New,2024-05-10
CUS106283,26,Male,Bengaluru,High Value,2023-04-25
CUS104208,30,Female,Pune,Returning,2025-01-10
CUS104627,33,Male,Delhi,Loyal,2025-04-17
CUS100224,47,Male,Delhi,High Value,2023-12-10
CUS100723,30,Female,Chennai,Returning,2023-03-15
CUS107457,56,Male,Ahmedabad,Loyal,2023-07-27
CUS101141,25,Male,Bengaluru,New,2024-11-20
CUS105529,52,Male,Pune,New,2023-03-13
CUS106469,56,Female,Bengaluru,High Value,2023-11-07
CUS105764,31,Female,Hyderabad,Loyal,2023-04-05
CUS107314,22,Male,Pune,New,2024-03-05
CUS105554,59,Female,Delhi,Loyal,2023-08-21
CUS107780,64,Male,Delhi,New,2023-06-14
CUS102762,44,Female,Bengaluru,Loyal,2025-04-24
CUS100846,35,Male,Pune,Loyal,2024-02-19
CUS104289,31,Female,Bengaluru,High Value,2023-09-27
CUS105560,33,Other,Kolkata,Loyal,2025-06-03
CUS106717,24,Male,Mumbai,Loyal,2024-06-28
CUS105042,56,Male,Hyderabad,High Value,2024-01-20
CUS106117,63,Female,Chennai,New,2024-01-01
CUS102551,44,Female,Kolkata,Returning,2023-06-21
CUS105725,43,Male,Pune,High Value,2024-09-14
CUS102928,27,Female,Pune,Returning,2023-02-06
CUS100117,65,Male,Chennai,New,2024-03-20
CUS100645,55,Female,Pune,Returning,2025-01-16
CUS105966,46,Female,Mumbai,Returning,2025-05-01
CUS100003,44,Female,Hyderabad,Loyal,2024-03-19
CUS104170,25,Female,Mumbai,Loyal,2024-08-20
CUS105851,56,Female,Mumbai,Loyal,2024-04-02
CUS100467,58,Female,Mumbai,Returning,2023-02-10
CUS100005,58,Male,Mumbai,Returning,2024-02-01
CUS105342,26,Female,Pune,Loyal,2024-08-26
CUS100919,31,Male,Hyderabad,New,2024-07-29
CUS102595,38,Female,Delhi,Loyal,2024-04-19
CUS104324,19,Male,Hyderabad,New,2023-09-11
CUS101063,47,Female,Pune,New,2023-10-19
CUS102590,24,Male,Delhi,Returning,2024-10-06
CUS100242,44,Female,Hyderabad,New,2023-12-18
CUS107138,41,Female,Chennai,New,2025-02-16
CUS101160,28,Female,Chennai,Loyal,2023-07-24
CUS102870,36,Male,Ahmedabad,Loyal,2023-11-10
CUS103735,32,Male,Chennai,New,2024-06-05
CUS107501,22,Female,Delhi,New,2023-02-14
CUS102397,43,Female,Kolkata,Loyal,2024-10-31
CUS103517,18,Male,Mumbai,High Value,2023-08-05
CUS103421,43,Male,Chennai,New,2023-12-02
CUS102563,41,Male,Kolkata,Returning,2024-01-10
CUS106767,62,Female,Hyderabad,Returning,2025-03-06
CUS105622,43,Male,Chennai,New,2023-08-22
CUS101605,41,Female,Mumbai,New,2023-01-28
CUS107903,58,Male,Mumbai,Returning,2023-11-12
CUS102324,36,Female,Hyderabad,Loyal,2024-04-02
CUS102709,33,Female,Pune,New,2024-10-17
CUS107207,36,Male,Kolkata,New,2023-01-31
CUS101312,47,Male,Kolkata,New,2024-04-29
CUS103448,39,Female,Bengaluru,Returning,2023-04-21
CUS103812,20,Female,Chennai,New,2023-07-30
CUS106085,37,Female,Chennai,New,2024-03-17
CUS107628,41,Male,Chennai,New,2024-07-16
CUS102362,39,Female,Mumbai,New,2024-01-25
CUS101975,40,Male,Mumbai,Loyal,2024-06-03
CUS103514,47,Female,Pune,Loyal,2023-05-26
CUS101761,51,Female,Bengaluru,New,2023-10-20
CUS105401,61,Male,Hyderabad,Returning,2024-05-29
CUS102739,60,Female,Delhi,Returning,2025-05-06
CUS105637,50,Female,Chennai,New,2023-07-03
CUS107638,48,Male,Kolkata,High Value,2023-11-30
CUS102472,63,Male,Pune,Returning,2024-10-21
CUS106738,51,Male,Bengaluru,Loyal,2024-09-26
CUS106891,21,Male,Pune,New,2025-05-29
CUS104007,29,Female,Kolkata,Returning,2023-09-21
CUS104718,45,Male,Delhi,New,2023-10-25
CUS106177,48,Female,Chennai,Returning,2024-06-12
CUS101493,36,Male,Kolkata,High Value,2024-09-03
CUS104206,31,Female,Bengaluru,New,2025-05-07
CUS106371,56,Female,Pune,New,2024-03-15
CUS102158,60,Female,Kolkata,New,2024-07-05
CUS101169,38,Female,Kolkata,Loyal,2025-01-09
CUS100232,55,Male,Pune,High Value,2023-06-29
CUS100066,43,Female,Mumbai,High Value,2023-11-19
CUS101603,56,Female,Mumbai,New,2023-07-22
CUS106168,37,Female,Delhi,New,2024-03-10
CUS103283,64,Male,Ahmedabad,Loyal,2023-05-30
CUS103596,44,Female,Kolkata,New,2024-10-11
CUS106288,22,Female,Pune,Returning,2024-05-25
CUS104632,40,Male,Ahmedabad,New,2024-03-03
CUS100125,61,Male,Kolkata,New,2024-05-20
CUS106229,33,Female,Mumbai,Returning,2024-09-05
CUS105350,58,Female,Bengaluru,New,2025-02-22
CUS101296,58,Female,Hyderabad,New,2024-09-12
CUS101976,56,Female,Mumbai,Loyal,2025-05-17
CUS107409,52,Male,Delhi,Returning,2023-12-14
CUS107351,26,Male,Chennai,New,2023-11-30
CUS102075,58,Male,Kolkata,New,2024-08-14
CUS104580,24,Female,Kolkata,New,2024-08-05
CUS105750,47,Male,Delhi,New,2025-05-03
CUS107745,53,Male,Chennai,Returning,2023-04-06
CUS103086,40,Female,Hyderabad,Loyal,2025-06-10
CUS107287,41,Male,Mumbai,Returning,2025-05-26
CUS106882,46,Female,Kolkata,Returning,2025-03-13
CUS107154,35,Male,Mumbai,Loyal,2024-09-24
CUS103345,59,Male,Mumbai,New,2024-11-27
CUS107325,23,Female,Delhi,Loyal,2024-08-16
CUS105870,51,Female,Bengaluru,Returning,2023-07-08
CUS106506,57,Female,Pune,New,2023-12-28
CUS102797,29,Female,Chennai,High Value,2025-01-14
CUS100918,31,Male,Chennai,Returning,2023-10-07
CUS101646,24,Female,Bengaluru,New,2025-05-25
CUS105122,28,Male,Pune,Returning,2023-10-15
CUS105126,51,Other,Hyderabad,Returning,2024-01-29
CUS104978,48,Male,Delhi,New,2024-03-14
CUS105431,56,Male,Mumbai,New,2024-10-29
CUS106842,43,Male,Delhi,New,2023-08-15
CUS104621,36,Female,Hyderabad,New,2024-01-22
CUS106809,26,Other,Pune,New,2023-01-31
CUS100364,24,Female,Chennai,New,2023-05-26
CUS103287,24,Male,Delhi,New,2023-08-11
CUS102125,50,Female,Bengaluru,Returning,2024-11-24
CUS104123,50,Female,Ahmedabad,New,2024-09-10
CUS104569,65,Male,Bengaluru,New,2024-06-25
CUS100525,60,Female,Mumbai,New,2024-09-29
CUS104821,25,Male,Ahmedabad,Loyal,2025-04-26
CUS100055,20,Other,Delhi,New,2024-08-17
CUS100638,37,Female,Pune,Loyal,2025-02-10
CUS100302,34,Male,Kolkata,New,2025-03-24
CUS102766,55,Male,Chennai,New,2025-03-19
CUS105811,34,Female,Delhi,Returning,2025-03-16
CUS101276,37,Male,Delhi,Returning,2024-11-17
CUS107747,25,Female,Kolkata,Returning,2024-05-18
CUS104720,23,Other,Hyderabad,Returning,2024-01-05
CUS102055,18,Male,Pune,New,2023-09-26
CUS105376,32,Female,Kolkata,Returning,2023-11-16
CUS106947,20,Female,Pune,Loyal,2023-11-11
CUS105145,52,Male,Kolkata,High Value,2023-09-23
CUS104432,61,Female,Mumbai,Returning,2023-02-21
CUS103644,31,Male,Pune,New,2024-08-24
CUS104143,57,Female,Delhi,Loyal,2024-11-30
CUS102878,22,Male,Delhi,New,2024-07-13
CUS104202,57,Male,Mumbai,New,2024-05-25
CUS106493,64,Female,Kolkata,New,2024-04-12
CUS105175,24,Female,Pune,Returning,2023-06-24
CUS102286,47,Male,Delhi,Returning,2024-07-29
CUS102261,32,Female,Kolkata,New,2023-04-07
CUS105240,55,Male,Ahmedabad,Returning,2024-08-21
CUS107299,41,Male,Pune,New,2024-12-15
CUS102296,42,Male,Delhi,New,2023-12-16
CUS106937,25,Female,Hyderabad,New,2024-09-07
CUS105932,53,Female,Bengaluru,Returning,2024-07-19
CUS101753,44,Other,Kolkata,New,2024-04-06
CUS105197,55,Male,Ahmedabad,New,2023-03-13
CUS101968,26,Female,Kolkata,Returning,2023-11-05
CUS107123,49,Male,Bengaluru,Returning,2024-10-02
CUS103117,23,Female,Kolkata,New,2024-07-03
CUS102393,60,Female,Hyderabad,Loyal,2024-05-04
CUS100523,33,Male,Chennai,Returning,2023-11-23
CUS106376,45,Male,Pune,High Value,2023-05-01
CUS106788,47,Female,Pune,New,2025-06-04
CUS106981,42,Male,Kolkata,Returning,2024-01-31
CUS105524,39,Female,Hyderabad,Loyal,2024-05-03
CUS106677,18,Male,Chennai,Loyal,2024-01-15
CUS103900,61,Female,Kolkata,Loyal,2024-10-18
CUS107644,62,Female,Delhi,New,2023-09-04
CUS104699,24,Other,Bengaluru,High Value,2024-10-03
CUS105585,19,Male,Mumbai,New,2024-04-25
CUS107239,27,Female,Kolkata,New,2023-05-21
CUS103122,34,Female,Bengaluru,Returning,2025-06-10
CUS106777,24,Male,Bengaluru,Returning,2023-12-01
CUS104156,44,Male,Hyderabad,New,2024-12-09
CUS101969,51,Female,Delhi,High Value,2023-02-10
CUS100671,60,Male,Bengaluru,Loyal,2025-03-12
CUS104188,51,Male,Kolkata,High Value,2024-09-12
CUS100666,65,Male,Kolkata,Loyal,2024-04-01
CUS101887,28,Male,Pune,High Value,2023-02-03
CUS103266,20,Female,Hyderabad,New,2023-09-05
CUS100280,21,Female,Chennai,New,2023-07-26
CUS101719,37,Male,Pune,Loyal,2024-05-16
CUS102947,39,Male,Kolkata,Returning,2025-05-15
CUS104455,50,Female,Bengaluru,Returning,2024-06-13
CUS100899,56,Male,Pune,Loyal,2023-02-09
CUS106031,56,Female,Hyderabad,New,2023-12-30
CUS106090,61,Male,Mumbai,Returning,2023-03-17
CUS107437,63,Male,Ahmedabad,New,2023-08-18
CUS106991,36,Male,Ahmedabad,Loyal,2023-05-21
CUS100760,38,Female,Kolkata,New,2023-06-20
CUS106254,34,Male,Hyderabad,New,2023-06-22
CUS101906,53,Female,Kolkata,Returning,2025-06-07
CUS104042,47,Female,Chennai,New,2023-06-09
CUS103823,52,Male,Kolkata,New,2025-03-31
CUS104138,20,Female,Chennai,Returning,2024-04-07
CUS103818,54,Female,Mumbai,New,2024-09-05
CUS106269,55,Female,Pune,Returning,2023-05-30
CUS104300,25,Male,Kolkata,Returning,2024-03-11
CUS105569,47,Male,Kolkata,Loyal,2025-06-16
CUS106196,30,Male,Mumbai,New,2023-11-21
CUS102593,18,Male,Ahmedabad,Returning,2024-04-16
CUS104164,34,Male,Mumbai,Returning,2025-02-09
CUS103031,41,Female,Mumbai,Loyal,2023-02-01
CUS105971,38,Female,Chennai,High Value,2024-10-28
CUS103579,41,Female,Pune,New,2024-03-01
CUS102832,27,Female,Ahmedabad,Loyal,2025-03-30
CUS105449,34,Male,Pune,New,2024-07-12
CUS103472,22,Female,Ahmedabad,New,2023-10-18
CUS106327,50,Male,Ahmedabad,Returning,2023-12-17
CUS100137,53,Male,Delhi,New,2024-01-19
CUS107043,51,Male,Pune,Returning,2024-05-20
CUS104892,41,Female,Chennai,New,2023-12-09
CUS102180,38,Male,Kolkata,High Value,2024-08-27
CUS102128,38,Male,Mumbai,Returning,2023-11-07
CUS103177,22,Female,Kolkata,High Value,2023-01-12
CUS104854,58,Female,Pune,New,2023-12-11
CUS104637,53,Female,Pune,Loyal,2025-05-09
CUS105115,36,Female,Hyderabad,New,2024-06-03
CUS107150,33,Male,Ahmedabad,Returning,2023-03-29
CUS107127,32,Female,Delhi,Loyal,2023-06-22
CUS104261,47,Male,Bengaluru,High Value,2024-06-15
CUS104344,32,Female,Delhi,Returning,2024-04-13
CUS101331,20,Male,Bengaluru,High Value,2023-05-10
CUS102017,33,Male,Delhi,New,2023-04-30
CUS104542,27,Male,Bengaluru,New,2023-04-26
CUS102482,38,Male,Delhi,Returning,2024-01-07
CUS107002,42,Male,Hyderabad,Loyal,2025-05-11
CUS101358,58,Male,Hyderabad,Loyal,2023-02-03
CUS106941,30,Female,Delhi,Loyal,2023-05-20
CUS106241,28,Female,Kolkata,New,2025-01-11
CUS101329,19,Male,Bengaluru,Loyal,2024-10-16
CUS106881,22,Male,Mumbai,New,2023-05-23
CUS102150,58,Male,Pune,New,2023-08-20
CUS104530,31,Male,Delhi,Loyal,2023-01-09
CUS102122,54,Male,Pune,Returning,2024-06-14
CUS104673,31,Male,Kolkata,New,2024-11-12
CUS103981,47,Male,Pune,New,2024-12-15
CUS106996,43,Female,Chennai,New,2025-05-09
CUS101252,30,Male,Chennai,New,2024-11-15
CUS103278,50,Other,Bengaluru,Loyal,2025-04-04
CUS107062,37,Male,Ahmedabad,Returning,2023-09-23
CUS103374,47,Female,Chennai,New,2025-06-18
CUS102814,47,Female,Chennai,High Value,2025-03-09
CUS104719,38,Male,Hyderabad,New,2025-01-21
CUS106544,60,Male,Chennai,New,2025-03-30
CUS101848,26,Other,Delhi,Loyal,2023-06-23
CUS104858,65,Female,Bengaluru,Loyal,2024-06-20
CUS103037,24,Male,Mumbai,Returning,2025-03-24
CUS100388,55,Female,Mumbai,New,2024-06-24
CUS100235,32,Male,Chennai,Loyal,2024-12-20
CUS101077,48,Female,Chennai,New,2025-02-24
CUS101984,51,Male,Delhi,Returning,2023-09-08
CUS104363,56,Male,Pune,Loyal,2023-02-01
CUS103962,37,Male,Delhi,New,2023-11-03
CUS100770,21,Male,Bengaluru,Loyal,2023-12-19
CUS102165,56,Female,Ahmedabad,Returning,2023-07-20
CUS104533,33,Female,Hyderabad,Loyal,2024-02-15
CUS100673,36,Female,Ahmedabad,New,2023-03-20
CUS100249,34,Female,Pune,New,2024-10-30
CUS106297,47,Female,Delhi,New,2025-03-22
CUS101574,58,Male,Bengaluru,New,2023-04-16
CUS106238,43,Female,Hyderabad,New,2023-01-29
CUS103419,34,Female,Bengaluru,Loyal,2023-04-30
CUS102081,60,Male,Delhi,Loyal,2024-09-16
CUS101823,47,Male,Chennai,Returning,2023-02-07
CUS107588,19,Male,Kolkata,New,2023-04-30
CUS104544,27,Male,Hyderabad,Returning,2024-08-14
CUS105565,51,Male,Delhi,New,2024-10-18
CUS100716,64,Female,Pune,Returning,2024-03-14
CUS107316,50,Male,Kolkata,Returning,2025-01-25
CUS107656,39,Male,Bengaluru,Loyal,2023-02-08
CUS102048,42,Female,Delhi,New,2023-02-18
CUS105997,25,Female,Hyderabad,New,2024-01-26
CUS106600,35,Male,Kolkata,Loyal,2025-03-18
CUS105264,26,Male,Chennai,New,2023-10-23
CUS104178,50,Female,Chennai,High Value,2024-12-31
CUS104809,31,Male,Ahmedabad,New,2024-11-14
CUS102724,19,Female,Hyderabad,New,2024-07-15
CUS107413,59,Other,Hyderabad,High Value,2024-12-10
CUS107140,33,Male,Chennai,High Value,2025-04-23
CUS107190,34,Female,Kolkata,New,2025-04-07
CUS101460,31,Male,Chennai,New,2024-08-11
CUS106914,58,Female,Kolkata,New,2023-09-13
CUS105989,51,Female,Ahmedabad,New,2024-07-29
CUS101668,37,Male,Delhi,New,2023-04-12
CUS102756,27,Female,Hyderabad,New,2024-07-22
CUS102000,39,Female,Mumbai,Loyal,2025-01-07
CUS104571,53,Male,Ahmedabad,Returning,2023-08-17
CUS104613,29,Other,Pune,New,2023-06-25
CUS107622,65,Male,Kolkata,New,2023-01-14
CUS100404,37,Female,Pune,High Value,2024-07-19
CUS100384,58,Male,Bengaluru,Loyal,2025-05-06
CUS107364,53,Male,Chennai,High Value,2023-03-02
CUS102152,50,Female,Ahmedabad,Returning,2024-10-05
CUS101633,42,Male,Pune,High Value,2023-10-12
CUS107514,26,Female,Ahmedabad,High Value,2025-04-29
CUS105580,21,Male,Bengaluru,Returning,2023-12-08
CUS104784,61,Male,Chennai,Returning,2023-08-04
CUS107379,30,Male,Kolkata,Returning,2023-09-06
CUS106970,30,Male,Hyderabad,Loyal,2023-06-25
CUS103925,63,Female,Bengaluru,Loyal,2024-01-25
CUS105336,28,Female,Hyderabad,Returning,2025-04-27
CUS104158,61,Male,Hyderabad,High Value,2023-02-22
CUS104948,43,Female,Kolkata,New,2023-06-18
CUS105898,47,Female,Pune,New,2024-01-23
CUS107436,42,Male,Hyderabad,Loyal,2024-08-22
CUS105358,21,Female,Chennai,High Value,2023-04-28
CUS100223,60,Female,Kolkata,New,2024-12-15
CUS102193,37,Female,Mumbai,High Value,2024-04-10
CUS103136,41,Male,Pune,Returning,2023-12-24
CUS104469,54,Male,Ahmedabad,Loyal,2024-02-19
CUS101824,49,Female,Pune,New,2023-12-27
CUS107533,44,Male,Hyderabad,Loyal,2025-05-05
CUS105124,20,Male,Bengaluru,New,2023-03-18
CUS104972,36,Male,Bengaluru,Loyal,2024-01-20
CUS100797,61,Female,Ahmedabad,Returning,2024-10-23
CUS102871,28,Female,Ahmedabad,New,2024-05-28
CUS100009,24,Male,Bengaluru,Returning,2024-05-25
CUS106593,50,Other,Pune,Returning,2025-05-12
CUS101944,35,Other,Delhi,Loyal,2024-12-03
CUS101838,58,Male,Mumbai,High Value,2023-04-22
CUS104804,24,Female,Mumbai,Loyal,2024-03-22
CUS100255,65,Male,Chennai,Returning,2024-02-21
CUS107026,41,Male,Hyderabad,New,2025-03-23
CUS105713,21,Male,Ahmedabad,Loyal,2025-02-13
CUS104485,48,Female,Hyderabad,Returning,2023-12-30
CUS107388,51,Female,Mumbai,Loyal,2025-02-04
CUS101581,55,Male,Delhi,New,2025-03-23
CUS102956,50,Male,Bengaluru,New,2023-04-08
CUS100924,56,Male,Kolkata,Returning,2024-01-09
CUS107885,55,Male,Hyderabad,Returning,2024-06-01
CUS107269,55,Female,Kolkata,High Value,2023-01-12
CUS102508,49,Female,Delhi,New,2023-08-26
CUS106132,42,Male,Kolkata,New,2024-06-10
CUS105024,57,Female,Kolkata,Loyal,2023-09-13
CUS105320,43,Male,Delhi,Returning,2023-05-06
CUS107102,53,Male,Kolkata,High Value,2025-02-04
CUS106645,50,Male,Bengaluru,New,2024-07-18
CUS106042,47,Female,Delhi,High Value,2023-10-06
CUS103775,51,Female,Mumbai,Returning,2023-11-10
CUS104835,18,Male,Delhi,Returning,2024-06-16
CUS104136,55,Female,Bengaluru,High Value,2024-05-31
CUS104964,46,Female,Kolkata,New,2023-01-24
CUS102779,39,Male,Hyderabad,New,2024-08-18
CUS100539,65,Female,Delhi,New,2023-04-22
CUS102745,61,Female,Ahmedabad,Loyal,2024-08-16
CUS107371,59,Female,Bengaluru,High Value,2024-02-25
CUS107492,61,Female,Ahmedabad,Loyal,2024-11-08
CUS106819,32,Male,Ahmedabad,New,2023-08-17
CUS105467,52,Other,Chennai,High Value,2023-06-25
CUS101145,47,Male,Mumbai,Returning,2024-05-01
CUS105127,54,Other,Mumbai,Loyal,2025-02-10
CUS104468,28,Female,Ahmedabad,Returning,2023-02-17
CUS100667,36,Female,Ahmedabad,New,2024-02-16
CUS103019,34,Female,Mumbai,New,2024-03-07
CUS100357,49,Female,Bengaluru,High Value,2024-05-07
CUS105063,64,Male,Kolkata,New,2025-06-08
CUS102831,64,Female,Chennai,High Value,2025-06-07
CUS102783,47,Female,Hyderabad,New,2023-04-26
CUS101353,33,Female,Kolkata,New,2024-06-27
CUS105131,50,Other,Chennai,Returning,2024-02-16
CUS107114,25,Male,Hyderabad,Returning,2024-12-27
CUS100470,31,Male,Ahmedabad,New,2025-06-14
CUS102703,54,Female,Kolkata,Loyal,2023-10-05
CUS103330,23,Male,Pune,New,2024-10-01
CUS103637,65,Female,Pune,Loyal,2024-10-05
CUS101396,43,Male,Delhi,New,2025-05-03
CUS103584,33,Female,Ahmedabad,Loyal,2024-01-26
CUS107358,30,Male,Hyderabad,New,2023-09-13
CUS105262,49,Female,Chennai,Loyal,2023-02-24
CUS105645,46,Male,Chennai,New,2025-04-18
CUS103376,46,Female,Ahmedabad,New,2024-01-20
CUS101256,39,Female,Mumbai,High Value,2025-04-01
CUS106190,32,Female,Chennai,New,2025-04-24
CUS103512,21,Female,Bengaluru,Loyal,2023-03-22
CUS105651,33,Male,Kolkata,New,2024-06-06
CUS105778,38,Other,Mumbai,New,2024-02-18
CUS101250,21,Female,Mumbai,Loyal,2023-09-05
CUS105795,33,Female,Hyderabad,Returning,2024-01-26
CUS105348,50,Male,Delhi,Returning,2024-04-01
CUS107874,61,Female,Ahmedabad,Loyal,2023-02-21
CUS104298,41,Male,Pune,Loyal,2024-10-17
CUS103284,45,Other,Bengaluru,New,2023-06-27
CUS102933,41,Male,Ahmedabad,New,2025-04-21
CUS104175,34,Male,Hyderabad,New,2023-08-21
CUS105268,40,Male,Ahmedabad,Returning,2024-03-18
CUS104910,20,Female,Mumbai,New,2024-12-02
CUS101852,25,Male,Ahmedabad,New,2023-12-08
CUS106316,41,Female,Delhi,New,2025-02-19
CUS106815,22,Male,Delhi,New,2024-02-22
CUS107674,53,Female,Bengaluru,Returning,2024-03-04
CUS107974,64,Female,Ahmedabad,Loyal,2025-05-30
CUS102105,63,Male,Chennai,New,2024-02-08
CUS100133,59,Male,Chennai,New,2024-12-09
CUS105236,55,Male,Pune,New,2023-06-16
CUS105029,47,Female,Ahmedabad,Loyal,2023-11-16
CUS100928,55,Female,Kolkata,Loyal,2023-11-09
CUS100823,29,Female,Pune,New,2025-01-17
CUS107454,41,Male,Kolkata,High Value,2025-02-15
CUS101531,62,Male,Pune,High Value,2024-11-16
CUS101214,52,Male,Pune,Returning,2024-03-24
CUS100504,48,Male,Pune,Returning,2024-01-14
CUS104285,25,Female,Kolkata,New,2024-11-15
CUS106491,62,Male,Mumbai,Loyal,2024-11-05
CUS101996,23,Male,Pune,New,2024-08-26
CUS106530,20,Other,Ahmedabad,Loyal,2023-09-11
CUS103072,61,Female,Kolkata,Returning,2024-07-29
CUS101958,31,Male,Kolkata,High Value,2023-07-01
CUS101384,40,Female,Chennai,High Value,2024-03-26
CUS100894,44,Female,Ahmedabad,New,2024-03-11
CUS104924,40,Other,Mumbai,New,2023-08-09
CUS100455,19,Male,Delhi,New,2025-05-25
CUS106619,31,Male,Kolkata,New,2025-01-18
CUS105779,57,Male,Ahmedabad,Returning,2024-09-28
CUS103709,46,Male,Chennai,Returning,2024-10-30
CUS107567,20,Male,Hyderabad,New,2024-11-23
CUS104849,30,Male,Hyderabad,New,2024-08-13
CUS104748,23,Male,Hyderabad,New,2024-07-20
CUS104268,32,Female,Hyderabad,New,2023-03-03
CUS103522,33,Female,Ahmedabad,New,2024-02-25
CUS107293,22,Male,Hyderabad,New,2024-04-16
CUS104134,56,Male,Delhi,Returning,2023-08-05
CUS103602,51,Male,Chennai,Returning,2025-01-08
CUS100713,31,Female,Delhi,New,2023-01-25
CUS104186,44,Other,Chennai,Returning,2025-03-02
CUS102214,27,Male,Ahmedabad,New,2025-04-26
CUS105301,27,Male,Mumbai,High Value,2023-06-28
CUS102923,39,Female,Chennai,New,2025-05-31
CUS107433,19,Male,Hyderabad,Returning,2025-01-01
CUS101810,25,Female,Pune,Returning,2024-04-18
CUS103486,51,Male,Pune,New,2024-01-17
CUS103141,42,Female,Kolkata,Loyal,2023-08-23
CUS101827,63,Male,Hyderabad,New,2023-07-16
CUS101155,55,Male,Kolkata,High Value,2024-06-03
CUS101324,36,Female,Hyderabad,High Value,2025-01-05
CUS104312,56,Male,Pune,Returning,2023-03-21
CUS100510,53,Male,Delhi,Returning,2023-09-30
CUS101680,24,Male,Pune,Returning,2023-07-30
CUS100499,46,Female,Delhi,Loyal,2024-11-13
CUS107440,45,Female,Delhi,New,2023-05-09
CUS101856,54,Female,Hyderabad,Returning,2023-07-15
CUS101388,19,Female,Delhi,Returning,2023-01-01
CUS105615,46,Male,Bengaluru,New,2024-03-14
CUS103719,44,Female,Chennai,High Value,2024-01-21
CUS102386,43,Male,Chennai,High Value,2024-02-28
CUS105541,62,Male,Hyderabad,New,2024-05-28
CUS103236,64,Male,Bengaluru,New,2023-06-15
CUS106172,55,Female,Chennai,New,2023-03-31
CUS101540,58,Male,Ahmedabad,Loyal,2023-02-07
CUS101217,41,Female,Hyderabad,Loyal,2025-05-22
CUS102681,42,Male,Chennai,New,2024-12-09
CUS102993,63,Male,Kolkata,Loyal,2023-10-16
CUS105512,35,Female,Hyderabad,Returning,2024-07-08
CUS106313,32,Female,Kolkata,New,2023-06-10
CUS101191,33,Female,Kolkata,New,2024-04-16
CUS105772,50,Female,Mumbai,Returning,2023-03-05
CUS105293,52,Female,Mumbai,New,2024-09-29
CUS101542,22,Male,Bengaluru,High Value,2024-02-19
CUS103301,23,Male,Mumbai,High Value,2024-02-12
CUS103324,30,Female,Kolkata,Loyal,2024-04-07
CUS107056,57,Male,Delhi,Returning,2023-11-16
CUS102539,22,Female,Kolkata,New,2024-05-02
CUS100953,50,Male,Chennai,New,2024-09-25
CUS107241,43,Female,Pune,New,2023-03-25
CUS107176,44,Male,Chennai,New,2023-10-12
CUS106731,50,Male,Mumbai,Loyal,2023-03-31
CUS104846,53,Female,Hyderabad,Loyal,2024-06-30
CUS106801,21,Male,Bengaluru,New,2025-01-11
CUS104330,19,Female,Hyderabad,New,2024-07-12
CUS100732,50,Female,Delhi,Returning,2023-03-15
CUS105334,29,Male,Bengaluru,New,2023-04-02
CUS107330,61,Male,Delhi,Returning,2025-02-14
CUS101156,29,Male,Bengaluru,New,2023-03-31
CUS103294,32,Female,Pune,Loyal,2024-01-02
CUS106541,45,Female,Chennai,New,2024-08-19
CUS102982,48,Male,Delhi,New,2023-04-15
CUS105305,44,Female,Delhi,Loyal,2024-09-25
CUS105161,25,Male,Delhi,Loyal,2023-10-09
CUS102156,35,Male,Bengaluru,New,2024-06-18
CUS101062,64,Female,Kolkata,New,2024-07-25
CUS102616,32,Female,Delhi,Returning,2025-06-11
CUS101167,26,Female,Kolkata,New,2025-03-25
CUS103222,24,Male,Bengaluru,Returning,2024-08-18
CUS103636,60,Female,Mumbai,Returning,2024-06-25
CUS105588,39,Male,Mumbai,Returning,2024-04-26
CUS102938,26,Male,Bengaluru,New,2025-03-23
CUS107091,62,Female,Hyderabad,Loyal,2024-04-05
CUS107192,23,Other,Mumbai,Loyal,2023-10-29
CUS104491,51,Female,Bengaluru,Loyal,2024-09-15
CUS107266,30,Female,Delhi,Loyal,2025-02-06
CUS103140,23,Other,Ahmedabad,New,2025-01-05
CUS104980,40,Female,Delhi,Loyal,2024-12-27
CUS100143,49,Female,Pune,Returning,2024-11-11
CUS103577,45,Male,Kolkata,New,2024-10-03
CUS104946,39,Female,Pune,Loyal,2024-07-01
CUS102782,29,Male,Kolkata,Returning,2023-11-30
CUS100717,26,Male,Ahmedabad,New,2024-05-14
CUS101819,27,Male,Mumbai,New,2024-04-29
CUS102502,27,Male,Hyderabad,Loyal,2025-02-22
CUS104360,42,Male,Hyderabad,Returning,2023-07-04
CUS104171,38,Male,Pune,Returning,2023-04-22
CUS107827,49,Male,Kolkata,Loyal,2023-08-04
CUS106588,31,Male,Mumbai,New,2025-04-21
CUS100395,32,Male,Kolkata,Returning,2023-01-08
CUS105731,57,Female,Kolkata,New,2024-05-05
CUS106320,53,Male,Bengaluru,High Value,2024-05-06
CUS107186,24,Male,Chennai,Returning,2025-05-15
CUS107920,39,Female,Delhi,Returning,2024-10-23
CUS104492,29,Male,Bengaluru,New,2024-09-27
CUS101365,60,Female,Chennai,New,2023-10-01
CUS105999,32,Female,Kolkata,High Value,2023-02-28
CUS100595,65,Male,Delhi,High Value,2025-01-19
CUS106205,57,Female,Delhi,Returning,2024-03-01
CUS103952,35,Male,Delhi,New,2024-09-20
CUS105392,39,Female,Hyderabad,Loyal,2024-08-07
CUS105917,36,Male,Delhi,New,2024-09-01
CUS104968,26,Female,Ahmedabad,Loyal,2023-04-08
CUS102914,42,Female,Ahmedabad,Returning,2023-06-07
CUS102326,35,Female,Hyderabad,New,2023-11-04
CUS105644,31,Male,Kolkata,High Value,2025-05-31
CUS103766,58,Female,Pune,New,2025-01-26
CUS103440,65,Male,Kolkata,New,2023-12-05
CUS103851,53,Male,Chennai,Loyal,2025-02-08
CUS104132,40,Other,Ahmedabad,High Value,2023-11-30
CUS107357,64,Male,Chennai,High Value,2023-12-07
CUS106806,33,Female,Chennai,New,2023-03-03
CUS107520,57,Male,Chennai,New,2025-05-20
CUS102143,55,Female,Bengaluru,Returning,2024-02-24
CUS107564,19,Female,Pune,New,2024-10-17
CUS105073,34,Male,Hyderabad,New,2025-05-21
CUS101571,60,Male,Hyderabad,High Value,2024-08-10
CUS104079,62,Female,Delhi,Returning,2024-12-11
CUS101122,19,Female,Ahmedabad,New,2023-06-18
CUS102786,43,Other,Kolkata,High Value,2024-03-28
CUS106335,50,Female,Kolkata,Loyal,2024-04-11
CUS102967,29,Female,Bengaluru,Returning,2024-01-31
CUS102504,54,Other,Chennai,New,2023-04-20
CUS105988,48,Male,Kolkata,New,2024-03-16
CUS103465,54,Female,Kolkata,Returning,2023-10-20
CUS100675,33,Male,Pune,Returning,2024-02-19
CUS102808,24,Male,Mumbai,Loyal,2023-10-08
CUS107164,46,Male,Bengaluru,New,2025-03-29
CUS103348,55,Female,Hyderabad,New,2023-05-22
CUS100728,22,Female,Ahmedabad,Loyal,2023-02-17
CUS100412,19,Male,Chennai,High Value,2025-06-15
CUS103146,39,Female,Bengaluru,Returning,2023-05-23
CUS101516,42,Male,Ahmedabad,New,2023-07-04
CUS105745,42,Male,Ahmedabad,Returning,2025-04-26
CUS100825,29,Female,Pune,New,2023-12-28
CUS103267,25,Male,Hyderabad,Returning,2024-11-18
CUS103974,20,Male,Chennai,Loyal,2025-05-21
CUS100616,40,Male,Hyderabad,Returning,2024-04-13
CUS100114,43,Male,Ahmedabad,New,2024-03-28
CUS100417,55,Male,Bengaluru,Returning,2024-03-27
CUS103069,36,Female,Bengaluru,New,2025-01-19
CUS101625,31,Female,Kolkata,New,2024-12-03
CUS107113,46,Female,Bengaluru,Returning,2024-04-20
CUS106748,44,Male,Delhi,New,2025-05-11
CUS104185,60,Female,Ahmedabad,Returning,2025-03-10
CUS102896,48,Male,Ahmedabad,Returning,2023-09-13
CUS107659,38,Female,Delhi,New,2023-06-12
CUS102082,25,Male,Delhi,New,2023-03-05
CUS100753,21,Female,Hyderabad,New,2024-08-14
CUS102546,55,Female,Delhi,Returning,2023-10-09
CUS107420,31,Female,Kolkata,New,2023-08-10
CUS103969,61,Female,Kolkata,New,2023-02-05
CUS103373,51,Female,Mumbai,Loyal,2025-05-29
CUS105726,41,Male,Hyderabad,Loyal,2023-12-08
CUS104107,23,Male,Kolkata,Loyal,2024-10-10
CUS102444,31,Male,Kolkata,Loyal,2025-01-14
CUS104380,61,Male,Delhi,Returning,2024-10-15
CUS101066,26,Male,Kolkata,Loyal,2024-05-18
CUS103913,44,Other,Kolkata,New,2025-02-05
CUS105287,26,Female,Hyderabad,New,2025-03-22
CUS105536,40,Female,Chennai,Loyal,2025-05-12
CUS105387,22,Male,Hyderabad,New,2024-04-05
CUS105732,37,Female,Hyderabad,New,2023-06-24
CUS103498,31,Male,Pune,New,2024-07-05
CUS102738,48,Female,Ahmedabad,Returning,2023-03-10
CUS105052,61,Female,Ahmedabad,New,2023-04-22
CUS104000,33,Male,Ahmedabad,New,2023-12-08
CUS101568,62,Male,Pune,Returning,2024-10-15
CUS102427,56,Male,Mumbai,Returning,2024-01-16
CUS103746,27,Male,Kolkata,Loyal,2023-11-10
CUS106833,65,Other,Chennai,Returning,2023-03-26
CUS107599,56,Female,Mumbai,Loyal,2024-04-16
CUS101687,65,Male,Mumbai,New,2023-03-14
CUS100851,41,Male,Chennai,New,2024-10-16
CUS103546,18,Female,Pune,High Value,2023-01-10
CUS106303,46,Female,Pune,Returning,2025-03-20
CUS100895,20,Male,Mumbai,Loyal,2024-12-15
CUS104592,63,Male,Mumbai,New,2023-12-12
CUS106401,28,Female,Hyderabad,New,2024-01-11
CUS105878,32,Male,Chennai,New,2025-05-14
CUS100335,55,Female,Pune,New,2024-02-08
CUS102839,47,Male,Pune,Loyal,2023-04-05
CUS103087,26,Female,Bengaluru,High Value,2023-08-11
CUS104611,46,Male,Pune,High Value,2023-12-24
CUS101348,54,Female,Pune,Loyal,2025-01-01
CUS101015,55,Female,Hyderabad,New,2023-11-16
CUS102816,43,Female,Kolkata,New,2023-04-17
CUS101631,19,Male,Hyderabad,Loyal,2025-06-11
CUS102489,29,Female,Ahmedabad,Loyal,2024-10-22
CUS103730,27,Female,Pune,Loyal,2023-04-21
CUS106905,21,Male,Mumbai,New,2023-02-02
CUS107390,44,Female,Hyderabad,Loyal,2023-08-03
CUS103251,30,Female,Delhi,Returning,2025-04-19
CUS107593,18,Female,Mumbai,New,2023-12-12
CUS107267,32,Female,Mumbai,New,2023-12-21
CUS105877,62,Male,Mumbai,New,2023-04-11
CUS106665,23,Male,Mumbai,Returning,2024-01-11
CUS105881,39,Male,Mumbai,Returning,2025-04-01
CUS102070,52,Female,Ahmedabad,Returning,2023-06-21
CUS104452,42,Male,Ahmedabad,New,2024-01-09
CUS107998,22,Female,Delhi,New,2023-11-23
CUS107421,34,Male,Pune,Returning,2023-08-27
CUS105408,24,Female,Bengaluru,New,2024-07-26
CUS101635,40,Other,Mumbai,New,2024-03-01
CUS104646,43,Female,Kolkata,Loyal,2025-01-06
CUS106484,31,Male,Mumbai,Returning,2024-05-12
CUS102479,40,Female,Hyderabad,New,2025-04-04
CUS106617,29,Female,Kolkata,Returning,2025-04-05
CUS102265,54,Female,Pune,Returning,2023-02-21
CUS102959,35,Male,Ahmedabad,Loyal,2023-06-27
CUS105323,62,Female,Delhi,New,2024-11-27
CUS107751,55,Female,Chennai,New,2023-02-28
CUS103059,42,Female,Chennai,Returning,2025-01-09
CUS105053,37,Female,Ahmedabad,Returning,2024-11-26
CUS105869,44,Male,Hyderabad,Returning,2024-01-30
CUS102141,30,Female,Kolkata,Returning,2024-12-11
CUS105104,26,Female,Ahmedabad,New,2024-04-17
CUS103118,63,Male,Hyderabad,New,2024-10-12
CUS105188,31,Female,Kolkata,Returning,2024-04-27
CUS107740,41,Male,Pune,New,2023-06-21
CUS104045,53,Male,Kolkata,New,2023-08-04
CUS103356,49,Female,Ahmedabad,Returning,2024-03-13
CUS102744,46,Female,Pune,New,2024-01-19
CUS107253,18,Male,Hyderabad,New,2024-02-15
CUS105092,62,Male,Ahmedabad,Loyal,2024-10-16
CUS103506,28,Female,Delhi,Loyal,2023-10-31
CUS101679,38,Male,Ahmedabad,New,2023-07-10
CUS104249,41,Female,Mumbai,New,2023-11-04
CUS103147,47,Female,Pune,Returning,2024-11-10
CUS102294,50,Male,Chennai,New,2024-07-27
CUS107004,51,Male,Ahmedabad,Loyal,2025-03-03
CUS106933,41,Male,Ahmedabad,High Value,2024-09-08
CUS100580,47,Female,Bengaluru,New,2025-02-28
CUS101470,49,Female,Ahmedabad,Loyal,2023-02-03
CUS104799,18,Male,Pune,New,2024-10-15
CUS104070,25,Male,Pune,Returning,2024-03-01
CUS105308,28,Male,Hyderabad,New,2024-08-06
CUS103343,39,Female,Hyderabad,Returning,2023-04-28
CUS104992,52,Other,Chennai,Returning,2023-02-23
CUS107404,24,Male,Hyderabad,Returning,2025-02-08
CUS104583,39,Male,Hyderabad,Returning,2024-08-25
CUS103672,56,Female,Ahmedabad,New,2023-09-17
CUS100559,31,Female,Kolkata,High Value,2025-06-11
CUS105237,61,Female,Chennai,Returning,2025-01-24
CUS105215,52,Male,Kolkata,High Value,2024-05-15
CUS102849,53,Male,Ahmedabad,New,2024-10-04
CUS100512,36,Female,Chennai,Returning,2023-11-15
CUS104729,36,Female,Delhi,New,2023-02-20
CUS101081,29,Male,Bengaluru,New,2023-10-17
CUS101664,27,Male,Chennai,New,2025-04-30
CUS101012,56,Male,Bengaluru,New,2024-10-03
CUS101931,42,Female,Chennai,Loyal,2023-04-13
CUS107691,61,Female,Delhi,Returning,2024-06-12
CUS101150,48,Female,Bengaluru,New,2025-03-21
CUS102838,20,Male,Kolkata,Returning,2023-11-19
CUS105949,62,Female,Pune,Loyal,2024-02-14
CUS100116,52,Female,Hyderabad,Returning,2025-05-18
CUS100740,33,Female,Delhi,New,2025-02-24
CUS107870,23,Female,Kolkata,Returning,2024-10-05
CUS106070,46,Male,Bengaluru,Returning,2023-02-10
CUS105177,51,Male,Pune,Returning,2025-02-25
CUS103675,46,Male,Hyderabad,Returning,2024-08-08
CUS105906,43,Female,Kolkata,New,2025-06-03
CUS100830,21,Male,Ahmedabad,Returning,2024-10-01
CUS100119,47,Male,Bengaluru,Returning,2023-12-28
CUS104752,57,Female,Chennai,New,2023-01-23
CUS107825,49,Female,Pune,New,2023-06-04
CUS107767,28,Female,Bengaluru,High Value,2024-05-11
CUS100635,60,Male,Mumbai,New,2023-12-08
CUS104465,60,Female,Bengaluru,New,2023-08-18
CUS104364,30,Female,Pune,New,2024-03-05
CUS106799,22,Male,Pune,Loyal,2023-11-29
CUS107079,39,Male,Mumbai,Loyal,2025-05-20
CUS106966,38,Female,Pune,Loyal,2024-03-06
CUS107010,43,Male,Ahmedabad,New,2025-02-05
CUS104142,62,Female,Delhi,Returning,2025-01-23
CUS107517,43,Female,Pune,New,2025-04-18
CUS107027,39,Female,Chennai,Returning,2024-09-13
CUS100991,49,Female,Chennai,Loyal,2024-09-11
CUS100876,43,Male,Pune,New,2023-08-11
CUS104869,42,Female,Mumbai,Returning,2023-07-30
CUS105315,22,Male,Mumbai,Loyal,2024-05-11
CUS105222,25,Female,Delhi,New,2024-08-22
CUS100004,27,Male,Mumbai,High Value,2023-04-14
CUS103051,62,Female,Hyderabad,High Value,2023-06-26
CUS105691,50,Female,Hyderabad,Returning,2023-04-27
CUS103124,32,Male,Bengaluru,New,2024-10-27
CUS106407,42,Female,Hyderabad,Returning,2024-12-30
CUS107136,46,Male,Hyderabad,Returning,2024-06-27
CUS102660,28,Male,Pune,Loyal,2025-01-23
CUS102491,58,Male,Chennai,Loyal,2024-07-18
CUS107146,47,Male,Bengaluru,High Value,2023-12-01
CUS105173,44,Female,Ahmedabad,New,2024-10-27
CUS103854,36,Male,Chennai,High Value,2023-12-28
CUS104933,46,Male,Delhi,New,2023-08-26
CUS104777,35,Male,Bengaluru,Returning,2025-04-26
CUS101715,61,Female,Bengaluru,New,2024-07-12
CUS106448,56,Male,Hyderabad,New,2024-08-23
CUS107509,56,Female,Bengaluru,New,2024-03-10
CUS106713,32,Male,Pune,Returning,2024-05-17
CUS106457,49,Female,Bengaluru,Loyal,2023-02-15
CUS106293,34,Female,Kolkata,Returning,2024-12-15
CUS101148,31,Female,Hyderabad,Loyal,2023-05-30
CUS103261,38,Female,Ahmedabad,Returning,2023-11-21
CUS100574,25,Male,Kolkata,New,2023-04-05
CUS103769,61,Other,Pune,New,2024-03-08
CUS103736,59,Male,Chennai,New,2024-09-12
CUS104146,32,Female,Kolkata,High Value,2024-05-12
CUS100853,63,Male,Hyderabad,New,2023-01-28
CUS101982,36,Male,Bengaluru,High Value,2024-03-28
CUS102774,41,Male,Hyderabad,Returning,2025-03-08
CUS105919,59,Female,Pune,High Value,2024-02-03
CUS104929,22,Male,Bengaluru,New,2023-05-27
CUS107521,40,Female,Pune,Loyal,2024-06-05
CUS105211,48,Female,Mumbai,Returning,2023-12-11
CUS101166,45,Female,Ahmedabad,Returning,2025-03-06
CUS106614,48,Male,Mumbai,Loyal,2024-08-06
CUS106002,53,Male,Bengaluru,Returning,2025-05-26
CUS100971,32,Female,Mumbai,New,2024-05-16
CUS102701,28,Male,Kolkata,Loyal,2025-04-09
CUS104495,43,Male,Kolkata,New,2024-01-28
CUS106655,30,Female,Mumbai,New,2025-03-03
CUS103847,46,Female,Delhi,New,2025-06-14
CUS102368,47,Other,Kolkata,New,2024-09-01
CUS104115,37,Male,Delhi,Returning,2023-11-01
CUS104780,42,Female,Bengaluru,Loyal,2023-09-11
CUS104131,24,Male,Ahmedabad,New,2024-12-07
CUS102950,44,Female,Hyderabad,Returning,2024-08-05
CUS105625,19,Female,Kolkata,New,2023-05-18
CUS106971,63,Other,Kolkata,Loyal,2024-07-18
CUS100524,23,Female,Hyderabad,Loyal,2023-12-11
CUS102455,21,Female,Kolkata,Loyal,2023-10-09
CUS105016,50,Male,Delhi,New,2023-04-25
CUS101841,54,Female,Mumbai,New,2023-08-30
CUS105986,18,Other,Kolkata,Loyal,2024-01-20
CUS100537,42,Male,Kolkata,Loyal,2023-08-16
CUS102806,21,Male,Hyderabad,Loyal,2024-09-10
CUS105801,30,Other,Delhi,High Value,2024-06-12
CUS105596,56,Female,Mumbai,High Value,2025-01-23
CUS107206,20,Male,Ahmedabad,New,2023-03-16
CUS107343,35,Female,Hyderabad,Returning,2023-02-10
CUS104341,64,Female,Pune,New,2023-06-27
CUS107560,46,Male,Chennai,New,2024-03-19
CUS103175,33,Male,Hyderabad,New,2023-10-07
CUS100784,58,Male,Delhi,New,2023-12-13
CUS104057,49,Female,Delhi,Returning,2023-10-11
CUS101409,35,Female,Delhi,Loyal,2023-05-16
CUS102537,37,Other,Hyderabad,Loyal,2024-05-22
CUS100154,48,Male,Ahmedabad,Loyal,2025-03-29
CUS103009,65,Male,Ahmedabad,New,2024-02-26
CUS101686,35,Female,Chennai,New,2023-11-12
CUS102901,22,Female,Chennai,New,2024-11-20
CUS107455,57,Female,Pune,New,2023-02-25
CUS104721,36,Male,Ahmedabad,New,2024-01-07
CUS103863,59,Female,Mumbai,New,2025-05-15
CUS102733,39,Male,Bengaluru,New,2023-05-02
CUS101895,40,Male,Pune,Returning,2023-01-14
CUS105442,25,Other,Pune,High Value,2024-11-26
CUS100569,58,Female,Chennai,Returning,2025-04-13
CUS106709,62,Female,Ahmedabad,Loyal,2024-07-26
CUS105854,36,Female,Pune,Loyal,2024-04-07
CUS101816,49,Male,Pune,New,2023-10-23
CUS102065,44,Male,Kolkata,New,2023-05-16
CUS100127,52,Male,Pune,Returning,2024-03-01
CUS103394,58,Female,Chennai,Loyal,2024-08-15
CUS103327,26,Male,Chennai,New,2023-04-12
CUS106102,20,Female,Chennai,Returning,2024-07-16
CUS102975,36,Female,Chennai,New,2023-05-04
CUS100980,60,Male,Bengaluru,Returning,2024-06-23
CUS102300,57,Female,Kolkata,Returning,2024-12-10
CUS100190,35,Male,Hyderabad,New,2024-03-04
CUS101139,27,Male,Pune,Returning,2024-02-12
CUS105088,57,Female,Chennai,Returning,2023-11-05
CUS100699,50,Female,Bengaluru,New,2023-02-09
CUS107826,61,Female,Kolkata,New,2023-07-10
CUS100606,38,Female,Chennai,Loyal,2024-04-15
CUS104276,51,Female,Kolkata,Loyal,2025-05-01
CUS100301,31,Male,Delhi,Returning,2024-11-02
CUS106640,18,Male,Mumbai,Returning,2024-01-11
CUS103420,51,Male,Mumbai,Returning,2024-05-09
CUS101060,51,Female,Mumbai,Returning,2024-01-06
CUS107954,59,Female,Pune,Returning,2024-07-04
CUS102565,43,Male,Delhi,New,2024-06-25
CUS101069,58,Female,Mumbai,Returning,2023-11-04
CUS102524,62,Male,Delhi,New,2023-03-26
CUS102205,40,Male,Bengaluru,High Value,2023-04-28
CUS101243,49,Female,Pune,High Value,2024-11-18
CUS107339,27,Female,Mumbai,High Value,2024-12-19
CUS100016,58,Female,Bengaluru,New,2023-12-24
CUS107679,19,Female,Delhi,Returning,2024-01-01
CUS103120,50,Male,Kolkata,Returning,2024-04-30
CUS104642,50,Male,Delhi,Loyal,2025-03-08
CUS107683,33,Female,Delhi,Loyal,2025-02-05
CUS104754,30,Male,Pune,Returning,2023-07-27
CUS100815,58,Female,Hyderabad,High Value,2024-02-27
CUS103067,59,Male,Hyderabad,High Value,2024-05-19
CUS107833,25,Male,Ahmedabad,New,2025-01-09
CUS105600,27,Male,Mumbai,Returning,2023-11-21
CUS100959,39,Male,Pune,New,2024-12-10
CUS107022,26,Male,Delhi,New,2024-08-30
CUS106427,54,Female,Hyderabad,Returning,2023-05-06
CUS104893,20,Male,Ahmedabad,New,2023-03-05
CUS107444,38,Male,Kolkata,Loyal,2024-02-01
CUS100225,50,Male,Mumbai,High Value,2023-04-04
CUS106170,34,Female,Chennai,Returning,2023-12-19
CUS103354,46,Male,Mumbai,Loyal,2023-08-22
CUS105895,53,Other,Hyderabad,New,2024-07-09
CUS102485,30,Female,Chennai,Returning,2023-03-20
CUS100562,39,Male,Chennai,Loyal,2024-05-31
CUS103436,34,Female,Chennai,Loyal,2025-03-19
CUS106373,64,Female,Delhi,High Value,2025-05-12
CUS106181,23,Male,Chennai,Loyal,2023-10-10
CUS101693,51,Male,Pune,Loyal,2024-07-15
CUS106893,28,Female,Chennai,Returning,2024-08-13
CUS101045,30,Female,Hyderabad,High Value,2023-02-16
CUS103446,18,Female,Chennai,Loyal,2024-03-15
CUS104565,20,Female,Bengaluru,New,2023-11-27
CUS100954,65,Female,Hyderabad,Returning,2023-05-21
CUS102735,21,Female,Bengaluru,New,2023-06-30
CUS104735,20,Male,Mumbai,Loyal,2023-04-08
CUS107895,23,Female,Kolkata,High Value,2024-11-02
CUS101218,28,Male,Bengaluru,New,2025-02-12
CUS105254,21,Male,Mumbai,Returning,2023-11-08
CUS105511,64,Male,Pune,New,2024-06-10
CUS107799,32,Female,Bengaluru,Returning,2024-02-20
CUS101527,30,Male,Kolkata,Returning,2023-02-05
CUS103987,18,Female,Delhi,New,2023-12-25
CUS101300,26,Male,Ahmedabad,New,2025-05-15
CUS106944,27,Male,Hyderabad,Returning,2023-10-24
CUS105699,30,Male,Mumbai,New,2023-06-18
CUS100160,42,Other,Hyderabad,New,2024-03-07
CUS104067,57,Female,Pune,New,2023-10-02
CUS105800,33,Female,Ahmedabad,New,2024-03-20
CUS100956,46,Other,Chennai,High Value,2024-10-05
CUS103791,63,Male,Ahmedabad,New,2023-11-02
CUS103234,54,Female,Chennai,New,2023-09-06
CUS102869,26,Male,Pune,Loyal,2023-04-07
CUS103777,48,Female,Bengaluru,Returning,2023-12-15
CUS104433,59,Male,Delhi,New,2023-08-06
CUS104973,30,Female,Delhi,New,2024-11-02
CUS106015,65,Female,Delhi,New,2023-07-04
CUS102961,49,Female,Chennai,New,2024-09-12
CUS105980,41,Female,Pune,New,2024-05-01
CUS102200,22,Female,Mumbai,Loyal,2024-06-24
CUS100098,30,Male,Ahmedabad,New,2024-04-20
CUS107972,20,Male,Kolkata,Loyal,2023-07-20
CUS102557,41,Male,Delhi,Returning,2023-04-08
CUS103183,54,Male,Kolkata,New,2025-05-12
CUS107394,56,Female,Bengaluru,New,2024-11-07
CUS100253,56,Female,Mumbai,Returning,2024-01-04
CUS103923,50,Female,Kolkata,Returning,2024-05-22
CUS104199,27,Female,Kolkata,New,2024-02-03
CUS101445,33,Male,Pune,New,2024-08-21
CUS105539,21,Female,Delhi,Loyal,2023-02-25
CUS101648,45,Female,Hyderabad,Returning,2024-11-21
CUS104682,27,Male,Delhi,New,2024-01-17
CUS104723,62,Female,Bengaluru,New,2024-03-20
CUS103991,46,Male,Hyderabad,New,2023-01-11
CUS101696,43,Male,Kolkata,Returning,2023-06-05
CUS103191,43,Male,Bengaluru,New,2023-08-22
CUS106197,56,Male,Bengaluru,New,2024-04-23
CUS106295,63,Male,Delhi,New,2023-11-22
CUS104499,36,Male,Hyderabad,Returning,2024-02-20
CUS101154,46,Female,Mumbai,Returning,2025-01-31
CUS102255,28,Female,Kolkata,High Value,2024-09-30
CUS106959,52,Male,Kolkata,Returning,2024-07-29
CUS101682,35,Female,Delhi,New,2023-06-08
CUS103170,38,Male,Bengaluru,New,2024-03-04
CUS107400,48,Female,Mumbai,Returning,2024-04-24
CUS102056,45,Male,Delhi,New,2025-02-28
CUS107158,43,Female,Pune,Returning,2023-11-27
CUS104090,46,Female,Bengaluru,New,2024-08-23
CUS107988,42,Female,Pune,New,2024-03-30
CUS103108,20,Male,Hyderabad,Returning,2023-11-07
CUS104548,39,Female,Pune,High Value,2023-06-04
CUS103723,56,Female,Delhi,Loyal,2025-02-27
CUS106397,56,Female,Mumbai,New,2025-03-31
CUS105423,44,Other,Pune,New,2025-01-02
CUS107040,41,Female,Chennai,New,2024-09-03
CUS102049,55,Female,Chennai,New,2023-12-24
CUS104976,18,Female,Pune,Loyal,2023-08-13
CUS103643,20,Male,Pune,High Value,2024-03-06
CUS100623,27,Male,Kolkata,New,2024-03-21
CUS106489,43,Female,Bengaluru,New,2023-08-28
CUS107884,59,Male,Delhi,New,2024-05-24
CUS105883,51,Male,Pune,Returning,2024-09-09
CUS100262,23,Male,Hyderabad,New,2023-11-22
CUS105730,57,Female,Ahmedabad,New,2023-05-12
CUS103369,61,Male,Bengaluru,New,2024-09-19
CUS104061,18,Male,Kolkata,High Value,2023-11-19
CUS105534,27,Male,Mumbai,Loyal,2025-04-17
CUS106294,35,Male,Ahmedabad,High Value,2024-03-12
CUS106065,32,Male,Delhi,Returning,2023-10-13
CUS106616,42,Female,Mumbai,New,2023-09-18
CUS101802,45,Female,Pune,New,2023-03-28
CUS104736,37,Female,Mumbai,New,2025-06-02
CUS102385,53,Male,Bengaluru,New,2023-07-18
CUS106694,22,Female,Bengaluru,Loyal,2024-07-05
CUS105759,58,Other,Mumbai,New,2023-06-21
CUS101959,27,Female,Hyderabad,Returning,2023-05-29
CUS102976,58,Female,Hyderabad,New,2025-05-08
CUS100488,61,Female,Kolkata,Returning,2024-01-17
CUS101843,43,Female,Bengaluru,Returning,2024-10-19
CUS101734,27,Male,Delhi,New,2024-02-13
CUS102911,54,Male,Pune,New,2023-01-12
CUS103219,22,Female,Ahmedabad,Returning,2025-06-18
CUS100146,23,Male,Ahmedabad,High Value,2024-09-04
CUS105630,32,Female,Ahmedabad,High Value,2023-08-17
CUS101986,57,Male,Kolkata,New,2023-08-07
CUS101369,26,Male,Hyderabad,High Value,2025-02-12
CUS106546,28,Female,Kolkata,High Value,2024-05-01
CUS106051,56,Female,Ahmedabad,Returning,2024-07-23
CUS107098,50,Female,Mumbai,Returning,2024-09-27
CUS102811,62,Male,Ahmedabad,New,2023-08-30
CUS100659,27,Female,Pune,High Value,2023-09-02
CUS101794,36,Male,Ahmedabad,New,2023-04-09
CUS107516,65,Male,Pune,New,2023-06-12
CUS102511,32,Male,Chennai,New,2024-11-18
CUS103397,35,Male,Chennai,New,2023-10-18
CUS104282,45,Female,Delhi,Loyal,2023-01-17
CUS101147,62,Male,Mumbai,New,2024-09-01
CUS103272,44,Female,Ahmedabad,Returning,2023-06-26
CUS100608,63,Female,Hyderabad,New,2024-12-28
CUS106287,41,Female,Ahmedabad,New,2024-02-15
CUS106895,40,Female,Hyderabad,New,2024-09-21
CUS103582,25,Female,Mumbai,High Value,2023-01-08
CUS101930,35,Male,Pune,Returning,2024-12-23
CUS107125,44,Female,Delhi,Returning,2025-04-17
CUS100197,55,Male,Hyderabad,High Value,2025-02-17
CUS107777,29,Female,Pune,New,2024-10-28
CUS102931,60,Female,Ahmedabad,Loyal,2023-06-25
CUS102327,48,Male,Hyderabad,Returning,2023-08-13
CUS104389,31,Male,Chennai,New,2024-09-29
CUS100766,37,Other,Pune,New,2025-05-16
CUS104496,45,Female,Mumbai,Returning,2024-04-28
CUS104218,26,Male,Kolkata,New,2023-12-10
CUS103255,38,Female,Ahmedabad,New,2024-04-06
CUS100202,36,Female,Hyderabad,Loyal,2023-12-16
CUS103510,51,Male,Mumbai,New,2024-12-09
CUS104931,55,Male,Pune,Returning,2023-02-01
CUS106390,53,Male,Kolkata,New,2025-05-15
CUS105535,19,Female,Ahmedabad,Returning,2023-01-06
CUS101733,64,Male,Pune,New,2024-12-27
CUS105791,44,Female,Bengaluru,New,2024-10-11
CUS102777,18,Other,Chennai,New,2023-04-05
CUS101707,20,Other,Mumbai,Returning,2024-03-10
CUS105172,31,Female,Bengaluru,Returning,2023-08-02
CUS105249,46,Female,Hyderabad,High Value,2023-08-20
CUS105757,20,Male,Delhi,Loyal,2023-05-04
CUS103474,52,Male,Hyderabad,New,2024-10-02
CUS106528,31,Male,Kolkata,New,2024-02-16
CUS107945,60,Female,Delhi,New,2024-04-04
CUS105855,32,Male,Mumbai,New,2023-03-03
CUS100854,25,Male,Delhi,Returning,2023-11-27
CUS105685,62,Female,Kolkata,New,2024-08-20
CUS106363,42,Male,Mumbai,Loyal,2024-07-10
CUS104737,62,Male,Bengaluru,New,2025-04-09
CUS104097,39,Male,Chennai,New,2023-04-30
CUS102160,28,Male,Delhi,Returning,2023-04-30
CUS100698,32,Male,Hyderabad,New,2024-11-29
CUS102999,54,Male,Delhi,Returning,2025-05-08
CUS103696,34,Female,Kolkata,Returning,2023-06-08
CUS101636,38,Female,Bengaluru,New,2025-02-11
CUS107280,26,Female,Hyderabad,Returning,2024-06-11
CUS107554,57,Female,Chennai,New,2024-02-18
CUS103457,52,Male,Chennai,Loyal,2025-01-22
CUS103581,45,Female,Pune,New,2025-05-21
CUS101291,57,Male,Delhi,New,2024-12-28
CUS104659,19,Female,Delhi,Returning,2024-08-30
CUS106585,37,Male,Kolkata,New,2025-03-12
CUS105616,60,Female,Delhi,New,2024-06-09
CUS101853,38,Male,Pune,High Value,2025-05-28
CUS105232,20,Female,Mumbai,Returning,2025-01-08
CUS103763,27,Male,Hyderabad,High Value,2025-04-26
CUS103304,36,Male,Delhi,High Value,2024-10-26
CUS105727,61,Male,Chennai,New,2024-10-01
CUS103743,64,Female,Mumbai,New,2023-09-21
CUS103445,40,Male,Pune,Returning,2024-03-03
CUS101998,27,Female,Kolkata,Returning,2024-02-18
CUS100663,19,Male,Mumbai,New,2024-09-02
CUS104779,51,Male,Bengaluru,High Value,2025-05-26
CUS105353,35,Female,Bengaluru,New,2024-09-29
CUS107962,44,Male,Bengaluru,Loyal,2024-12-19
CUS103748,62,Male,Kolkata,Loyal,2024-11-16
CUS104413,27,Other,Delhi,New,2023-12-27
CUS104744,42,Female,Pune,Loyal,2024-08-31
CUS105530,34,Female,Chennai,Returning,2025-05-21
CUS105575,58,Male,Mumbai,New,2024-07-11
CUS100709,54,Female,Hyderabad,Loyal,2023-10-13
CUS107526,33,Male,Mumbai,Returning,2023-03-31
CUS101282,64,Female,Pune,Returning,2023-12-10
CUS105864,56,Male,Chennai,Returning,2023-09-28
CUS105068,22,Other,Pune,Returning,2024-04-18
CUS102675,33,Male,Delhi,High Value,2023-04-02
CUS106776,22,Male,Bengaluru,New,2023-09-04
CUS104029,31,Female,Hyderabad,High Value,2023-06-03
CUS101306,63,Female,Mumbai,High Value,2023-08-19
CUS105496,19,Female,Kolkata,Returning,2024-12-20
CUS105504,52,Male,Hyderabad,Loyal,2023-08-11
CUS107392,41,Male,Delhi,Returning,2023-12-28
CUS102237,37,Female,Hyderabad,New,2023-10-04
CUS103302,34,Male,Pune,High Value,2024-09-10
CUS105592,34,Female,Pune,Returning,2023-09-17
CUS107515,46,Female,Kolkata,New,2024-05-31
CUS102038,19,Other,Delhi,High Value,2024-07-15
CUS101529,57,Male,Hyderabad,New,2023-05-03
CUS101663,63,Male,Hyderabad,New,2023-01-26
CUS105450,21,Male,Bengaluru,New,2024-06-04
CUS107965,55,Male,Ahmedabad,High Value,2023-01-31
CUS103627,44,Other,Mumbai,New,2025-02-22
CUS105739,22,Other,Pune,High Value,2025-03-29
CUS105147,49,Female,Kolkata,Loyal,2024-10-06
CUS104891,29,Male,Ahmedabad,Loyal,2023-06-19
CUS102693,24,Male,Kolkata,Loyal,2023-11-03
CUS103060,52,Other,Bengaluru,Returning,2023-09-08
CUS101597,60,Male,Chennai,High Value,2025-03-30
CUS106700,42,Female,Kolkata,High Value,2023-11-26
CUS102729,47,Male,Mumbai,New,2024-02-14
CUS102625,42,Male,Delhi,Returning,2024-11-14
CUS105915,54,Female,Delhi,Loyal,2024-08-23
CUS103157,23,Female,Chennai,New,2024-10-28
CUS103314,42,Male,Pune,New,2024-07-12
CUS101722,65,Male,Pune,Returning,2023-04-21
CUS105279,42,Female,Pune,High Value,2023-12-31
CUS106668,45,Female,Kolkata,High Value,2024-04-26
CUS101059,37,Male,Chennai,Returning,2023-06-05
CUS104636,27,Female,Ahmedabad,New,2024-02-23
CUS103242,40,Female,Hyderabad,New,2023-08-31
CUS101678,35,Male,Bengaluru,New,2023-05-09
CUS106892,38,Female,Kolkata,High Value,2024-08-05
CUS106374,47,Female,Hyderabad,Loyal,2023-10-04
CUS107574,18,Female,Bengaluru,New,2025-02-12
CUS106628,39,Female,Hyderabad,New,2024-05-01
CUS101757,61,Female,Pune,New,2024-01-11
CUS106019,58,Female,Chennai,High Value,2024-06-26
CUS104191,38,Female,Chennai,New,2023-09-22
CUS105116,47,Male,Chennai,New,2023-11-05
CUS100563,46,Female,Delhi,High Value,2023-08-19
CUS107408,43,Female,Bengaluru,New,2024-02-25
CUS102790,20,Male,Bengaluru,Loyal,2023-04-20
CUS100863,19,Male,Bengaluru,New,2023-10-05
CUS107742,49,Female,Mumbai,Loyal,2024-01-11
CUS107858,60,Male,Kolkata,Loyal,2024-12-04
CUS101484,39,Female,Bengaluru,Loyal,2024-01-28
CUS107035,63,Male,Chennai,Loyal,2024-05-22
CUS107721,56,Male,Kolkata,Loyal,2024-08-31
CUS105977,58,Female,Hyderabad,Returning,2023-01-21
CUS105134,52,Male,Kolkata,New,2024-02-18
CUS100206,61,Male,Hyderabad,New,2025-01-21
CUS104488,33,Male,Hyderabad,Loyal,2024-03-08
CUS106938,29,Female,Ahmedabad,New,2024-03-13
CUS100870,61,Male,Ahmedabad,Loyal,2024-12-27
CUS104493,50,Female,Ahmedabad,Loyal,2023-01-30
CUS106910,29,Female,Kolkata,Returning,2023-07-07
CUS100502,42,Male,Ahmedabad,New,2025-03-07
CUS107385,53,Male,Pune,Returning,2023-10-06
CUS101028,31,Male,Hyderabad,New,2023-07-03
CUS103840,64,Female,Ahmedabad,Returning,2025-02-20
CUS102690,38,Male,Mumbai,Loyal,2023-02-13
CUS105581,63,Male,Ahmedabad,Loyal,2024-01-15
CUS106756,36,Female,Ahmedabad,New,2023-11-12
CUS107906,53,Female,Ahmedabad,Loyal,2023-10-07
CUS105056,24,Male,Bengaluru,Returning,2023-09-20
CUS101570,60,Male,Pune,Loyal,2024-09-17
CUS102773,34,Female,Bengaluru,Returning,2024-08-18
CUS105991,56,Male,Mumbai,Loyal,2023-09-28
CUS102731,39,Female,Kolkata,New,2024-06-07
CUS106242,61,Male,Mumbai,High Value,2025-02-06
CUS100804,47,Male,Pune,New,2024-11-24
CUS105847,31,Female,Mumbai,Returning,2024-10-16
CUS103645,40,Female,Kolkata,Loyal,2023-10-18
CUS102454,22,Female,Mumbai,Returning,2023-02-25
CUS104598,47,Male,Pune,New,2024-01-03
CUS107215,51,Female,Pune,Loyal,2024-05-16
CUS103104,20,Female,Bengaluru,New,2024-05-08
CUS107073,49,Female,Mumbai,Loyal,2024-08-04
CUS104875,52,Female,Hyderabad,Returning,2024-07-30
CUS105959,54,Male,Ahmedabad,New,2025-01-16
CUS100200,53,Male,Chennai,Loyal,2024-10-19
CUS106278,60,Male,Ahmedabad,Loyal,2023-02-23
CUS103099,40,Male,Pune,Returning,2024-04-15
CUS106184,42,Other,Delhi,High Value,2023-07-15
CUS107161,63,Female,Delhi,New,2025-01-03
CUS102278,26,Male,Ahmedabad,Returning,2025-03-25
CUS103561,19,Male,Hyderabad,High Value,2025-06-04
CUS105892,28,Male,Delhi,Loyal,2023-08-02
CUS104474,44,Other,Delhi,Loyal,2023-06-26
CUS106432,41,Female,Hyderabad,Returning,2024-05-30
CUS104514,58,Female,Bengaluru,New,2025-05-01
CUS105794,39,Male,Mumbai,Returning,2024-01-12
CUS100391,51,Female,Kolkata,New,2024-05-01
CUS106736,43,Male,Pune,Loyal,2023-08-28
CUS105618,33,Male,Chennai,New,2025-02-19
CUS105258,56,Male,Delhi,New,2023-09-04
CUS107230,20,Male,Mumbai,New,2023-03-15
CUS101495,33,Female,Kolkata,New,2025-01-03
CUS102695,27,Female,Kolkata,New,2024-04-06
CUS102027,35,Female,Kolkata,New,2023-02-20
CUS105248,21,Male,Delhi,Loyal,2024-10-23
CUS105463,46,Male,Ahmedabad,New,2023-06-21
CUS102568,65,Male,Mumbai,Loyal,2023-11-02
CUS100064,33,Female,Kolkata,Returning,2024-08-24
CUS103884,63,Male,Pune,Loyal,2025-04-22
CUS102062,39,Male,Mumbai,New,2023-06-04
CUS105276,51,Male,Mumbai,New,2024-10-25
CUS107208,42,Male,Ahmedabad,New,2025-01-08
CUS100492,53,Male,Bengaluru,Returning,2023-01-13
CUS100379,42,Male,Chennai,New,2023-12-06
CUS106331,25,Male,Mumbai,Returning,2024-04-13
CUS104859,26,Female,Kolkata,New,2024-02-20
CUS106360,25,Male,Mumbai,New,2023-06-17
CUS103993,55,Female,Delhi,New,2025-03-26
CUS104887,47,Male,Chennai,Loyal,2024-01-08
CUS101076,39,Male,Kolkata,High Value,2023-11-13
CUS100878,49,Male,Mumbai,New,2023-06-11
CUS100337,39,Female,Delhi,New,2024-04-14
CUS107916,28,Male,Pune,Loyal,2023-10-08
CUS106863,24,Male,Chennai,High Value,2024-08-05
CUS107892,33,Male,Delhi,New,2023-06-23
CUS106439,25,Female,Delhi,New,2024-12-28
CUS107869,41,Female,Hyderabad,Loyal,2023-10-19
CUS101016,63,Male,Chennai,Loyal,2023-05-30
CUS101275,35,Female,Delhi,Returning,2023-01-21
CUS103798,50,Male,Kolkata,Returning,2024-05-04
CUS107629,60,Female,Chennai,Returning,2023-05-08
CUS104551,44,Female,Bengaluru,High Value,2023-06-17
CUS103342,54,Male,Hyderabad,New,2023-07-30
CUS104911,40,Male,Ahmedabad,New,2025-03-23
CUS106413,30,Female,Hyderabad,Loyal,2023-10-06
CUS100995,37,Female,Hyderabad,Loyal,2025-02-13
CUS101981,32,Male,Ahmedabad,New,2023-08-05
CUS104297,30,Female,Ahmedabad,Returning,2023-09-28
CUS100161,55,Male,Chennai,New,2023-12-27
CUS105675,61,Female,Mumbai,Returning,2024-06-11
CUS106873,20,Female,Bengaluru,New,2024-06-10
CUS106545,45,Other,Delhi,New,2024-05-02
CUS104798,49,Female,Mumbai,Loyal,2024-12-12
CUS101500,36,Male,Hyderabad,New,2024-11-19
CUS107989,42,Male,Delhi,Loyal,2025-02-06
CUS103843,50,Male,Hyderabad,Loyal,2024-03-28
CUS105225,34,Female,Ahmedabad,Returning,2024-03-14
CUS102613,33,Female,Ahmedabad,Returning,2023-10-02
CUS103461,48,Female,Kolkata,High Value,2024-04-21
CUS101021,50,Male,Pune,Loyal,2023-10-15
CUS103073,64,Male,Delhi,New,2023-09-12
CUS107555,55,Male,Hyderabad,High Value,2024-05-01
CUS103943,38,Female,Kolkata,New,2024-03-18
CUS101585,43,Male,Bengaluru,Returning,2025-05-06
CUS101955,63,Male,Mumbai,Returning,2025-06-09
CUS103152,47,Male,Hyderabad,Loyal,2024-01-16
CUS106349,58,Male,Hyderabad,New,2023-08-23
CUS100034,27,Female,Delhi,High Value,2024-07-06
CUS104014,39,Female,Hyderabad,New,2024-07-06
CUS100775,58,Male,Mumbai,Loyal,2024-05-30
CUS102556,43,Male,Ahmedabad,Returning,2025-02-14
CUS107595,19,Female,Kolkata,Returning,2024-09-25
CUS101478,19,Female,Delhi,Returning,2023-11-04
CUS107099,26,Other,Delhi,Loyal,2023-08-17
CUS105486,22,Female,Delhi,New,2025-02-10
CUS106235,38,Male,Ahmedabad,New,2023-06-26
CUS101363,28,Female,Chennai,New,2024-01-27
CUS107041,64,Female,Hyderabad,New,2024-02-15
CUS102612,27,Other,Bengaluru,New,2023-06-22
CUS107513,39,Male,Pune,New,2023-05-23
CUS102824,59,Male,Kolkata,New,2024-05-17
CUS102041,65,Female,Mumbai,Loyal,2023-12-05
CUS100241,31,Other,Kolkata,Loyal,2023-10-18
CUS102061,37,Male,Delhi,New,2024-12-10
CUS102363,28,Male,Pune,Loyal,2025-01-15
CUS100600,63,Female,Kolkata,Loyal,2025-02-20
CUS102435,64,Male,Bengaluru,New,2025-04-24
CUS105393,63,Male,Chennai,New,2024-02-27
CUS106310,65,Male,Hyderabad,New,2023-03-18
CUS102888,46,Female,Delhi,New,2024-06-20
CUS106164,52,Male,Delhi,Loyal,2025-06-03
CUS100646,63,Male,Pune,New,2024-06-20
CUS103890,59,Male,Delhi,New,2023-06-17
CUS103556,57,Male,Kolkata,Loyal,2024-04-30
CUS103202,26,Female,Mumbai,New,2023-02-02
CUS101528,43,Male,Pune,High Value,2023-03-14
CUS106975,49,Male,Kolkata,New,2023-04-02
CUS101267,54,Female,Bengaluru,Loyal,2025-06-03
CUS107734,40,Female,Mumbai,Returning,2024-05-27
CUS101899,40,Female,Kolkata,New,2024-05-23
CUS104658,28,Male,Pune,Returning,2023-07-24
CUS103005,48,Male,Chennai,Loyal,2025-01-19
CUS102734,36,Female,Kolkata,New,2025-02-25
CUS107101,22,Male,Delhi,High Value,2024-12-09
CUS100189,20,Male,Mumbai,Loyal,2023-12-26
CUS101806,62,Female,Mumbai,Returning,2023-07-01
CUS100975,35,Other,Bengaluru,New,2024-11-29
CUS102747,44,Male,Mumbai,Returning,2024-08-07
CUS107643,44,Female,Delhi,Loyal,2023-12-28
CUS102047,61,Other,Bengaluru,New,2023-11-05
CUS107849,26,Female,Delhi,New,2023-10-31
CUS102558,21,Male,Mumbai,New,2023-05-18
CUS101082,37,Female,Bengaluru,Loyal,2025-01-13
CUS100474,39,Male,Delhi,Loyal,2023-06-23
CUS107728,55,Male,Pune,Returning,2023-10-27
CUS102904,59,Male,Mumbai,New,2025-05-18
CUS104843,64,Female,Pune,New,2023-11-10
CUS106396,64,Female,Hyderabad,New,2025-05-07
CUS104117,63,Female,Hyderabad,New,2025-06-18
CUS103385,22,Male,Ahmedabad,Returning,2024-05-08
CUS104555,46,Female,Kolkata,New,2023-04-04
CUS101184,23,Female,Pune,New,2025-05-23
CUS106420,59,Male,Bengaluru,Returning,2024-01-17
CUS105051,39,Male,Chennai,New,2023-11-10
CUS105311,36,Female,Ahmedabad,Loyal,2025-03-22
CUS102433,24,Female,Kolkata,New,2023-02-23
CUS106949,45,Female,Hyderabad,New,2025-04-16
CUS107581,22,Female,Delhi,New,2023-07-31
CUS105611,50,Female,Kolkata,Loyal,2025-01-01
CUS102391,53,Female,Ahmedabad,Returning,2025-03-23
CUS100769,25,Male,Kolkata,High Value,2025-02-20
CUS107476,61,Other,Chennai,Loyal,2023-04-13
CUS101685,43,Male,Pune,Loyal,2023-03-07
CUS100130,47,Male,Kolkata,High Value,2024-05-24
CUS107831,34,Male,Chennai,New,2023-08-24
CUS102919,42,Female,Bengaluru,New,2023-06-22
CUS103171,36,Female,Kolkata,New,2023-06-25
CUS103444,56,Female,Bengaluru,Returning,2024-03-03
CUS106231,21,Male,Hyderabad,New,2023-11-10
CUS105578,45,Male,Kolkata,Loyal,2025-02-05
CUS104426,23,Female,Chennai,Returning,2023-10-06
CUS100466,50,Female,Pune,Loyal,2025-03-07
CUS106265,32,Female,Chennai,New,2024-03-16
CUS105734,35,Male,Chennai,New,2024-04-12
CUS105191,54,Male,Hyderabad,Loyal,2025-05-26
CUS105390,18,Male,Pune,New,2023-05-07
CUS100860,25,Female,Chennai,Loyal,2023-11-12
CUS107270,24,Other,Kolkata,New,2024-09-05
